K03455.1	1	Human immunodeficiency virus type 1 (HXB2), complete genome; HIV1/HTLV-III/LAV reference genome
MH705157.1	0	HIV-1 isolate P4039 from Democratic Republic of the Congo, complete genome
DQ396400.1	0	HIV-1 isolate 04ZASK162B1 from South Africa, complete genome
KU168256.1	0	HIV-1 isolate LA01AlPr from Democratic Republic of the Congo, complete genome
MH705158.1	0	HIV-1 isolate 2106 from Democratic Republic of the Congo, complete genome
MH705151.1	0	HIV-1 isolate 70641 from Democratic Republic of the Congo, complete genome
MH705153.1	0	HIV-1 isolate PBS6126 from Democratic Republic of the Congo, complete genome
MH705133.1	0	HIV-1 isolate PBS888 from Democratic Republic of the Congo, complete genome
KU168305.1	0	HIV-1 isolate CM54-7 from Cameroon, complete genome
MN153491.1	0	HIV-1 isolate 06CMLPH19C17 from Cameroon, complete genome
KP718918.1	0	HIV-1 isolate 46-10 from Cameroon, complete genome
KP718928.1	0	HIV-1 isolate 886-24 from Cameroon, complete genome
MT349418.1	0	HIV-1 isolate 11CMMDC241 from Cameroon, partial genome
FJ670519.1	0	HIV-1 strain ES X1608-8 from Spain, complete genome
KY496622.1	0	HIV-1 isolate 100 117 from Spain, partial genome
KT152846.1	0	HIV-1 isolate NARI-FLS_VB99-30 from India gag protein (gag) gene, complete cds; pol protein (pol) gene, partial cds; vif protein (vif), vpr protein (vpr), tat protein (tat), and rev protein (rev) genes, complete cds; nonfunctional vpu protein (vpu) gene, complete sequence; and envelope glycoprotein (env) and nef protein (nef) genes, complete cds
KT152839.1	0	HIV-1 isolate NARI-FLS_IVC19-1 from India gag protein (gag) gene, complete cds; pol protein (pol) gene, partial cds; and vif protein (vif), vpr protein (vpr), tat protein (tat), rev protein (rev), vpu protein (vpu), envelope glycoprotein (env), and nef protein (nef) genes, complete cds
KT152840.1	0	HIV-1 isolate NARI-FLS_VB6 from India gag protein (gag) gene, complete cds; pol protein (pol) gene, partial cds; and vif protein (vif), vpr protein (vpr), tat protein (tat), rev protein (rev), vpu protein (vpu), envelope glycoprotein (env), and nef protein (nef) genes, complete cds
KT152844.1	0	HIV-1 isolate NARI-FLS_VB81-12 from India gag protein (gag) gene, complete cds; pol protein (pol) gene, partial cds; and vif protein (vif), vpr protein (vpr), tat protein (tat), rev protein (rev), vpu protein (vpu), envelope glycoprotein (env), and nef protein (nef) genes, complete cds
EU110095.1	0	HIV-1 isolate ML1901PCR2 from Kenya, complete genome
EU110088.1	0	HIV-1 isolate ML1945 from Kenya, complete genome
EU110092.1	0	HIV-1 isolate ML1990 from Kenya, complete genome
EU110094.1	0	HIV-1 isolate ML2014 from Kenya, complete genome
KF716474.1	0	HIV-1 isolate DEMA111KE002 from Kenya gag protein (gag) gene, complete cds; pol protein (pol) gene, partial cds; and vif protein (vif), vpr protein (vpr), tat protein (tat), rev protein (rev), vpu protein (vpu), envelope glycoprotein (env), and nef protein (nef) genes, complete cds
KF716475.1	0	HIV-1 isolate DEMA11KE001 from Kenya gag protein (gag) gene, complete cds; pol protein (pol) gene, partial cds; and vif protein (vif), vpr protein (vpr), tat protein (tat), rev protein (rev), vpu protein (vpu), envelope glycoprotein (env), and nef protein (nef) genes, complete cds
AF539405.1	0	HIV-1 isolate ML170-1986 from Kenya gag protein (gag) gene, complete cds; pol protein (pol) gene, partial cds; and vif protein (vif), vpr protein (vpr), tat protein (tat), rev protein (rev), vpu protein (vpu), envelope protein (env), and nef protein (nef) genes, complete cds
AF004885.1	0	HIV-1 isolate Q23-17 from Kenya, complete genome
AY322185.1	0	HIV-1 isolate ML013-2-1997 from Kenya, complete genome
AY322190.1	0	HIV-1 isolate ML605-3-1997 from Kenya, complete genome
AY322193.1	0	HIV-1 isolate ML752-3-1997 from Kenya, complete genome
KU749411.1	0	HIV-1 isolate DEMA114PK013 from Pakistan, partial genome
KX232594.1	0	HIV-1 isolate PK001 from Pakistan, complete genome
KX232595.1	0	HIV-1 isolate PK002 from Pakistan, complete genome
KX232597.1	0	HIV-1 isolate PK004 from Pakistan, complete genome
KX232600.1	0	HIV-1 isolate PK007 from Pakistan, complete genome
KX232607.1	0	HIV-1 isolate PK014 from Pakistan, complete genome
KX232609.1	0	HIV-1 isolate PK016 from Pakistan, complete genome
KX232610.1	0	HIV-1 isolate PK017 from Pakistan, complete genome
KX232611.1	0	HIV-1 isolate PK018 from Pakistan, complete genome
KX232613.1	0	HIV-1 isolate PK020 from Pakistan, complete genome
KX232614.1	0	HIV-1 isolate PK021 from Pakistan, complete genome
KX232618.1	0	HIV-1 isolate PK026 from Pakistan, complete genome
KX232620.1	0	HIV-1 isolate PK030 from Pakistan, complete genome
KX232624.1	0	HIV-1 isolate PK034 from Pakistan, complete genome
KX232626.1	0	HIV-1 isolate PK036 from Pakistan, complete genome
MT942764.1	0	HIV-1 isolate 175019_1 from Rwanda, complete genome
MT942708.1	0	HIV-1 isolate 175005_2 from Rwanda, complete genome
MT942776.1	0	HIV-1 isolate 175020_1 from Rwanda, complete genome
MT942744.1	0	HIV-1 isolate 175014_11 from Rwanda, complete genome
MT942721.1	0	HIV-1 isolate 175010_1 from Rwanda, complete genome
MT942795.1	0	HIV-1 isolate 175027_4 from Rwanda, complete genome
MT942807.1	0	HIV-1 isolate 175059_1 from Rwanda, complete genome
JX236677.1	0	HIV-1 isolate pR463F from Rwanda gag protein (gag) gene, complete cds; pol protein (pol) gene, partial cds; and vif protein (vif), vpr protein (vpr), tat protein (tat), rev protein (rev), vpu protein (vpu), envelope glycoprotein (env), and nef protein (nef) genes, complete cds
JX236678.1	0	HIV-1 isolate pR880F from Rwanda gag protein (gag) gene, complete cds; pol protein (pol) gene, partial cds; and vif protein (vif), vpr protein (vpr), tat protein (tat), rev protein (rev), vpu protein (vpu), envelope glycoprotein (env), and nef protein (nef) genes, complete cds
KU749424.1	0	HIV-1 isolate DEMA108RW010 from Rwanda, partial genome
MT942842.1	0	HIV-1 isolate 175071_P1_1 from Rwanda, complete genome
MT942826.1	0	HIV-1 isolate 175062_1 from Rwanda, complete genome
MT942889.1	0	HIV-1 isolate 175079_1 from Rwanda, complete genome
MT942875.1	0	HIV-1 isolate 175074_P1_11 from Rwanda, complete genome
MT942915.1	0	HIV-1 isolate 175090_1 from Rwanda, complete genome
MT942931.1	0	HIV-1 isolate 175092_4 from Rwanda, complete genome
MT942947.1	0	HIV-1 isolate 175094_10 from Rwanda, complete genome
KF716472.1	0	HIV-1 isolate DEMA111RW002 from Rwanda gag protein (gag) gene, complete cds; pol protein (pol) gene, partial cds; and vif protein (vif), vpr protein (vpr), tat protein (tat), rev protein (rev), vpu protein (vpu), envelope glycoprotein (env), and nef protein (nef) genes, complete cds
AB253421.1	0	Human immunodeficiency virus 1 proviral DNA, complete genome, clone: p92RW008A04
AB287376.1	0	Human immunodeficiency virus 1 proviral DNA, complete genome, clone: p92RW025A17
AB287379.1	0	Human immunodeficiency virus 1 proviral DNA, complete genome, clone: p93RW037A92
AF107771.1	0	HIV-1 isolate SE8131 from Sweden, complete genome
KY658694.1	0	HIV-1 isolate DEMA108TZ002 from Tanzania, partial genome
KY658695.1	0	HIV-1 isolate DEMA108TZ004 from Tanzania, partial genome
KY658696.1	0	HIV-1 isolate DEMA108TZ012 from Tanzania, partial genome
AF361873.1	0	HIV-1 isolate 97TZ03 from Tanzania gag protein (gag), truncated pol protein (pol), vif protein (vif), vpr protein (vpr), tat protein (tat), rev protein (rev), vpu protein (vpu), envelope glycoprotein (env), and nef protein (nef) genes, complete cds
JX236669.1	0	HIV-1 isolate p191084 from Uganda gag protein (gag) gene, complete cds; pol protein (pol) gene, partial cds; vif protein (vif), vpr protein (vpr), tat protein (tat), rev protein (rev), vpu protein (vpu), and envelope glycoprotein (env) genes, complete cds; and nonfunctional nef protein (nef) gene, complete sequence
JX236671.1	0	HIV-1 isolate p191845 from Uganda gag protein (gag) gene, complete cds; pol protein (pol) gene, partial cds; vif protein (vif), vpr protein (vpr), tat protein (tat), rev protein (rev), vpu protein (vpu), and envelope glycoprotein (env) genes, complete cds; and nonfunctional nef protein (nef) gene, complete sequence
JX236676.1	0	HIV-1 isolate p9004SDM from Uganda gag protein (gag) gene, complete cds; pol protein (pol) gene, partial cds; and vif protein (vif), vpr protein (vpr), tat protein (tat), rev protein (rev), vpu protein (vpu), envelope glycoprotein (env), and nef protein (nef) genes, complete cds
KF716478.1	0	HIV-1 isolate DEMA109UG001 from Uganda gag protein (gag) gene, complete cds; pol protein (pol) gene, partial cds; and vif protein (vif), vpr protein (vpr), tat protein (tat), rev protein (rev), vpu protein (vpu), envelope glycoprotein (env), and nef protein (nef) genes, complete cds
KP109490.1	0	HIV-1 isolate DEMA109UG017 from Uganda gag protein (gag) gene, complete cds; pol protein (pol) gene, partial cds; and vif protein (vif), vpr protein (vpr), tat protein (tat), rev protein (rev), vpu protein (vpu), envelope glycoprotein (env), and nef protein (nef) genes, complete cds
KF859745.1	0	HIV-1 isolate DEMA110UG001 from Uganda gag protein (gag) gene, complete cds; pol protein (pol) gene, partial cds; and vif protein (vif), vpr protein (vpr), tat protein (tat), rev protein (rev), vpu protein (vpu), envelope glycoprotein (env), and nef protein (nef) genes, complete cds
KF716486.1	0	HIV-1 isolate DEMA110UG009 from Uganda gag protein (gag) gene, complete cds; pol protein (pol) gene, partial cds; and vif protein (vif), vpr protein (vpr), tat protein (tat), rev protein (rev), vpu protein (vpu), envelope glycoprotein (env), and nef protein (nef) genes, complete cds
M62320.1	0	Human immunodeficiency virus type 1 Ugandan isolate U455, complete proviral genome
OP039451.1	0	UNVERIFIED: HIV-1 isolate 002370 from Uganda genomic sequence
OP039454.1	0	UNVERIFIED: HIV-1 isolate 002376 from Uganda genomic sequence
OP039455.1	0	UNVERIFIED: HIV-1 isolate 002378 from Uganda genomic sequence
OP039467.1	0	UNVERIFIED: HIV-1 isolate 002399 from Uganda genomic sequence
OP039468.1	0	UNVERIFIED: HIV-1 isolate 002400 from Uganda genomic sequence
OP039473.1	0	UNVERIFIED: HIV-1 isolate 002408 from Uganda genomic sequence
OP039474.1	0	UNVERIFIED: HIV-1 isolate 002409 from Uganda genomic sequence
OP039477.1	0	UNVERIFIED: HIV-1 isolate 002415 from Uganda genomic sequence
OP039479.1	0	UNVERIFIED: HIV-1 isolate 002419 from Uganda genomic sequence
OP039481.1	0	UNVERIFIED: HIV-1 isolate 002424 from Uganda genomic sequence
OP039485.1	0	UNVERIFIED: HIV-1 isolate 002429 from Uganda genomic sequence
OP039384.1	0	UNVERIFIED: HIV-1 isolate 2034 from Uganda genomic sequence
OP039408.1	0	UNVERIFIED: HIV-1 isolate 2077 from Uganda genomic sequence
AB253429.1	0	Human immunodeficiency virus 1 proviral DNA, complete genome, clone: p92UG037A40
AB098333.1	0	Human immunodeficiency virus 1 proviral DNA, complete genome, clone:pUG029-A4
AB098331.1	0	Human immunodeficiency virus 1 proviral DNA, complete genome, clone:pUG031-A2
AB485632.1	0	Human immunodeficiency virus 1 proviral DNA, complete genome, clone: pPRD320-01A44
MH705163.1	0	HIV-1 isolate PBS1195 from Democratic Republic of the Congo, complete genome
AF286238.1	0	HIV-1 isolate 97CDKTB48 from Republic of the Congo, complete genome
AF286237.1	0	HIV-1 isolate 94CY017.41 from Cyprus, complete genome
AM000053.1	0	Human immunodeficiency virus type 1 complete genome, subtype A4, isolate 97CD.KCC2
MN485977.1	0	HIV-1 isolate AG from Belgium, complete genome
KT983615.1	0	HIV-1 isolate PV85 from Belarus, partial genome
EU861977.1	0	HIV-1 isolate 60000 from Italy, complete genome
EF545108.1	0	HIV-1 isolate RU00051 from Russia, complete genome
JQ292895.1	0	HIV-1 isolate RU_560_1125_JA from Russia gag protein (gag) gene, complete cds; pol protein (pol) gene, partial cds; and vif protein (vif), vpr protein (vpr), tat protein (tat), rev protein (rev), vpu protein (vpu), envelope glycoprotein (env), and nef protein (nef) genes, complete cds
JQ292896.1	0	HIV-1 isolate RU_915_1016 from Russia gag protein (gag) gene, complete cds; pol protein (pol) gene, partial cds; and vif protein (vif), vpr protein (vpr), tat protein (tat), rev protein (rev), vpu protein (vpu), envelope glycoprotein (env), and nef protein (nef) genes, complete cds
JQ292897.1	0	HIV-1 isolate RU_915_1035 from Russia gag protein (gag) gene, complete cds; pol protein (pol) gene, partial cds; and vif protein (vif), vpr protein (vpr), tat protein (tat), rev protein (rev), vpu protein (vpu), envelope glycoprotein (env), and nef protein (nef) genes, complete cds
JQ292898.1	0	HIV-1 isolate RU_915_1038 from Russia gag protein (gag) gene, complete cds; pol protein (pol) gene, partial cds; and vif protein (vif), vpr protein (vpr), tat protein (tat), rev protein (rev), vpu protein (vpu), envelope glycoprotein (env), and nef protein (nef) genes, complete cds
JQ292899.1	0	HIV-1 isolate RU_915_1041 from Russia gag protein (gag) gene, complete cds; pol protein (pol) gene, partial cds; and vif protein (vif), vpr protein (vpr), tat protein (tat), rev protein (rev), vpu protein (vpu), envelope glycoprotein (env), and nef protein (nef) genes, complete cds
JQ292900.1	0	HIV-1 isolate RU_SP_B_049 from Russia gag protein (gag) gene, complete cds; pol protein (pol) gene, partial cds; vif protein (vif), vpr protein (vpr), tat protein (tat), rev protein (rev), vpu protein (vpu), and envelope glycoprotein (env) genes, complete cds; and nonfunctional nef protein (nef) gene, complete sequence
JQ292891.1	0	HIV-1 isolate Irkutsk_5 from Russia gag protein (gag) gene, complete cds; pol protein (pol) gene, partial cds; vif protein (vif), vpr protein (vpr), tat protein (tat), rev protein (rev), vpu protein (vpu), and envelope glycoprotein (env) genes, complete cds; and nonfunctional nef protein (nef) gene, complete sequence
KF716491.1	0	HIV-1 isolate DEMA108RU003 from Russia gag protein (gag) gene, complete cds; pol protein (pol) gene, partial cds; and vif protein (vif), vpr protein (vpr), tat protein (tat), rev protein (rev), vpu protein (vpu), envelope glycoprotein (env), and nef protein (nef) genes, complete cds
KF716492.1	0	HIV-1 isolate DEMA108RU004 from Russia gag protein (gag) gene, complete cds; nonfunctional pol protein (pol) gene, partial sequence; and vif protein (vif), vpr protein (vpr), tat protein (tat), rev protein (rev), vpu protein (vpu), envelope glycoprotein (env), and nef protein (nef) genes, complete cds
KY238327.1	0	HIV-1 isolate MSK_SK_006-2 from Russia gag protein (gag) gene, complete cds; pol protein (pol) gene, partial cds; and vif protein (vif), vpr protein (vpr), tat protein (tat), rev protein (rev), vpu protein (vpu), envelope glycoprotein (env), and nef protein (nef) genes, complete cds
FJ864679.1	0	HIV-1 isolate PokA79Ru from Russia, complete genome
JQ292893.1	0	HIV-1 isolate RUA001 from Russia gag protein (gag) gene, complete cds; pol protein (pol) gene, partial cds; and vif protein (vif), vpr protein (vpr), tat protein (tat), rev protein (rev), vpu protein (vpu), envelope glycoprotein (env), and nef protein (nef) genes, complete cds
JQ292894.1	0	HIV-1 isolate RUA007 from Russia gag protein (gag) gene, complete cds; pol protein (pol) gene, partial cds; and vif protein (vif), vpr protein (vpr), tat protein (tat), rev protein (rev), vpu protein (vpu), envelope glycoprotein (env), and nef protein (nef) genes, complete cds
JX500696.1	0	HIV-1 isolate 10RU6617 from Russia, partial genome
JX500695.1	0	HIV-1 isolate 10RU6792 from Russia, partial genome
JX500694.1	0	HIV-1 isolate 11RU6950 from Russia, partial genome
MH330347.1	0	HIV-1 isolate BLG015 from Russia, complete genome
MH330348.1	0	HIV-1 isolate BLG032 from Russia, complete genome
MH330349.1	0	HIV-1 isolate BLG033 from Russia, complete genome
MH330350.1	0	HIV-1 isolate BLG035 from Russia, complete genome
MH330351.1	0	HIV-1 isolate BLG038 from Russia, complete genome
MH330352.1	0	HIV-1 isolate BLG041 from Russia, complete genome
MH330353.1	0	HIV-1 isolate BLG043 from Russia, complete genome
MH330354.1	0	HIV-1 isolate BLG044 from Russia, complete genome
MH330355.1	0	HIV-1 isolate BLG045 from Russia, complete genome
MH330356.1	0	HIV-1 isolate BLG051 from Russia, complete genome
MH330358.1	0	HIV-1 isolate IRK014 from Russia, complete genome
MH330359.1	0	HIV-1 isolate IRK025 from Russia, complete genome
MH330361.1	0	HIV-1 isolate IRK028 from Russia, complete genome
MH330363.1	0	HIV-1 isolate IRK030 from Russia, complete genome
MH330364.1	0	HIV-1 isolate IRK031 from Russia, complete genome
MH330367.1	0	HIV-1 isolate IRK039 from Russia, complete genome
MZ427747.1	0	HIV-1 isolate RU_ERS_234_2012 from Russia, complete genome
MG902950.1	0	HIV-1 isolate ARH001 from Russia, complete genome
MG902951.1	0	HIV-1 isolate ARH011 from Russia, complete genome
MH330337.1	0	HIV-1 isolate ARH028 from Russia, complete genome
MH330339.1	0	HIV-1 isolate ARH033 from Russia, complete genome
MH330340.1	0	HIV-1 isolate ARH036 from Russia, complete genome
MH330341.1	0	HIV-1 isolate ARH042 from Russia, complete genome
MH330342.1	0	HIV-1 isolate ARH047 from Russia, complete genome
MH330344.1	0	HIV-1 isolate ARH061 from Russia, complete genome
MH330345.1	0	HIV-1 isolate ARH066 from Russia, complete genome
MH330346.1	0	HIV-1 isolate ARH068 from Russia, complete genome
MH330370.1	0	HIV-1 isolate MRK030 from Russia, complete genome
MH330371.1	0	HIV-1 isolate MRK054 from Russia, complete genome
MH330372.1	0	HIV-1 isolate MRK056 from Russia, complete genome
MH330373.1	0	HIV-1 isolate MRK063 from Russia, complete genome
MH330374.1	0	HIV-1 isolate MRK067 from Russia, complete genome
MH330375.1	0	HIV-1 isolate MRK068 from Russia, complete genome
MH330376.1	0	HIV-1 isolate MRK075 from Russia, complete genome
MH330377.1	0	HIV-1 isolate MRK078 from Russia, complete genome
MH330378.1	0	HIV-1 isolate MRK079 from Russia, complete genome
MN703135.1	0	HIV-1 isolate DEMA614RU011 from Russia, complete genome
MT222945.1	0	HIV-1 isolate DEMA614RU015 from Russia, complete genome
MT222946.1	0	HIV-1 isolate DEMA614RU017 from Russia, complete genome
MT222947.1	0	HIV-1 isolate DEMA614RU018 from Russia, complete genome
MN703136.1	0	HIV-1 isolate DEMA614RU019 from Russia, complete genome
MT222948.1	0	HIV-1 isolate DEMA614RU024 from Russia, complete genome
MN703137.1	0	HIV-1 isolate DEMA614RU025 from Russia, complete genome
MH330379.1	0	HIV-1 isolate MRK086 from Russia, complete genome
MH330380.1	0	HIV-1 isolate MRK087 from Russia, complete genome
MH330381.1	0	HIV-1 isolate MRK097 from Russia, complete genome
MZ427727.1	0	HIV-1 isolate RU_ERS_726_2014 from Russia, complete genome
MT222949.1	0	HIV-1 isolate DEMA615RU028 from Russia, complete genome
MZ427755.1	0	HIV-1 isolate RU_ERS_3013_2015 from Russia, complete genome
MT318157.1	0	HIV-1 isolate RU_ERS_551_2015 from Russia, complete genome
MT334907.1	0	HIV-1 isolate RU_ERS_605_2015 from Russia, complete genome
MZ427717.1	0	HIV-1 isolate RU_ERS_609_2015 from Russia, complete genome
MT334908.1	0	HIV-1 isolate RU_ERS_610_2015 from Russia, complete genome
MT334909.1	0	HIV-1 isolate RU_ERS_620_2015 from Russia, complete genome
MT334910.1	0	HIV-1 isolate RU_ERS_622_2015 from Russia, complete genome
MT334911.1	0	HIV-1 isolate RU_ERS_623_2015 from Russia, complete genome
MT334912.1	0	HIV-1 isolate RU_ERS_625_2015 from Russia, complete genome
MT334913.1	0	HIV-1 isolate RU_ERS_628_2015 from Russia, complete genome
MZ427723.1	0	HIV-1 isolate RU_ERS_769_2015 from Russia, complete genome
MZ427722.1	0	HIV-1 isolate RU_ERS_853_2015 from Russia, complete genome
MN703138.1	0	HIV-1 isolate DEMA616RU023, complete genome
MN703139.1	0	HIV-1 isolate DEMA616RU026, complete genome
MT334915.1	0	HIV-1 isolate RU_ERS_1000_2016 from Russia, complete genome
MT334916.1	0	HIV-1 isolate RU_ERS_1001_2016 from Russia, complete genome
MT334919.1	0	HIV-1 isolate RU_ERS_1008_2016 from Russia, complete genome
MT334920.1	0	HIV-1 isolate RU_ERS_1009_2016 from Russia, complete genome
MT334921.1	0	HIV-1 isolate RU_ERS_1010_2016 from Russia, complete genome
MT334924.1	0	HIV-1 isolate RU_ERS_1016_2016 from Russia, complete genome
MT334925.1	0	HIV-1 isolate RU_ERS_1018_2016 from Russia, complete genome
MT334926.1	0	HIV-1 isolate RU_ERS_1019_2016 from Russia, complete genome
MT334927.1	0	HIV-1 isolate RU_ERS_1021_2016 from Russia, complete genome
MT334928.1	0	HIV-1 isolate RU_ERS_1025_2016 from Russia, complete genome
MT334929.1	0	HIV-1 isolate RU_ERS_1026_2016 from Russia, complete genome
MT334930.1	0	HIV-1 isolate RU_ERS_1027_2016 from Russia, complete genome
MT334931.1	0	HIV-1 isolate RU_ERS_1028_2016 from Russia, complete genome
MT334932.1	0	HIV-1 isolate RU_ERS_1029_2016 from Russia, complete genome
MT369950.1	0	HIV-1 isolate RU_ERS_1030_2016 from Russia, complete genome
MT369951.1	0	HIV-1 isolate RU_ERS_1032_2016 from Russia, complete genome
MT369952.1	0	HIV-1 isolate RU_ERS_1033_2016 from Russia, complete genome
MT369953.1	0	HIV-1 isolate RU_ERS_1034_2016 from Russia, complete genome
MT369955.1	0	HIV-1 isolate RU_ERS_1036_2016 from Russia, complete genome
MT369956.1	0	HIV-1 isolate RU_ERS_1037_2016 from Russia, complete genome
MT369957.1	0	HIV-1 isolate RU_ERS_1038_2016 from Russia, complete genome
MT369958.1	0	HIV-1 isolate RU_ERS_1039_2016 from Russia, complete genome
MT369960.1	0	HIV-1 isolate RU_ERS_1041_2016 from Russia, complete genome
MT369961.1	0	HIV-1 isolate RU_ERS_1042_2016 from Russia, complete genome
MT369963.1	0	HIV-1 isolate RU_ERS_1044_2016 from Russia, complete genome
MT369964.1	0	HIV-1 isolate RU_ERS_1047_2016 from Russia, complete genome
MT369966.1	0	HIV-1 isolate RU_ERS_1051_2016 from Russia, complete genome
MT369967.1	0	HIV-1 isolate RU_ERS_1052_2016 from Russia, complete genome
MT369970.1	0	HIV-1 isolate RU_ERS_1056_2016 from Russia, complete genome
MT369972.1	0	HIV-1 isolate RU_ERS_1091_2016 from Russia, complete genome
MT369973.1	0	HIV-1 isolate RU_ERS_1092_2016 from Russia, complete genome
MT369975.1	0	HIV-1 isolate RU_ERS_1094_2016 from Russia, complete genome
MT369977.1	0	HIV-1 isolate RU_ERS_1097_2016 from Russia, complete genome
MT369978.1	0	HIV-1 isolate RU_ERS_1098_2016 from Russia, complete genome
MT369980.1	0	HIV-1 isolate RU_ERS_1100_2016 from Russia, complete genome
MT369982.1	0	HIV-1 isolate RU_ERS_1102_2016 from Russia, complete genome
MT369983.1	0	HIV-1 isolate RU_ERS_1103_2016 from Russia, complete genome
MT369984.1	0	HIV-1 isolate RU_ERS_1104_2016 from Russia, complete genome
MT369987.1	0	HIV-1 isolate RU_ERS_1107_2016 from Russia, complete genome
MT369989.1	0	HIV-1 isolate RU_ERS_1109_2016 from Russia, complete genome
MT369990.1	0	HIV-1 isolate RU_ERS_1110_2016 from Russia, complete genome
MT369993.1	0	HIV-1 isolate RU_ERS_1115_2016 from Russia, complete genome
MT369994.1	0	HIV-1 isolate RU_ERS_1116_2016 from Russia, complete genome
MT369995.1	0	HIV-1 isolate RU_ERS_1120_2016 from Russia, complete genome
MT369997.1	0	HIV-1 isolate RU_ERS_1404_2016 from Russia, complete genome
MT369998.1	0	HIV-1 isolate RU_ERS_1405_2016 from Russia, complete genome
OP056071.1	0	HIV-1 isolate KRS64-1 from Russia, complete genome
MT334918.1	0	HIV-1 isolate RU_ERS_1006_2017 from Russia, complete genome
MT369968.1	0	HIV-1 isolate RU_ERS_1053_2017 from Russia, complete genome
MT369999.1	0	HIV-1 isolate RU_ERS_1408_2017 from Russia, complete genome
MT370000.1	0	HIV-1 isolate RU_ERS_1410_2017 from Russia, complete genome
MT370001.1	0	HIV-1 isolate RU_ERS_1412_2017 from Russia, complete genome
MT370002.1	0	HIV-1 isolate RU_ERS_1414_2017 from Russia, complete genome
MT370003.1	0	HIV-1 isolate RU_ERS_1415_2017 from Russia, complete genome
MT370005.1	0	HIV-1 isolate RU_ERS_1417_2017 from Russia, complete genome
MT370006.1	0	HIV-1 isolate RU_ERS_1418_2017 from Russia, complete genome
MT370007.1	0	HIV-1 isolate RU_ERS_1425_2017 from Russia, complete genome
MT370008.1	0	HIV-1 isolate RU_ERS_1427_2017 from Russia, complete genome
MZ427726.1	0	HIV-1 isolate RU_ERS_2050_2017 from Russia, complete genome
MZ427756.1	0	HIV-1 isolate RU_ERS_3068_2017 from Russia, complete genome
MZ427762.1	0	HIV-1 isolate RU_ERS_3125_2017 from Russia, complete genome
MZ427766.1	0	HIV-1 isolate RU_ERS_3176_2017 from Russia, complete genome
MZ427767.1	0	HIV-1 isolate RU_ERS_3183_2017 from Russia, complete genome
MZ427720.1	0	HIV-1 isolate RU_ERS_2206_2018 from Russia, complete genome
MZ327293.1	0	HIV-1 isolate RU_ERS_2550_2018 from Russia, complete genome
MZ327294.1	0	HIV-1 isolate RU_ERS_2564_2018 from Russia, complete genome
MZ427769.1	0	HIV-1 isolate RU_ERS_3195_2018 from Russia, complete genome
MZ427770.1	0	HIV-1 isolate RU_ERS_3243_2018 from Russia, complete genome
MZ427749.1	0	HIV-1 isolate RU_ERS_2647_2019 from Russia, complete genome
MZ427746.1	0	HIV-1 isolate RU_ERS_3661_2019 from Russia, complete genome
MZ427731.1	0	HIV-1 isolate RU_ERS_3694_2019 from Russia, complete genome
MZ427734.1	0	HIV-1 isolate RU_ERS_3695_2019 from Russia, complete genome
MZ427744.1	0	HIV-1 isolate RU_ERS_3712_2019 from Russia, complete genome
MZ427743.1	0	HIV-1 isolate RU_ERS_3734_2019 from Russia, complete genome
MZ427738.1	0	HIV-1 isolate RU_ERS_3748_2019 from Russia, complete genome
MZ427733.1	0	HIV-1 isolate RU_ERS_3759_2019 from Russia, complete genome
MZ427710.1	0	HIV-1 isolate RU_ERS_3635_2020 from Russia, complete genome
MH330357.1	0	HIV-1 isolate IRK007 from Russia, complete genome
MN736699.1	0	HIV-1 isolate Sample25_SI209 from Slovenia gag protein (gag) gene, complete cds; pol protein (pol) gene, partial cds; and vif protein (vif), vpr protein (vpr), tat protein (tat), rev protein (rev), vpu protein (vpu), envelope glycoprotein (env), and nef protein (nef) genes, complete cds
AF413987.1	0	HIV-1 isolate 98UA0116 from Ukraine, complete genome
KU749399.1	0	HIV-1 isolate DEMA111UA002 from Ukraine, partial genome
KU749400.1	0	HIV-1 isolate DEMA111UA008 from Ukraine, partial genome
KU749401.1	0	HIV-1 isolate DEMA111UA009 from Ukraine, partial genome
KY658681.1	0	HIV-1 isolate DEMA112UA013 from Ukraine, partial genome
KU749402.1	0	HIV-1 isolate DEMA112UA014 from Ukraine, partial genome
KU749403.1	0	HIV-1 isolate DEMA112UA024 from Ukraine, partial genome
KU749404.1	0	HIV-1 isolate DEMA112UA030 from Ukraine, partial genome
KU749405.1	0	HIV-1 isolate DEMA112UA034 from Ukraine, partial genome
KU749406.1	0	HIV-1 isolate DEMA112UA036 from Ukraine, partial genome
KY658682.1	0	HIV-1 isolate DEMA112UA040 from Ukraine, partial genome
KU749407.1	0	HIV-1 isolate DEMA112UA042 from Ukraine, partial genome
MH078558.1	0	HIV-1 isolate DEURF11NG005 from Nigeria, partial genome
MW353967.1	0	HIV-1 isolate CV.10.126 from Cape Verde gag protein (gag) gene, complete cds; pol protein (pol) gene, partial cds; and vif protein (vif), vpr protein (vpr), tat protein (tat), rev protein (rev), vpu protein (vpu), envelope glycoprotein (env), and nef protein (nef) genes, complete cds
KY658686.1	0	HIV-1 isolate DEURF07AR001 from Argentina, partial genome
KY658683.1	0	HIV-1 isolate DEMB08AR002 from Argentina, partial genome
MH078530.1	0	HIV-1 isolate DEMB09AR010 from Argentina, partial genome
MN703127.1	0	HIV-1 isolate DEMB10AR005 from Argentina, complete genome
KY658684.1	0	HIV-1 isolate DEMB10AR006 from Argentina, partial genome
KY658685.1	0	HIV-1 isolate DEMB14AR003 from Argentina, partial genome
MH078531.1	0	HIV-1 isolate DEMB14AR012 from Argentina, partial genome
MH078532.1	0	HIV-1 isolate DEMB15AR013 from Argentina, partial genome
MH078533.1	0	HIV-1 isolate DEMB15AR014 from Argentina, partial genome
OK532990.1	0	HIV-1 isolate P1_PBMC_BSL_47, complete genome
OK532877.1	0	HIV-1 isolate P2_PBMC_BSL_024, complete genome
OK532809.1	0	HIV-1 isolate P3_SCR_PBMC_29, complete genome
OK533006.1	0	HIV-1 isolate P5-SCR-PBMC-02, complete genome
OK532720.1	0	HIV-1 isolate P4_BSL_PBMC_03, complete genome
OK532563.1	0	HIV-1 isolate P6_PBMC_BSL_39, complete genome
AF042100.1	0	HIV-1 isolate MBC200 from Australia, complete genome
AF042101.1	0	HIV-1 isolate MBC925 from Australia, complete genome
AF538304.1	0	HIV-1 clone C24 from Australia gag protein (gag) gene, complete cds; pol protein (pol) gene, partial cds; and vif protein (vif), vpr protein (vpr), tat protein (tat), rev protein (rev), vpu protein (vpu), envelope glycoprotein (env), and nef protein (nef) genes, complete cds
AF538305.1	0	HIV-1 clone C42 from Australia gag protein (gag) gene, complete cds; truncated pol protein (pol) gene, partial cds; and vif protein (vif), vpr protein (vpr), tat protein (tat), rev protein (rev), vpu protein (vpu), envelope glycoprotein (env), and nef protein (nef) genes, complete cds
AF538306.1	0	HIV-1 clone C76 from Australia gag protein (gag) gene, complete cds; pol protein (pol) gene, partial cds; and vif protein (vif), vpr protein (vpr), tat protein (tat), rev protein (rev), vpu protein (vpu), envelope glycoprotein (env), and nef protein (nef) genes, complete cds
AF538307.1	0	HIV-1 clone C92 from Australia gag protein (gag) gene, complete cds; pol protein (pol) gene, partial cds; and vif protein (vif), vpr protein (vpr), tat protein (tat), rev protein (rev), truncated vpu protein (vpu), envelope glycoprotein (env), and nef protein (nef) genes, complete cds
AF042103.1	0	HIV-1 isolate MBCC54 from Australia, complete genome
AF042104.1	0	HIV-1 isolate MBCC98 from Australia, complete genome
AF042105.1	0	HIV-1 isolate MBCD36 from Australia, complete genome
AF538302.1	0	HIV-1 clone 1181 from Australia gag protein (gag) gene, complete cds; pol protein (pol) gene, partial cds; and vif protein (vif), vpr protein (vpr), tat protein (tat), rev protein (rev), vpu protein (vpu), envelope glycoprotein (env), and nef protein (nef) genes, complete cds
AY857022.1	0	HIV-1 isolate 2870718 from Australia, partial genome
AY857165.1	0	HIV-1 isolate 9125091 from Australia, partial genome
AF146728.1	0	HIV-1 from Australia gag protein (gag) gene, complete cds; pol protein (pol) gene, partial cds; vif protein (vif), vpr protein (vpr), tat protein (tat), rev protein (rev), vpu protein (vpu), envelope protein (env), and nef protein (nef) genes, complete cds; and long terminal repeat, partial sequence
MN485972.1	0	HIV-1 isolate AB from Belgium, complete genome
MN485973.1	0	HIV-1 isolate AC from Belgium, complete genome
MN485974.1	0	HIV-1 isolate AD from Belgium, complete genome
MN485978.1	0	HIV-1 isolate AH from Belgium, complete genome
MN485979.1	0	HIV-1 isolate AI from Belgium, complete genome
MN485980.1	0	HIV-1 isolate AJ from Belgium, complete genome
MN486036.1	0	HIV-1 isolate CN from Belgium, complete genome
MN485981.1	0	HIV-1 isolate AK from Belgium, complete genome
MN485988.1	0	HIV-1 isolate AR from Belgium, complete genome
MN485990.1	0	HIV-1 isolate AT from Belgium, complete genome
MN485993.1	0	HIV-1 isolate AW from Belgium, complete genome
MN485994.1	0	HIV-1 isolate AX from Belgium, complete genome
MN485995.1	0	HIV-1 isolate AY from Belgium, complete genome
MN485996.1	0	HIV-1 isolate AZ from Belgium, complete genome
MN485997.1	0	HIV-1 isolate BA from Belgium, complete genome
MN485998.1	0	HIV-1 isolate BB from Belgium, complete genome
MN486000.1	0	HIV-1 isolate BD from Belgium, complete genome
MN486001.1	0	HIV-1 isolate BF from Belgium, complete genome
MN486003.1	0	HIV-1 isolate BG from Belgium, complete genome
MN486005.1	0	HIV-1 isolate BI from Belgium, complete genome
MN486008.1	0	HIV-1 isolate BL from Belgium, complete genome
MN486009.1	0	HIV-1 isolate BM from Belgium, complete genome
MN486010.1	0	HIV-1 isolate BN from Belgium, complete genome
MN486013.1	0	HIV-1 isolate BQ from Belgium, complete genome
MN486014.1	0	HIV-1 isolate BR from Belgium, complete genome
MN486037.1	0	HIV-1 isolate CO from Belgium, complete genome
MN486038.1	0	HIV-1 isolate CP from Belgium, complete genome
MN486047.1	0	HIV-1 isolate CY from Belgium, complete genome
MT417744.1	0	HIV-1 strain DH from Belgium, partial genome
MT417758.1	0	HIV-1 strain DV from Belgium, partial genome
MT417760.1	0	HIV-1 strain DX from Belgium, partial genome
MT417768.1	0	HIV-1 strain EF from Belgium, partial genome
MW881757.1	0	HIV-1 isolate P7_G10_NA from Belgium, complete genome
MW881768.1	0	HIV-1 isolate P8_G_1_SMG1P2 from Belgium, complete genome
MZ041513.1	0	HIV-1 isolate STAR04_TCM_TTM_11 from Belgium defective genome
MZ041647.1	0	HIV-1 isolate STAR09_TTM_26 from Belgium, complete genome
MZ041446.1	0	HIV-1 isolate STAR10_TCM_TTM_A1_85 from Belgium, complete genome
MN449474.1	0	HIV-1 isolate 02006_cen from Belgium, complete genome
MN486015.1	0	HIV-1 isolate BS from Belgium, complete genome
MN486020.1	0	HIV-1 isolate BX from Belgium, partial genome
MN486021.1	0	HIV-1 isolate BY from Belgium, complete genome
MN486022.1	0	HIV-1 isolate BZ from Belgium, complete genome
MN486024.1	0	HIV-1 isolate CB from Belgium, complete genome
MN486027.1	0	HIV-1 isolate CE from Belgium, complete genome
MN486029.1	0	HIV-1 isolate CG from Belgium, complete genome
MN486032.1	0	HIV-1 isolate CJ from Belgium, complete genome
MT417739.1	0	HIV-1 strain DC from Belgium, partial genome
MT417754.1	0	HIV-1 strain DR from Belgium, partial genome
MT417759.1	0	HIV-1 strain DW from Belgium, partial genome
MN486034.1	0	HIV-1 isolate CL from Belgium, complete genome
MT417751.1	0	HIV-1 strain DO from Belgium, partial genome
MT417752.1	0	HIV-1 strain DP from Belgium, partial genome
MT417761.1	0	HIV-1 strain DY from Belgium, partial genome
DQ358808.1	0	HIV-1 isolate 02BR008 from Brazil, complete genome
DQ358809.1	0	HIV-1 isolate 02BR011 from Brazil, complete genome
DQ358810.1	0	HIV-1 isolate 02BR013 from Brazil, complete genome
JN692432.1	0	UNVERIFIED: HIV-1 isolate 02BR1013 from Brazil gag protein gene, complete cds; pol protein gene, partial cds; and vif protein, vpr protein, vpu protein, envelope glycoprotein, and nef protein genes, complete cds
JN692435.1	0	UNVERIFIED: HIV-1 isolate 02BR2025 from Brazil gag protein gene, complete cds; pol protein gene, partial cds; and vif protein, vpr protein, vpu protein, envelope glycoprotein, and nef protein genes, complete cds
JN692439.1	0	UNVERIFIED: HIV-1 isolate 02BR2032 from Brazil gag protein gene, complete cds; pol protein gene, partial cds; and vif protein, vpr protein, vpu protein, envelope glycoprotein, and nef protein genes, complete cds
JN692440.1	0	UNVERIFIED: HIV-1 isolate 02BR2033 from Brazil gag protein gene, complete cds; pol protein gene, partial cds; and vif protein, vpr protein, vpu protein, envelope glycoprotein, and nef protein genes, complete cds
JN692443.1	0	UNVERIFIED: HIV-1 isolate 02BR2041 from Brazil gag protein gene, complete cds; pol protein gene, partial cds; and vif protein, vpr protein, vpu protein, envelope glycoprotein, and nef protein genes, complete cds
JN692444.1	0	UNVERIFIED: HIV-1 isolate 02BR2042 from Brazil gag protein gene, complete cds; pol protein gene, partial cds; and vif protein, vpr protein, vpu protein, envelope glycoprotein, and nef protein genes, complete cds
JN692433.1	0	UNVERIFIED: HIV-1 isolate 04BR1064 from Brazil gag protein gene, complete cds; pol protein gene, partial cds; and vif protein, vpr protein, vpu protein, envelope glycoprotein, and nef protein genes, complete cds
JN692445.1	0	UNVERIFIED: HIV-1 isolate 03BR1020 from Brazil gag protein gene, complete cds; pol protein gene, partial cds; and vif protein, vpr protein, vpu protein, envelope glycoprotein, and nef protein genes, complete cds
EF637057.1	0	HIV-1 isolate BREPM1023 from Brazil, complete genome
EF637056.1	0	HIV-1 isolate BREPM1024 from Brazil, complete genome
EF637054.1	0	HIV-1 isolate BREPM1027 from Brazil, complete genome
EF637053.1	0	HIV-1 isolate BREPM1028 from Brazil, complete genome
EF637051.1	0	HIV-1 isolate BREPM1032 from Brazil, complete genome
EF637050.1	0	HIV-1 isolate BREPM1033 from Brazil, complete genome
EF637049.1	0	HIV-1 isolate BREPM1035 from Brazil, complete genome
EF637048.1	0	HIV-1 isolate BREPM1038 from Brazil, complete genome
EF637047.1	0	HIV-1 isolate BREPM1040 from Brazil, complete genome
EF637046.1	0	HIV-1 isolate BREPM2012 from Brazil, complete genome
JN692450.1	0	UNVERIFIED: HIV-1 isolate 04BR1047 from Brazil gag protein gene, complete cds; pol protein gene, partial cds; and vif protein, vpr protein, vpu protein, envelope glycoprotein, and nef protein genes, complete cds
JN692451.1	0	UNVERIFIED: HIV-1 isolate 04BR1049 from Brazil gag protein gene, complete cds; pol protein gene, partial cds; and vif protein, vpr protein, vpu protein, envelope glycoprotein, and nef protein genes, complete cds
JN692452.1	0	UNVERIFIED: HIV-1 isolate 04BR1051 from Brazil gag protein gene, complete cds; pol protein gene, partial cds; and vif protein, vpr protein, vpu protein, envelope glycoprotein, and nef protein genes, complete cds
JN692453.1	0	UNVERIFIED: HIV-1 isolate 04BR1054 from Brazil gag protein gene, complete cds; pol protein gene, partial cds; and vif protein, vpr protein, vpu protein, and envelope glycoprotein genes, complete cds
JN692454.1	0	UNVERIFIED: HIV-1 isolate 04BR1055 from Brazil gag protein gene, complete cds; pol protein gene, partial cds; and vif protein, vpr protein, vpu protein, envelope glycoprotein, and nef protein genes, complete cds
JN692455.1	0	UNVERIFIED: HIV-1 isolate 04BR1057 from Brazil gag protein gene, complete cds; pol protein gene, partial cds; and vif protein, vpr protein, vpu protein, and envelope glycoprotein genes, complete cds
JN692457.1	0	UNVERIFIED: HIV-1 isolate 04BR1068 from Brazil gag protein gene, complete cds; pol protein gene, partial cds; and vif protein, vpr protein, vpu protein, envelope glycoprotein, and nef protein genes, complete cds
FJ195090.1	0	HIV-1 isolate BREPM1066 from Brazil, complete genome
FJ195086.1	0	HIV-1 isolate BREPM1070 from Brazil, complete genome
JN692460.1	0	UNVERIFIED: HIV-1 isolate 05BR1077 from Brazil gag protein gene, complete cds; pol protein gene, partial cds; and vif protein, vpr protein, vpu protein, envelope glycoprotein, and nef protein genes, complete cds
JN692461.1	0	UNVERIFIED: HIV-1 isolate 05BR1078 from Brazil gag protein gene, complete cds; pol protein gene, partial cds; and vif protein, vpr protein, vpu protein, envelope glycoprotein, and nef protein genes, complete cds
JN692462.1	0	UNVERIFIED: HIV-1 isolate 05BR1079 from Brazil gag protein gene, complete cds; pol protein gene, partial cds; and vif protein, vpr protein, vpu protein, envelope glycoprotein, and nef protein genes, complete cds
JN692463.1	0	UNVERIFIED: HIV-1 isolate 05BR1080 from Brazil gag protein gene, complete cds; pol protein gene, partial cds; and vif protein, vpr protein, vpu protein, envelope glycoprotein, and nef protein genes, complete cds
JN692465.1	0	UNVERIFIED: HIV-1 isolate 05BR1082 from Brazil gag protein gene, complete cds; pol protein gene, partial cds; and vif protein, vpr protein, vpu protein, envelope glycoprotein, and nef protein genes, complete cds
JN692467.1	0	UNVERIFIED: HIV-1 isolate 05BR1089 from Brazil gag protein gene, complete cds; pol protein gene, partial cds; and vif protein, vpr protein, vpu protein, envelope glycoprotein, and nef protein genes, complete cds
JN692468.1	0	UNVERIFIED: HIV-1 isolate 05BR1092 from Brazil gag protein gene, complete cds; pol protein gene, partial cds; and vif protein, vpr protein, vpu protein, envelope glycoprotein, and nef protein genes, complete cds
JN692471.1	0	UNVERIFIED: HIV-1 isolate 05BR1095 from Brazil gag protein gene, complete cds; pol protein gene, partial cds; and vif protein, vpr protein, vpu protein, envelope glycoprotein, and nef protein genes, complete cds
JN692473.1	0	UNVERIFIED: HIV-1 isolate 05BR1101 from Brazil gag protein gene, complete cds; pol protein gene, partial cds; and vif protein, vpr protein, vpu protein, envelope glycoprotein, and nef protein genes, complete cds
JN692474.1	0	UNVERIFIED: HIV-1 isolate 05BR1104 from Brazil gag protein gene, complete cds; pol protein gene, partial cds; and vif protein, vpr protein, vpu protein, envelope glycoprotein, and nef protein genes, complete cds
JN692475.1	0	UNVERIFIED: HIV-1 isolate 05BR1107 from Brazil gag protein gene, complete cds; pol protein gene, partial cds; and vif protein, vpr protein, vpu protein, envelope glycoprotein, and nef protein genes, complete cds
FJ195091.1	0	HIV-1 isolate BREPM1081 from Brazil, complete genome
FJ195088.1	0	HIV-1 isolate BREPM1084 from Brazil, complete genome
FJ195089.1	0	HIV-1 isolate BREPM1093 from Brazil, complete genome
JN692479.1	0	UNVERIFIED: HIV-1 isolate 06BR1115 from Brazil gag protein gene, complete cds; pol protein gene, partial cds; and vif protein, vpr protein, vpu protein, envelope glycoprotein, and nef protein genes, complete cds
JN692480.1	0	UNVERIFIED: HIV-1 isolate 06BR1119 from Brazil gag protein gene, complete cds; pol protein gene, partial cds; and vif protein, vpr protein, vpu protein, envelope glycoprotein, and nef protein genes, complete cds
KU749389.1	0	HIV-1 isolate DEMB09BR040 from Brazil, partial genome
MK757421.1	0	HIV-1 isolate VC06_FLG.V1 from Brazil, complete genome
KJ849786.1	0	HIV-1 isolate 10BR_MG007 from Brazil gag protein (gag), pol protein (pol), vif protein (vif), vpr protein (vpr), tat protein (tat), rev protein (rev), vpu protein (vpu), and envelope glycoprotein (env) genes, complete cds; and nef protein (nef) gene, partial cds
KT427687.1	0	UNVERIFIED: HIV-1 isolate 10BR_MG012 from Brazil genomic sequence
KT427686.1	0	UNVERIFIED: HIV-1 isolate 10BR_MG013 from Brazil genomic sequence
KT427685.1	0	UNVERIFIED: HIV-1 isolate 10BR_MG014 from Brazil genomic sequence
KT427683.1	0	UNVERIFIED: HIV-1 isolate 10BR_MG018 from Brazil genomic sequence
KJ849804.1	0	HIV-1 isolate 10BR_MG035 from Brazil gag protein (gag), pol protein (pol), vif protein (vif), vpr protein (vpr), tat protein (tat), rev protein (rev), vpu protein (vpu), envelope glycoprotein (env), and nef protein (nef) genes, complete cds
KT427676.1	0	UNVERIFIED: HIV-1 isolate 10BR_MG038 from Brazil genomic sequence
KT427675.1	0	UNVERIFIED: HIV-1 isolate 10BR_MG039 from Brazil genomic sequence
KT427671.1	0	UNVERIFIED: HIV-1 isolate 10BR_MG044 from Brazil genomic sequence
KT427670.1	0	UNVERIFIED: HIV-1 isolate 10BR_MG045 from Brazil genomic sequence
KT427747.1	0	UNVERIFIED: HIV-1 isolate 10BR_PE003 from Brazil genomic sequence
KT427744.1	0	UNVERIFIED: HIV-1 isolate 10BR_PE012 from Brazil genomic sequence
KT427742.1	0	UNVERIFIED: HIV-1 isolate 10BR_PE014 from Brazil genomic sequence
KT427737.1	0	UNVERIFIED: HIV-1 isolate 10BR_PE022 from Brazil genomic sequence
KT427733.1	0	UNVERIFIED: HIV-1 isolate 10BR_PE030 from Brazil genomic sequence
KJ849803.1	0	HIV-1 isolate 10BR_PE034 from Brazil gag protein (gag), pol protein (pol), vif protein (vif), vpr protein (vpr), tat protein (tat), rev protein (rev), vpu protein (vpu), envelope glycoprotein (env), and nef protein (nef) genes, complete cds
KT427730.1	0	UNVERIFIED: HIV-1 isolate 10BR_PE035 from Brazil genomic sequence
KT427729.1	0	UNVERIFIED: HIV-1 isolate 10BR_PE036 from Brazil genomic sequence
KT427725.1	0	UNVERIFIED: HIV-1 isolate 10BR_PE040 from Brazil genomic sequence
KT427724.1	0	UNVERIFIED: HIV-1 isolate 10BR_PE041 from Brazil genomic sequence
KT427723.1	0	UNVERIFIED: HIV-1 isolate 10BR_PE042 from Brazil genomic sequence
KT427718.1	0	UNVERIFIED: HIV-1 isolate 10BR_PE048 from Brazil genomic sequence
KT427717.1	0	UNVERIFIED: HIV-1 isolate 10BR_PE049 from Brazil genomic sequence
KT427716.1	0	UNVERIFIED: HIV-1 isolate 10BR_PE051 from Brazil genomic sequence
KT427715.1	0	UNVERIFIED: HIV-1 isolate 10BR_PE052 from Brazil genomic sequence
KJ849767.1	0	HIV-1 isolate 10BR_PE053 from Brazil gag protein (gag), pol protein (pol), vif protein (vif), vpr protein (vpr), tat protein (tat), rev protein (rev), vpu protein (vpu), envelope glycoprotein (env), and nef protein (nef) genes, complete cds
KT427713.1	0	UNVERIFIED: HIV-1 isolate 10BR_PE058 from Brazil genomic sequence
KT427870.1	0	UNVERIFIED: HIV-1 isolate 10BR_PE061 from Brazil genomic sequence
KT427711.1	0	UNVERIFIED: HIV-1 isolate 10BR_PE068 from Brazil genomic sequence
KT427709.1	0	UNVERIFIED: HIV-1 isolate 10BR_PE072 from Brazil genomic sequence
KT427708.1	0	UNVERIFIED: HIV-1 isolate 10BR_PE074 from Brazil genomic sequence
KT427706.1	0	UNVERIFIED: HIV-1 isolate 10BR_PE077 from Brazil genomic sequence
KT427702.1	0	UNVERIFIED: HIV-1 isolate 10BR_PE083 from Brazil genomic sequence
KT427701.1	0	UNVERIFIED: HIV-1 isolate 10BR_PE093 from Brazil genomic sequence
KT427700.1	0	UNVERIFIED: HIV-1 isolate 10BR_PE095 from Brazil genomic sequence
KT427699.1	0	UNVERIFIED: HIV-1 isolate 10BR_PE096 from Brazil genomic sequence
KJ849818.1	0	HIV-1 isolate 10BR_PE097 from Brazil gag protein (gag), pol protein (pol), vif protein (vif), vpr protein (vpr), tat protein (tat), rev protein (rev), vpu protein (vpu), envelope glycoprotein (env), and nef protein (nef) genes, complete cds
KJ849780.1	0	HIV-1 isolate 10BR_PE104 from Brazil gag protein (gag), pol protein (pol), vif protein (vif), vpr protein (vpr), tat protein (tat), rev protein (rev), vpu protein (vpu), envelope glycoprotein (env), and nef protein (nef) genes, complete cds
KT427694.1	0	UNVERIFIED: HIV-1 isolate 10BR_PE106 from Brazil genomic sequence
KT427692.1	0	UNVERIFIED: HIV-1 isolate 10BR_PE110 from Brazil genomic sequence
KT427791.1	0	UNVERIFIED: HIV-1 isolate 10BR_RJ008 from Brazil genomic sequence
KT427788.1	0	UNVERIFIED: HIV-1 isolate 10BR_RJ016 from Brazil genomic sequence
KT427787.1	0	UNVERIFIED: HIV-1 isolate 10BR_RJ017 from Brazil genomic sequence
KT427786.1	0	UNVERIFIED: HIV-1 isolate 10BR_RJ019 from Brazil genomic sequence
KT427785.1	0	UNVERIFIED: HIV-1 isolate 10BR_RJ020 from Brazil genomic sequence
KT427783.1	0	UNVERIFIED: HIV-1 isolate 10BR_RJ025 from Brazil genomic sequence
KT427781.1	0	UNVERIFIED: HIV-1 isolate 10BR_RJ030 from Brazil genomic sequence
KJ849801.1	0	HIV-1 isolate 10BR_RJ032 from Brazil gag protein (gag), pol protein (pol), vif protein (vif), vpr protein (vpr), tat protein (tat), rev protein (rev), vpu protein (vpu), envelope glycoprotein (env), and nef protein (nef) genes, complete cds
KT427650.1	0	UNVERIFIED: HIV-1 isolate 10BR_RJ040 from Brazil genomic sequence
KT427777.1	0	UNVERIFIED: HIV-1 isolate 10BR_RJ042 from Brazil genomic sequence
KJ849811.1	0	HIV-1 isolate 10BR_RJ050 from Brazil gag protein (gag), pol protein (pol), vif protein (vif), vpr protein (vpr), tat protein (tat), rev protein (rev), vpu protein (vpu), envelope glycoprotein (env), and nef protein (nef) genes, complete cds
KJ849814.1	0	HIV-1 isolate 10BR_RJ054 from Brazil gag protein (gag), pol protein (pol), vif protein (vif), vpr protein (vpr), tat protein (tat), rev protein (rev), vpu protein (vpu), envelope glycoprotein (env), and nef protein (nef) genes, complete cds
KT427772.1	0	UNVERIFIED: HIV-1 isolate 10BR_RJ064 from Brazil genomic sequence
KT427771.1	0	UNVERIFIED: HIV-1 isolate 10BR_RJ067 from Brazil genomic sequence
KT427770.1	0	UNVERIFIED: HIV-1 isolate 10BR_RJ068 from Brazil genomic sequence
KT427769.1	0	UNVERIFIED: HIV-1 isolate 10BR_RJ078 from Brazil genomic sequence
KT427768.1	0	UNVERIFIED: HIV-1 isolate 10BR_RJ079 from Brazil genomic sequence
KT427767.1	0	UNVERIFIED: HIV-1 isolate 10BR_RJ081 from Brazil genomic sequence
KT427765.1	0	UNVERIFIED: HIV-1 isolate 10BR_RJ085 from Brazil genomic sequence
KT427764.1	0	UNVERIFIED: HIV-1 isolate 10BR_RJ086 from Brazil genomic sequence
KT427763.1	0	UNVERIFIED: HIV-1 isolate 10BR_RJ088 from Brazil genomic sequence
KT427762.1	0	UNVERIFIED: HIV-1 isolate 10BR_RJ089 from Brazil genomic sequence
KT427761.1	0	UNVERIFIED: HIV-1 isolate 10BR_RJ090 from Brazil genomic sequence
KT427757.1	0	UNVERIFIED: HIV-1 isolate 10BR_RJ097 from Brazil genomic sequence
KT427755.1	0	UNVERIFIED: HIV-1 isolate 10BR_RJ099 from Brazil genomic sequence
KT427754.1	0	UNVERIFIED: HIV-1 isolate 10BR_RJ100 from Brazil genomic sequence
KT427753.1	0	UNVERIFIED: HIV-1 isolate 10BR_RJ101 from Brazil genomic sequence
KT427751.1	0	UNVERIFIED: HIV-1 isolate 10BR_RJ106 from Brazil genomic sequence
KT427748.1	0	UNVERIFIED: HIV-1 isolate 10BR_RJ111 from Brazil genomic sequence
KT427830.1	0	UNVERIFIED: HIV-1 isolate 10BR_SP002 from Brazil genomic sequence
KJ849785.1	0	HIV-1 isolate 10BR_SP003 from Brazil gag protein (gag), pol protein (pol), vif protein (vif), vpr protein (vpr), tat protein (tat), rev protein (rev), vpu protein (vpu), envelope glycoprotein (env), and nef protein (nef) genes, complete cds
KT427827.1	0	UNVERIFIED: HIV-1 isolate 10BR_SP006 from Brazil genomic sequence
KT427826.1	0	UNVERIFIED: HIV-1 isolate 10BR_SP007 from Brazil genomic sequence
KT427824.1	0	UNVERIFIED: HIV-1 isolate 10BR_SP012 from Brazil genomic sequence
KJ849790.1	0	HIV-1 isolate 10BR_SP014 from Brazil gag protein (gag), pol protein (pol), vif protein (vif), vpr protein (vpr), tat protein (tat), rev protein (rev), vpu protein (vpu), envelope glycoprotein (env), and nef protein (nef) genes, complete cds
KT427819.1	0	UNVERIFIED: HIV-1 isolate 10BR_SP019 from Brazil genomic sequence
KT427815.1	0	UNVERIFIED: HIV-1 isolate 10BR_SP027 from Brazil genomic sequence
KT427808.1	0	UNVERIFIED: HIV-1 isolate 10BR_SP036 from Brazil genomic sequence
KJ849805.1	0	HIV-1 isolate 10BR_SP038 from Brazil gag protein (gag), pol protein (pol), vif protein (vif), vpr protein (vpr), tat protein (tat), rev protein (rev), vpu protein (vpu), envelope glycoprotein (env), and nef protein (nef) genes, complete cds
KT427805.1	0	UNVERIFIED: HIV-1 isolate 10BR_SP044 from Brazil genomic sequence
KJ849808.1	0	HIV-1 isolate 10BR_SP045 from Brazil gag protein (gag), pol protein (pol), vif protein (vif), and vpr protein (vpr) genes, complete cds; nonfunctional rev protein (rev) gene, complete sequence; and tat protein (tat), rev protein (tat), vpu protein (vpu), envelope glycoprotein (env), and nef protein (nef) genes, complete cds
KJ849812.1	0	HIV-1 isolate 10BR_SP050 from Brazil gag protein (gag), pol protein (pol), vif protein (vif), vpr protein (vpr), tat protein (tat), rev protein (rev), vpu protein (vpu), envelope glycoprotein (env), and nef protein (nef) genes, complete cds
KT427803.1	0	UNVERIFIED: HIV-1 isolate 10BR_SP051 from Brazil genomic sequence
KJ849815.1	0	HIV-1 isolate 10BR_SP055 from Brazil gag protein (gag), pol protein (pol), vif protein (vif), vpr protein (vpr), tat protein (tat), rev protein (rev), vpu protein (vpu), envelope glycoprotein (env), and nef protein (nef) genes, complete cds
KT427797.1	0	UNVERIFIED: HIV-1 isolate 10BR_SP065 from Brazil genomic sequence
KU749390.1	0	HIV-1 isolate DEMB10BR038 from Brazil, partial genome
MK041566.1	0	HIV-1 clone 10F_ABCD from Brazil gag-pol protein (gag-pol), gag protein (gag), vif protein (vif), vpr protein (vpr), tat protein (tat), rev protein (rev), vpu protein (vpu), envelope glycoprotein (env), and nef protein (nef) genes, complete cds
MK041573.1	0	HIV-1 clone 14HI_ABCD from Brazil gag-pol protein (gag-pol), gag protein (gag), vif protein (vif), vpr protein (vpr), tat protein (tat), rev protein (rev), vpu protein (vpu), envelope glycoprotein (env), and nef protein (nef) genes, complete cds
MK041575.1	0	HIV-1 clone 16HI_ABCD from Brazil nonfunctional gag-pol protein (gag-pol) and nonfunctional gag protein (gag) genes, complete sequence; and vif protein (vif), vpr protein (vpr), tat protein (tat), rev protein (rev), vpu protein (vpu), envelope glycoprotein (env), and nef protein (nef) genes, complete cds
MK041586.1	0	HIV-1 clone 19HI_ABCD from Brazil gag-pol protein (gag-pol), gag protein (gag), vif protein (vif), and vpr protein (vpr) genes, complete cds; nonfunctional tat protein (tat) gene, complete sequence; and rev protein (rev), vpu protein (vpu), envelope glycoprotein (env), and nef protein (nef) genes, complete cds
MK041551.1	0	HIV-1 clone 2F_ABCD from Brazil gag-pol protein (gag-pol), gag protein (gag), vif protein (vif), vpr protein (vpr), tat protein (tat), rev protein (rev), vpu protein (vpu), envelope glycoprotein (env), and nef protein (nef) genes, complete cds
MK041556.1	0	HIV-1 clone 4F_ABCD from Brazil gag-pol protein (gag-pol), gag protein (gag), vif protein (vif), vpr protein (vpr), tat protein (tat), rev protein (rev), vpu protein (vpu), envelope glycoprotein (env), and nef protein (nef) genes, complete cds
MK041562.1	0	HIV-1 clone 7F_ABCD from Brazil gag-pol protein (gag-pol), gag protein (gag), vif protein (vif), vpr protein (vpr), tat protein (tat), rev protein (rev), vpu protein (vpu), envelope glycoprotein (env), and nef protein (nef) genes, complete cds
MG571981.1	0	HIV-1 clone HIV2 from Brazil, complete genome
MG571982.1	0	HIV-1 clone HIV3 from Brazil, complete genome
MG571983.1	0	HIV-1 clone HIV5 from Brazil, complete genome
MG571987.1	0	HIV-1 clone HIV12 from Brazil, complete genome
MG571991.1	0	HIV-1 clone HIV15 from Brazil, complete genome
MG571999.1	0	HIV-1 clone HIV21 from Brazil, complete genome
MG572002.1	0	HIV-1 clone HIV23 from Brazil, complete genome
MG572010.1	0	HIV-1 clone HIV31 from Brazil, complete genome
JF320413.1	0	HIV-1 isolate 502-1027_wg01 from Canada gag protein (gag) gene, complete cds; pol protein (pol) gene, partial cds; and vif protein (vif), vpr protein (vpr), vpu protein (vpu), envelope glycoprotein (env), and nef protein (nef) genes, complete cds
JF320427.1	0	HIV-1 isolate 502-1799_FL02 from Canada gag protein (gag) gene, complete cds; pol protein (pol) gene, partial cds; and vif protein (vif), vpr protein (vpr), vpu protein (vpu), envelope glycoprotein (env), and nef protein (nef) genes, complete cds
JF320424.1	0	HIV-1 isolate 502-1191_03 from Canada gag protein (gag) gene, complete cds; pol protein (pol) gene, partial cds; and vif protein (vif), vpr protein (vpr), vpu protein (vpu), envelope glycoprotein (env), and nef protein (nef) genes, complete cds
ON816029.1	0	HIV-1 isolate ART1_63A3_ID27_9087_172 from Canada gag protein gene, complete cds; pol protein gene, partial cds; and vif protein, vpr protein, tat protein, rev protein, vpu protein, envelope glycoprotein, and nef protein genes, complete cds
ON816372.1	0	HIV-1 isolate ART4_70p1G10_76C0P0_493 from Canada gag protein gene, complete cds; pol protein gene, partial cds; and vif protein, vpr protein, tat protein, rev protein, vpu protein, envelope glycoprotein, and nef protein genes, complete cds
MW881680.1	0	HIV-1 isolate P1_G2_ADARB1 from Canada, complete genome
MW881686.1	0	HIV-1 isolate P2_G11_CPEB4 from Canada, complete genome
MW881713.1	0	HIV-1 isolate P4_G15_CPNE1 from Canada, complete genome
MZ662580.1	0	HIV-1 isolate ART3_R2p2F6_Barcode57--57_Cluster0_Phase0 from Canada defective genome
MZ662695.1	0	HIV-1 isolate ART7_R4p1_B6_Barcode39--39_Cluster2_Phase2 from Canada defective genome
ON816682.1	0	HIV-1 isolate P1Col_11p1F2_B35C1P1_28 from Canada gag protein-like gene, complete sequence; pol protein-like gene, partial sequence; vif protein gene, complete cds; and vpr protein-like, tat protein-like, rev protein-like, vpu protein-like, envelope glycoprotein-like, and nef protein-like genes, complete sequence
ON817097.1	0	HIV-1 isolate P2Spl_15p1E6_B56C0P2_43 from Canada gag protein-like gene, complete sequence; pol protein-like gene, partial sequence; and vif protein, vpr protein, tat protein, rev protein, vpu protein, envelope glycoprotein, and nef protein genes, complete cds
MW881698.1	0	HIV-1 isolate P3_G12_CD200R1 from Canada, complete genome
AY314056.1	0	HIV-1 isolate WC10C-4 from USA, complete genome
AY779553.1	0	HIV-1 isolate CANB3FULL from Canada, complete genome
KC797171.1	0	HIV-1 isolate CHLSM1SI0i0007251ppNFLG95 from Switzerland gag protein (gag) gene, complete cds; pol protein (pol) gene, partial cds; and vif protein (vif), vpr protein (vpr), vpu protein (vpu), envelope glycoprotein (env), and nef protein (nef) genes, complete cds
JQ403045.1	0	HIV-1 isolate HIV/CH/BID-V4470/2003 from Switzerland, partial genome
KC797225.1	0	HIV-1 isolate CHLSM2SI5082i0803101ppNFLG8 from Switzerland gag protein (gag) gene, complete cds; pol protein (pol) gene, partial cds; and vif protein (vif), vpr protein (vpr), vpu protein (vpu), envelope glycoprotein (env), and nef protein (nef) genes, complete cds
MT154972.1	0	HIV-1 isolate HK_JIDLNBL_S062 from Switzerland gag protein (gag) gene, complete cds; pol protein (pol) gene, partial cds; vif protein (vif), vpr protein (vpr), and tat protein (tat) genes, complete cds; and nonfunctional rev protein (rev), nonfunctional vpu protein (vpu), nonfunctional envelope glycoprotein (env), and nonfunctional nef protein (nef) genes, complete sequence
MT155020.1	0	HIV-1 isolate HK_JIDLNBL_S129 from Switzerland gag protein (gag) gene, complete cds; pol protein (pol) gene, partial cds; and vif protein (vif), vpr protein (vpr), tat protein (tat), rev protein (rev), vpu protein (vpu), envelope glycoprotein (env), and nef protein (nef) genes, complete cds
AB750367.1	0	Human immunodeficiency virus 1 proviral DNA, complete genome, isolate: 01CN-DH001
AY180905.1	0	HIV-1 isolate CNHN24 subtype B-Thai from China, complete genome
DQ007903.1	0	HIV-1 isolate 02HNsc11 from China, complete genome
JF932492.1	0	HIV-1 isolate SHXDC0081 from China gag protein (gag) gene, complete cds; pol protein (pol) gene, partial cds; and vif protein (vif), vpr protein (vpr), tat protein (tat), rev protein (rev), vpu protein (vpu), envelope glycoprotein (env), and nef protein (nef) genes, complete cds
DQ990880.1	0	HIV-1 isolate 05CNHB_hp3 from China, complete genome
JF932482.1	0	HIV-1 isolate CC056 from China gag protein (gag) gene, complete cds; pol protein (pol) gene, partial cds; and vif protein (vif), vpr protein (vpr), tat protein (tat), rev protein (rev), vpu protein (vpu), envelope glycoprotein (env), and nef protein (nef) genes, complete cds
JF932468.1	0	HIV-1 isolate AH070011 from China gag protein (gag) gene, complete cds; pol protein (pol) gene, partial cds; and vif protein (vif), vpr protein (vpr), tat protein (tat), rev protein (rev), vpu protein (vpu), envelope glycoprotein (env), and nef protein (nef) genes, complete cds
JF932469.1	0	HIV-1 isolate AH070014 from China gag protein (gag) gene, complete cds; pol protein (pol) gene, partial cds; and vif protein (vif), vpr protein (vpr), tat protein (tat), rev protein (rev), vpu protein (vpu), envelope glycoprotein (env), and nef protein (nef) genes, complete cds
JF932470.1	0	HIV-1 isolate AH070017 from China gag protein (gag) gene, complete cds; pol protein (pol) gene, partial cds; and vif protein (vif), vpr protein (vpr), tat protein (tat), rev protein (rev), vpu protein (vpu), envelope glycoprotein (env), and nef protein (nef) genes, complete cds
JF932471.1	0	HIV-1 isolate AH070018 from China gag protein (gag) gene, complete cds; pol protein (pol) gene, partial cds; and vif protein (vif), vpr protein (vpr), tat protein (tat), rev protein (rev), vpu protein (vpu), envelope glycoprotein (env), and nef protein (nef) genes, complete cds
JF932472.1	0	HIV-1 isolate AH070057 from China gag protein (gag) gene, complete cds; pol protein (pol) gene, partial cds; and vif protein (vif), vpr protein (vpr), tat protein (tat), rev protein (rev), vpu protein (vpu), envelope glycoprotein (env), and nef protein (nef) genes, complete cds
JF932473.1	0	HIV-1 isolate BJ070030 from China gag protein (gag) gene, complete cds; pol protein (pol) gene, partial cds; and vif protein (vif), vpr protein (vpr), tat protein (tat), rev protein (rev), vpu protein (vpu), envelope glycoprotein (env), and nef protein (nef) genes, complete cds
JF932474.1	0	HIV-1 isolate CBJC261 from China gag protein (gag) gene, complete cds; pol protein (pol) gene, partial cds; and vif protein (vif), vpr protein (vpr), tat protein (tat), rev protein (rev), vpu protein (vpu), envelope glycoprotein (env), and nef protein (nef) genes, complete cds
JF932475.1	0	HIV-1 isolate CBJC392 from China gag protein (gag) gene, complete cds; pol protein (pol) gene, partial cds; and vif protein (vif), vpr protein (vpr), tat protein (tat), rev protein (rev), vpu protein (vpu), envelope glycoprotein (env), and nef protein (nef) genes, complete cds
JF932476.1	0	HIV-1 isolate CBJC394 from China gag protein (gag) gene, complete cds; pol protein (pol) gene, partial cds; and vif protein (vif), vpr protein (vpr), tat protein (tat), rev protein (rev), vpu protein (vpu), envelope glycoprotein (env), and nef protein (nef) genes, complete cds
JF932477.1	0	HIV-1 isolate CBJC396 from China gag protein (gag) gene, complete cds; pol protein (pol) gene, partial cds; and vif protein (vif), vpr protein (vpr), tat protein (tat), rev protein (rev), vpu protein (vpu), envelope glycoprotein (env), and nef protein (nef) genes, complete cds
JF932484.1	0	HIV-1 isolate GS070017 from China gag protein (gag) gene, complete cds; pol protein (pol) gene, partial cds; and vif protein (vif), vpr protein (vpr), tat protein (tat), rev protein (rev), vpu protein (vpu), envelope glycoprotein (env), and nef protein (nef) genes, complete cds
JF932485.1	0	HIV-1 isolate GZ070002 from China gag protein (gag) gene, complete cds; pol protein (pol) gene, partial cds; and vif protein (vif), vpr protein (vpr), tat protein (tat), rev protein (rev), vpu protein (vpu), envelope glycoprotein (env), and nef protein (nef) genes, complete cds
JF932486.1	0	HIV-1 isolate GZ070030 from China gag protein (gag) gene, complete cds; pol protein (pol) gene, partial cds; and vif protein (vif), vpr protein (vpr), tat protein (tat), rev protein (rev), vpu protein (vpu), envelope glycoprotein (env), and nef protein (nef) genes, complete cds
JF932487.1	0	HIV-1 isolate HB070006 from China gag protein (gag) gene, complete cds; pol protein (pol) gene, partial cds; and vif protein (vif), vpr protein (vpr), tat protein (tat), rev protein (rev), vpu protein (vpu), envelope glycoprotein (env), and nef protein (nef) genes, complete cds
JF932488.1	0	HIV-1 isolate HB070022 from China gag protein (gag) gene, complete cds; pol protein (pol) gene, partial cds; and vif protein (vif), vpr protein (vpr), tat protein (tat), rev protein (rev), vpu protein (vpu), envelope glycoprotein (env), and nef protein (nef) genes, complete cds
JF932489.1	0	HIV-1 isolate HB070035 from China gag protein (gag) gene, complete cds; pol protein (pol) gene, partial cds; and vif protein (vif), vpr protein (vpr), tat protein (tat), rev protein (rev), vpu protein (vpu), envelope glycoprotein (env), and nef protein (nef) genes, complete cds
JF932490.1	0	HIV-1 isolate JL070038 from China gag protein (gag) gene, complete cds; pol protein (pol) gene, partial cds; and vif protein (vif), vpr protein (vpr), tat protein (tat), rev protein (rev), vpu protein (vpu), envelope glycoprotein (env), and nef protein (nef) genes, complete cds
JF932493.1	0	HIV-1 isolate SX070080 from China gag protein (gag) gene, complete cds; pol protein (pol) gene, partial cds; and vif protein (vif), vpr protein (vpr), tat protein (tat), rev protein (rev), vpu protein (vpu), envelope glycoprotein (env), and nef protein (nef) genes, complete cds
JF932499.1	0	HIV-1 isolate hb070025 from China gag protein (gag) gene, complete cds; pol protein (pol) gene, partial cds; and vif protein (vif), vpr protein (vpr), tat protein (tat), rev protein (rev), vpu protein (vpu), envelope glycoprotein (env), and nef protein (nef) genes, complete cds
JF932500.1	0	HIV-1 isolate hen1345 from China gag protein (gag) gene, complete cds; pol protein (pol) gene, partial cds; and vif protein (vif), vpr protein (vpr), tat protein (tat), rev protein (rev), vpu protein (vpu), envelope glycoprotein (env), and nef protein (nef) genes, complete cds
JF932478.1	0	HIV-1 isolate CBJC476 from China gag protein (gag) gene, complete cds; pol protein (pol) gene, partial cds; and vif protein (vif), vpr protein (vpr), tat protein (tat), rev protein (rev), vpu protein (vpu), envelope glycoprotein (env), and nef protein (nef) genes, complete cds
JF932479.1	0	HIV-1 isolate CBJC489 from China gag protein (gag) gene, complete cds; pol protein (pol) gene, partial cds; and vif protein (vif), vpr protein (vpr), tat protein (tat), rev protein (rev), vpu protein (vpu), envelope glycoprotein (env), and nef protein (nef) genes, complete cds
JF932480.1	0	HIV-1 isolate CBJC500 from China gag protein (gag) gene, complete cds; pol protein (pol) gene, partial cds; and vif protein (vif), vpr protein (vpr), tat protein (tat), rev protein (rev), vpu protein (vpu), envelope glycoprotein (env), and nef protein (nef) genes, complete cds
JF932481.1	0	HIV-1 isolate CBJC503 from China gag protein (gag) gene, complete cds; pol protein (pol) gene, partial cds; and vif protein (vif), vpr protein (vpr), tat protein (tat), rev protein (rev), vpu protein (vpu), envelope glycoprotein (env), and nef protein (nef) genes, complete cds
JF932498.1	0	HIV-1 isolate cbjc468 from China gag protein (gag) gene, complete cds; pol protein (pol) gene, partial cds; and vif protein (vif), vpr protein (vpr), tat protein (tat), rev protein (rev), vpu protein (vpu), envelope glycoprotein (env), and nef protein (nef) genes, complete cds
KC596066.1	0	HIV-1 isolate DEMB09CN002 from China gag protein (gag) gene, complete cds; pol protein (pol) gene, partial cds; vif protein (vif), vpr protein (vpr), tat protein (tat), rev protein (rev), vpu protein (vpu), and envelope glycoprotein (env) genes, complete cds; and nonfunctional nef protein (nef) gene, complete sequence
JF932494.1	0	HIV-1 isolate YN09P0014 from China gag protein (gag) gene, complete cds; pol protein (pol) gene, partial cds; and vif protein (vif), vpr protein (vpr), tat protein (tat), rev protein (rev), vpu protein (vpu), envelope glycoprotein (env), and nef protein (nef) genes, complete cds
JF932497.1	0	HIV-1 isolate ZK042 from China gag protein (gag) gene, complete cds; pol protein (pol) gene, partial cds; and vif protein (vif), vpr protein (vpr), tat protein (tat), rev protein (rev), vpu protein (vpu), envelope glycoprotein (env), and nef protein (nef) genes, complete cds
JX140658.1	0	HIV-1 isolate DEMB10CN002 from China gag protein (gag) gene, complete cds; pol protein (pol) gene, partial cds; vif protein (vif) gene, complete cds; nonfunctional vpr protein (vpr) gene, complete sequence; and tat protein (tat), rev protein (rev), vpu protein (vpu), envelope glycoprotein (env), and nef protein (nef) genes, complete cds
KP109511.1	0	HIV-1 isolate DEMB12CN006 from China gag protein (gag) gene, complete cds; pol protein (pol) gene, partial cds; and vif protein (vif), vpr protein (vpr), tat protein (tat), rev protein (rev), vpu protein (vpu), envelope glycoprotein (env), and nef protein (nef) genes, complete cds
KP109512.1	0	HIV-1 isolate DEMB12CN010 from China gag protein (gag) gene, complete cds; pol protein (pol) gene, partial cds; and vif protein (vif), vpr protein (vpr), tat protein (tat), rev protein (rev), vpu protein (vpu), envelope glycoprotein (env), and nef protein (nef) genes, complete cds
KU724105.1	0	HIV-1 isolate BJMP3294B from China, complete genome
JF932495.1	0	HIV-1 isolate YN9802 from China gag protein (gag) gene, complete cds; pol protein (pol) gene, partial cds; and vif protein (vif), vpr protein (vpr), tat protein (tat), rev protein (rev), vpu protein (vpu), envelope glycoprotein (env), and nef protein (nef) genes, complete cds
JF932496.1	0	HIV-1 isolate YN9838 from China gag protein (gag) gene, complete cds; pol protein (pol) gene, partial cds; and vif protein (vif), vpr protein (vpr), tat protein (tat), rev protein (rev), vpu protein (vpu), envelope glycoprotein (env), and nef protein (nef) genes, complete cds
GU177863.1	0	HIV-1 isolate plwj from China, complete genome
U71182.1	0	HIV-1 isolate RL42 from China, complete genome
AY586542.2	0	HIV-1 isolate Cu19 from Cuba, complete genome
AY586543.2	0	HIV-1 isolate Cu43 from Cuba, complete genome
KU612900.1	0	HIV-1 isolate iso4-w10 from Germany, partial genome
KU612901.1	0	HIV-1 isolate iso5-h10 from Germany, partial genome
MK115683.1	0	HIV-1 isolate 9249_W0_6P11_S32 from Germany, partial genome
MK115918.1	0	HIV-1 isolate 9253_W0_4F3_S90 from Germany, partial genome
MW063064.1	0	HIV-1 isolate 9254_wk-2_6_E19 from Germany, complete genome
MK116212.1	0	HIV-1 isolate 9255_W12_5H24_S1 from Germany partial defective genome
MK086129.1	0	HIV-1 isolate Strain0526 from Germany, partial genome
U43096.1	0	Human immunodeficiency virus type 1 isolate D31
U43141.1	0	Human immunodeficiency virus type 1 complete genome
KC596067.1	0	HIV-1 isolate DEMBXXDE001 from Germany nonfunctional gag protein (gag) gene, complete sequence; pol protein (pol) gene, partial cds; and vif protein (vif), vpr protein (vpr), tat protein (tat), rev protein (rev), vpu protein (vpu), envelope glycoprotein (env), and nef protein (nef) genes, complete cds
EF514704.1	0	HIV-1 isolate CTL 016 from Denmark, complete genome
EF514705.1	0	HIV-1 isolate CTL 017 from Denmark, complete genome
EF514706.1	0	HIV-1 isolate CTL 018 from Denmark, complete genome
EF514707.1	0	HIV-1 isolate CTL 023 from Denmark, complete genome
EF514708.1	0	HIV-1 isolate CTL 030 from Denmark, complete genome
EF514710.1	0	HIV-1 isolate CTL 035 from Denmark, complete genome
EF514711.1	0	HIV-1 isolate CTL 041 from Denmark, complete genome
EF514712.1	0	HIV-1 isolate CTL 043 from Denmark, complete genome
EF514699.1	0	HIV-1 isolate PMVL 012 from Denmark, complete genome
EF514700.1	0	HIV-1 isolate PMVL 013 from Denmark, complete genome
EF514697.1	0	HIV-1 isolate PMVL 018 from Denmark, complete genome
EF514702.1	0	HIV-1 isolate PMVL 025 from Denmark, complete genome
EF514698.1	0	HIV-1 isolate PMVL 027 from Denmark, complete genome
EF514703.1	0	HIV-1 isolate PMVL 039 from Denmark, complete genome
EF514701.1	0	HIV-1 isolate PMVL 049 from Denmark, complete genome
FJ694790.1	0	HIV-1 isolate PMVL-011 from Denmark gag protein (gag) gene, complete cds; pol protein (pol) gene, partial cds; and vif protein (vif), vpr protein (vpr), tat protein (tat), rev protein (rev), vpu protein (vpu), envelope glycoprotein (env), and nef protein (nef) genes, complete cds
KY658702.1	0	HIV-1 isolate DEMB11DR001 from Dominican Republic, partial genome
KT200351.1	0	HIV-1 isolate R15 from Spain, complete genome
EU786672.1	0	HIV-1 isolate ES X1890 (B) from Spain, complete genome
KT200350.1	0	HIV-1 isolate R14 from Spain, complete genome
EU786675.1	0	HIV-1 isolate ES X1959 (B) from Spain, complete genome
EU786677.1	0	HIV-1 isolate ES X2102 (B) from Spain, complete genome
EU786678.1	0	HIV-1 isolate ES X2149 (B) from Spain, complete genome
EU786679.1	0	HIV-1 isolate ES X2210-3 (B) from Spain, complete genome
EU786680.1	0	HIV-1 isolate ES X2231 (B) from Spain, complete genome
GQ372988.1	0	HIV-1 isolate ES X2515-3 from Spain, complete genome
GQ372990.1	0	HIV-1 isolate ES X2556-3 from Spain, complete genome
FJ670531.1	0	HIV-1 strain ES P2008 from Spain, complete genome
KT200349.1	0	HIV-1 isolate R11 from Spain, complete genome
KT200354.1	0	HIV-1 isolate R5 from Spain, complete genome
KT200358.1	0	HIV-1 isolate R9 from Spain, complete genome
FJ670525.1	0	HIV-1 strain ES X2425-2 from Spain, complete genome
FJ853622.1	0	HIV-1 isolate ES X2510-2 (B) from Spain, complete genome
GU362883.1	0	HIV-1 isolate X2555-2 from Spain, partial genome
GU362886.1	0	HIV-1 isolate X2574-2 from Spain, partial genome
JX140656.1	0	HIV-1 isolate DEMB09BO001 from Spain gag protein (gag) gene, complete cds; pol protein (pol) gene, partial cds; vif protein (vif), vpr protein (vpr), tat protein (tat), rev protein (rev), vpu protein (vpu), and envelope glycoprotein (env) genes, complete cds; and nonfunctional nef protein (nef) gene, complete sequence
KC473841.1	0	HIV-1 isolate DEMB09ES007 from Spain gag protein (gag) gene, complete cds; pol protein (pol) gene, partial cds; vif protein (vif), vpr protein (vpr), tat protein (tat), and rev protein (rev) genes, complete cds; nonfunctional vpu protein (vpu) and nonfunctional env protein (env) genes, complete sequence; and nef protein (nef) gene, complete cds
GU362881.1	0	HIV-1 isolate P2149-3 from Spain, partial genome
GU362885.1	0	HIV-1 isolate X2689-2 from Spain, partial genome
MF157736.1	0	HIV-1 isolate X2730_2_nt0544_9494 from Spain, partial genome
KC473842.1	0	HIV-1 isolate DEMB10ES002 from Spain gag protein (gag) gene, complete cds; pol protein (pol) gene, partial cds; and vif protein (vif), vpr protein (vpr), tat protein (tat), rev protein (rev), vpu protein (vpu), envelope glycoprotein (env), and nef protein (nef) genes, complete cds
KT200352.1	0	HIV-1 isolate R3 from Spain, complete genome
KT200353.1	0	HIV-1 isolate R4 from Spain, complete genome
KT200355.1	0	HIV-1 isolate R6 from Spain, complete genome
KT200356.1	0	HIV-1 isolate R7 from Spain, complete genome
KT200357.1	0	HIV-1 isolate R8 from Spain, complete genome
KP109518.1	0	HIV-1 isolate DEMB13ES010 from Spain gag protein (gag) gene, complete cds; pol protein (pol) gene, partial cds; and vif protein (vif), vpr protein (vpr), tat protein (tat), rev protein (rev), vpu protein (vpu), envelope glycoprotein (env), and nef protein (nef) genes, complete cds
KT200348.1	0	HIV-1 isolate P6 from Spain, complete genome
KY465967.1	0	HIV-1 isolate 100 112 from Spain, partial genome
KT276255.1	0	HIV-1 isolate ARP1195 from Spain gag protein (gag) gene, complete cds; pol protein (pol) gene, partial cds; and vif protein (vif), vpr protein (vpr), tat protein (tat), rev protein (rev), vpu protein (vpu), envelope glycoprotein (env), and nef protein (nef) genes, complete cds
KT276256.1	0	HIV-1 isolate ARP1196 from Spain gag protein (gag) gene, complete cds; pol protein (pol) gene, partial cds; and vif protein (vif), vpr protein (vpr), tat protein (tat), rev protein (rev), vpu protein (vpu), envelope glycoprotein (env), and nef protein (nef) genes, complete cds
KT276262.1	0	HIV-1 isolate ARP1202 from Spain gag protein (gag) gene, complete cds; pol protein (pol) gene, partial cds; and vif protein (vif), vpr protein (vpr), tat protein (tat), rev protein (rev), vpu protein (vpu), envelope glycoprotein (env), and nef protein (nef) genes, complete cds
KT276263.1	0	HIV-1 isolate ARP1203 from Spain gag protein (gag) gene, complete cds; pol protein (pol) gene, partial cds; and vif protein (vif), vpr protein (vpr), tat protein (tat), rev protein (rev), vpu protein (vpu), envelope glycoprotein (env), and nef protein (nef) genes, complete cds
KT276264.1	0	HIV-1 isolate ARP1204 from Spain gag protein (gag) gene, complete cds; pol protein (pol) gene, partial cds; and vif protein (vif), vpr protein (vpr), tat protein (tat), rev protein (rev), vpu protein (vpu), envelope glycoprotein (env), and nef protein (nef) genes, complete cds
KT276266.1	0	HIV-1 isolate ARP1206 from Spain gag protein (gag) gene, complete cds; pol protein (pol) gene, partial cds; and vif protein (vif), vpr protein (vpr), tat protein (tat), rev protein (rev), vpu protein (vpu), envelope glycoprotein (env), and nef protein (nef) genes, complete cds
KT276267.1	0	HIV-1 isolate ARP1207 from Spain gag protein (gag) gene, complete cds; pol protein (pol) gene, partial cds; and vif protein (vif), vpr protein (vpr), tat protein (tat), rev protein (rev), vpu protein (vpu), envelope glycoprotein (env), and nef protein (nef) genes, complete cds
KT276268.1	0	HIV-1 isolate ARP1208 from Spain gag protein (gag) gene, complete cds; pol protein (pol) gene, partial cds; vif protein (vif), vpr protein (vpr), tat protein (tat), rev protein (rev), vpu protein (vpu), and envelope glycoprotein (env) genes, complete cds; and nef protein (nef) gene, partial cds
KU685591.1	0	HIV-1 isolate EUR-0031 from Spain gag protein (gag) gene, complete cds; pol protein (pol) gene, partial cds; and vif protein (vif), vpr protein (vpr), tat protein (tat), rev protein (rev), vpu protein (vpu), envelope glycoprotein (env), and nef protein (nef) genes, complete cds
KU685583.1	0	HIV-1 isolate EUR-0043 from Spain gag protein (gag) gene, complete cds; pol protein (pol) gene, partial cds; and vif protein (vif), vpr protein (vpr), tat protein (tat), rev protein (rev), vpu protein (vpu), envelope glycoprotein (env), and nef protein (nef) genes, complete cds
KU685584.1	0	HIV-1 isolate EUR-0044 from Spain gag protein (gag) gene, complete cds; pol protein (pol) gene, partial cds; and vif protein (vif), vpr protein (vpr), tat protein (tat), rev protein (rev), vpu protein (vpu), envelope glycoprotein (env), and nef protein (nef) genes, complete cds
KU685585.1	0	HIV-1 isolate EUR-0045 from Spain gag protein (gag) gene, complete cds; pol protein (pol) gene, partial cds; and vif protein (vif), vpr protein (vpr), tat protein (tat), rev protein (rev), vpu protein (vpu), envelope glycoprotein (env), and nef protein (nef) genes, complete cds
KU685586.1	0	HIV-1 isolate EUR-0046 from Spain gag protein (gag) gene, complete cds; pol protein (pol) gene, partial cds; vif protein (vif), vpr protein (vpr), tat protein (tat), rev protein (rev), vpu protein (vpu), and envelope glycoprotein (env) genes, complete cds; and nef protein (nef) gene, partial cds
KU685589.1	0	HIV-1 isolate EUR-0052 from Spain gag protein (gag) gene, complete cds; pol protein (pol) gene, partial cds; and vif protein (vif), vpr protein (vpr), tat protein (tat), rev protein (rev), vpu protein (vpu), envelope glycoprotein (env), and nef protein (nef) genes, complete cds
KU685590.1	0	HIV-1 isolate EUR-0053 from Spain gag protein (gag) gene, complete cds; pol protein (pol) gene, partial cds; and vif protein (vif), vpr protein (vpr), tat protein (tat), rev protein (rev), vpu protein (vpu), envelope glycoprotein (env), and nef protein (nef) genes, complete cds
KY989953.1	0	HIV-1 isolate 100596 from Spain, partial genome
KY989949.1	0	HIV-1 isolate 100597 from Spain, partial genome
KY989954.1	0	HIV-1 isolate 100598 from Spain, partial genome
KY989956.1	0	HIV-1 isolate 100600 from Spain, partial genome
KY465969.1	0	HIV-1 isolate 100 116 from Spain, partial genome
DQ854716.1	0	HIV-1 isolate U61 from Spain, complete genome
KU168261.1	0	HIV-1 isolate LA06ToXa from France, complete genome
JX140652.1	0	HIV-1 isolate DEMB05FR001 from France gag protein (gag) gene, complete cds; pol protein (pol) gene, partial cds; vif protein (vif) and vpr protein (vpr) genes, complete cds; nonfunctional tat protein (tat) gene, complete sequence; and rev protein (rev), vpu protein (vpu), envelope glycoprotein (env), and nef protein (nef) genes, complete cds
JX140654.1	0	HIV-1 isolate DEMB08FR002 from France gag protein (gag) gene, complete cds; pol protein (pol) gene, partial cds; and vif protein (vif), vpr protein (vpr), tat protein (tat), rev protein (rev), vpu protein (vpu), envelope glycoprotein (env), and nef protein (nef) genes, complete cds
KF716494.1	0	HIV-1 isolate DEMB09FR001 from France gag protein (gag) gene, complete cds; pol protein (pol) gene, partial cds; and vif protein (vif), vpr protein (vpr), tat protein (tat), rev protein (rev), vpu protein (vpu), envelope glycoprotein (env), and nef protein (nef) genes, complete cds
KF716495.1	0	HIV-1 isolate DEMB09FR002 from France gag protein (gag) gene, complete cds; pol protein (pol) gene, partial cds; and vif protein (vif), vpr protein (vpr), tat protein (tat), rev protein (rev), vpu protein (vpu), envelope glycoprotein (env), and nef protein (nef) genes, complete cds
ON421465.1	0	HIV-1 isolate AB-11D from France, complete genome
ON421478.1	0	HIV-1 isolate AE-B7 from France gag protein (gag) gene, complete cds; pol protein (pol) gene, partial cds; and vif protein (vif), vpr protein (vpr), tat protein (tat), rev protein (rev), vpu protein (vpu), envelope glycoprotein (env), and nef protein (nef) genes, complete cds
ON421498.1	0	HIV-1 isolate S-1A2 from France, complete genome
ON421507.1	0	HIV-1 isolate T-32D from France, complete genome
ON421509.1	0	HIV-1 isolate V-B3 from France, complete genome
M26727.1	0	Human immunodeficiency virus type 1 (HIV-1) proviral DNA, complete genome
HM586212.1	0	HIV-1 isolate MM45d213_GN1 from United Kingdom gag pseudogene, complete sequence; pol protein (pol) gene, partial cds; vif protein (vif), vpr protein (vpr), and tat protein (tat) genes, complete cds; rev pseudogene, complete sequence; vpu protein (vpu) gene, complete cds; and env and nef pseudogenes, complete sequence
KY658697.1	0	HIV-1 isolate DEMB08UK003 from United Kingdom, partial genome
MT794006.1	0	HIV-1 clone MM23.PBMC.QVOA.02738.002 from United Kingdom gag protein (gag) gene, complete cds; pol protein (pol) gene, partial cds; and vif protein (vif), vpr protein (vpr), tat protein (tat), rev protein (rev), vpu protein (vpu), envelope glycoprotein (env), and nef protein (nef) genes, complete cds
MT794569.1	0	HIV-1 clone MM34.PBMC.QVOA.02911.001 from United Kingdom gag protein (gag) gene, complete cds; pol protein (pol) gene, partial cds; vif protein (vif), vpr protein (vpr), tat protein (tat), rev protein (rev), and vpu protein (vpu) genes, complete cds; nonfunctional envelope glycoprotein (env) gene, complete sequence; and nef protein (nef) gene, complete cds
MT222951.1	0	HIV-1 isolate DEMB16UK018 from United Kingdom, complete genome
MT222952.1	0	HIV-1 isolate DEMB18UK020 from United Kingdom, complete genome
D10112.1	0	Human immunodeficiency virus 1 proviral DNA, complete genome
AJ271445.1	0	Human immunodeficiency virus type 1 proviral genome, isolate GB8, clone 46R
KJ019215.1	0	HIV-1 isolate NIBSC-1 from United Kingdom gag protein (gag), pol protein (pol), vif protein (vif), vpr protein (vpr), tat protein (tat), rev protein (rev), vpu protein (vpu), envelope glycoprotein (env), and nef protein (nef) genes, complete cds
U23487.1	0	Human immunodeficiency virus type 1 kidney sample from Manchester, UK, complete genome
MH078546.1	0	HIV-1 isolate DEMB14GW004 from Guinea-Bissau, partial genome
FJ460500.1	0	HIV-1 isolate HK003 from Hong Kong, complete genome
FJ460501.1	0	HIV-1 isolate HK004 from Hong Kong, complete genome
MH078551.1	0	HIV-1 isolate DEURF11HT001 from Haiti, partial genome
EF694037.1	0	HIV-1 isolate 11807 clone 1 from India gag protein (gag) gene, complete cds; pol protein (pol) gene, partial cds; vif protein (vif), vpr protein (vpr), tat protein (tat), rev protein (rev), and vpu protein (vpu) genes, complete cds; env gene, complete sequence; and nef protein (nef) gene, complete cds
AB289588.1	0	Human immunodeficiency virus 1 proviral DNA, complete genome, clone: p00JPDR2508B60
AB289590.1	0	Human immunodeficiency virus 1 proviral DNA, complete genome, clone: p01JPDR3884B50
AB221125.1	0	Human immunodeficiency virus 1 proviral DNA, complete genome, p04JPDR6075B-39
AB480696.1	0	Human immunodeficiency virus 1 proviral DNA, complete genome, clone: p04JPDR5913B56H
AB286955.1	0	Human immunodeficiency virus 1 proviral DNA, complete genome, clone: p04JPDR6089B17
AB480692.1	0	Human immunodeficiency virus 1 proviral DNA, complete genome, clone: p04JPDR6174B57
AB480694.1	0	Human immunodeficiency virus 1 proviral DNA, complete genome, clone: p04JPDR6175B30
AB287363.1	0	Human immunodeficiency virus 1 proviral DNA, complete genome, clone: p05JPDR6538B29
AB287364.1	0	Human immunodeficiency virus 1 proviral DNA, complete genome, clone: p05JPDR6737B13
AB287366.1	0	Human immunodeficiency virus 1 proviral DNA, complete genome, clone: p05JPDR7060B33
AB287368.1	0	Human immunodeficiency virus 1 proviral DNA, complete genome, clone: p05JPDR7065B46
AB731663.1	0	Human immunodeficiency virus 1 proviral DNA, complete genome, clone: 08JP_NMC104_clone_01
AB731667.1	0	Human immunodeficiency virus 1 proviral DNA, complete genome, clone: 09JP_NMC127_clone_07
KF716497.1	0	HIV-1 isolate DEMB11JP002 from Japan gag protein (gag) gene, complete cds; pol protein (pol) gene, partial cds; and vif protein (vif), vpr protein (vpr), tat protein (tat), rev protein (rev), vpu protein (vpu), envelope glycoprotein (env), and nef protein (nef) genes, complete cds
AB731669.1	0	Human immunodeficiency virus 1 proviral DNA, complete genome, clone: 11JP_NMC851C_clone_13
KF716498.1	0	HIV-1 isolate DEMB12JP001 from Japan gag protein (gag) gene, complete cds; pol protein (pol) gene, partial cds; and vif protein (vif), vpr protein (vpr), tat protein (tat), rev protein (rev), vpu protein (vpu), envelope glycoprotein (env), and nef protein (nef) genes, complete cds
AB480698.1	0	Human immunodeficiency virus 1 proviral DNA, complete genome, clone: p98JPDR1120B22
AB287370.1	0	Human immunodeficiency virus 1 proviral DNA, complete genome, clone: p99JPDR1348B72
AB564745.1	0	Human immunodeficiency virus 1 proviral DNA, complete genome, clone: pJPDR1673B41
AB604946.1	0	Human immunodeficiency virus 1 proviral DNA, complete genome, clone: pJPDR1712B75
AB565496.1	0	Human immunodeficiency virus 1 proviral DNA, complete genome, clone: pJRC03B38
AB565497.1	0	Human immunodeficiency virus 1 proviral DNA, complete genome, clone: pJRC05B15
AB565502.1	0	Human immunodeficiency virus 1 proviral DNA, complete genome, clone: pJRC65B30
AB565478.1	0	Human immunodeficiency virus 1 proviral DNA, complete genome, clone: pJPDR0796B02
AB641836.2	0	Human immunodeficiency virus 1 proviral DNA, complete genome, clone: pJRC57B09
MN043590.1	0	HIV-1 isolate 00LJI12 from South Korea, complete genome
KJ140264.1	0	HIV-1 isolate HP-19:02LGS11-3443 from South Korea, partial genome
KJ140265.1	0	HIV-1 isolate HP-20:02KJO10-3480 from South Korea, partial genome
KJ140249.2	0	HIV-1 isolate HP-4:02KGJ10-4782 from South Korea, partial genome
JQ316131.1	0	HIV-1 isolate 03HJY8, complete genome
JQ316128.1	0	HIV-1 isolate HP-9:03KDE11, complete genome
JQ316132.1	0	HIV-1 isolate 03KGS5, complete genome
JQ316127.2	0	HIV-1 isolate 03LSH1, complete genome
JQ316135.1	0	HIV-1 isolate 03YGS3, complete genome
JQ316133.1	0	HIV-1 isolate HP-8:04CWS5, complete genome
JQ316130.1	0	HIV-1 isolate 04KJS8, complete genome
DQ295193.1	0	HIV-1 isolate 04KMH5 from South Korea, complete genome
JQ316126.1	0	HIV-1 isolate HP-13:04KMK5, complete genome
AY839827.2	0	HIV-1 isolate 04LHS6 from South Korea gag protein (gag) gene, complete cds; pol protein (pol) gene, partial cds; and vif protein (vif), vpr protein (vpr), tat protein (tat), vpu protein (vpu), envelope glycoprotein (env), and nef protein (nef) genes, complete cds
DQ295192.1	0	HIV-1 isolate 04LSK7 from South Korea, complete genome
DQ295194.1	0	HIV-1 isolate 04WK7-HIV-1 wk from South Korea, complete genome
DQ837381.1	0	HIV-1 isolate 05CSR3 from South Korea, complete genome
JQ316134.1	0	HIV-1 isolate 05YJN2, complete genome
JQ341411.1	0	HIV-1 isolate 07KYY4 from South Korea, complete genome
MT021909.1	0	HIV-1 isolate KR021 from South Korea, partial genome
MW405324.1	0	HIV-1 isolate 12LJW12-HP-3 from South Korea, complete genome
MT559052.1	0	HIV-1 isolate HP-7:19LSM8-Aug-2019A from South Korea, partial genome
KF561442.2	0	HIV-1 isolate 91OSG10 from South Korea, partial genome
KJ140266.2	0	HIV-1 isolate 92LSW5-16702 from South Korea, partial genome
MT559045.1	0	HIV-1 isolate 93BGO2-Feb-1993 from South Korea, partial genome
MK577479.1	0	HIV-1 isolate 93JJS10 from South Korea, partial genome
MN237645.1	0	HIV-1 isolate 93KJK4 from South Korea, complete genome
KJ140262.2	0	HIV-1 isolate HP-17:93LSP3-16483 from South Korea, partial genome
JQ316129.1	0	HIV-1 isolate 99HYH2, complete genome
AB097870.1	0	Human immunodeficiency virus 1 proviral DNA, nearly complete genome, isolate:mSTD101
AY423387.1	0	HIV-1 isolate 671-00T36 from Netherlands, complete genome
U34604.1	0	Human immunodeficiency virus HIV-1, clone ACH320.2A.2.1, complete genome
AY970948.1	0	HIV-1 strain H434 clone 42-A1 from Netherlands, complete genome
JF320008.1	0	HIV-1 isolate 502-0524_FL04 from Peru gag protein (gag) gene, complete cds; pol protein (pol) gene, partial cds; and vif protein (vif), vpr protein (vpr), vpu protein (vpu), envelope glycoprotein (env), and nef protein (nef) genes, complete cds
JF320215.1	0	HIV-1 isolate 502-0648_FL02 from Peru gag protein (gag) gene, complete cds; pol protein (pol) gene, partial cds; vif protein (vif), vpr protein (vpr), vpu protein (vpu), and envelope glycoprotein (env) genes, complete cds; and nonfunctional nef protein (nef) gene, complete sequence
JF320208.1	0	HIV-1 isolate 502-0841_FL04 from Peru gag protein (gag) gene, complete cds; pol protein (pol) gene, partial cds; and vif protein (vif), vpr protein (vpr), vpu protein (vpu), envelope glycoprotein (env), and nef protein (nef) genes, complete cds
JF320244.1	0	HIV-1 isolate 502-2794_FL05 from Peru gag protein (gag) gene, complete cds; pol protein (pol) gene, partial cds; and vif protein (vif), vpr protein (vpr), vpu protein (vpu), envelope glycoprotein (env), and nef protein (nef) genes, complete cds
JF320191.1	0	HIV-1 isolate 502-0525_wg5 from Peru gag protein (gag) gene, complete cds; pol protein (pol) gene, partial cds; vif protein (vif), vpr protein (vpr), vpu protein (vpu), and envelope glycoprotein (env) genes, complete cds; and nonfunctional nef protein (nef) gene, complete sequence
JF320226.1	0	HIV-1 isolate 502-1047_wg5 from Peru nonfunctional gag protein (gag) gene, complete sequence; pol protein (pol) gene, partial cds; and vif protein (vif), vpr protein (vpr), vpu protein (vpu), envelope glycoprotein (env), and nef protein (nef) genes, complete cds
JF320013.1	0	HIV-1 isolate 502-1399_wg4 from Peru gag protein (gag) gene, complete cds; pol protein (pol) gene, partial cds; and vif protein (vif), vpr protein (vpr), vpu protein (vpu), envelope glycoprotein (env), and nef protein (nef) genes, complete cds
JF320018.1	0	HIV-1 isolate 502-2254_FL6 from Peru gag protein (gag) gene, complete cds; pol protein (pol) gene, partial cds; and vif protein (vif), vpr protein (vpr), vpu protein (vpu), envelope glycoprotein (env), and nef protein (nef) genes, complete cds
JF320028.1	0	HIV-1 isolate 502-2349_wg2 from Peru gag protein (gag) gene, complete cds; pol protein (pol) gene, partial cds; and vif protein (vif), vpr protein (vpr), vpu protein (vpu), envelope glycoprotein (env), and nef protein (nef) genes, complete cds
JF320189.1	0	HIV-1 isolate 502-2622_wg1 from Peru gag protein (gag) gene, complete cds; pol protein (pol) gene, partial cds; and vif protein (vif), vpr protein (vpr), vpu protein (vpu), envelope glycoprotein (env), and nef protein (nef) genes, complete cds
JF320019.1	0	HIV-1 isolate 502-2649_wg8 from Peru gag protein (gag) gene, complete cds; pol protein (pol) gene, partial cds; and vif protein (vif), vpr protein (vpr), vpu protein (vpu), envelope glycoprotein (env), and nef protein (nef) genes, complete cds
MN887108.1	0	HIV-1 isolate DMTF1 from Peru, complete genome
MN887109.1	0	HIV-1 isolate FAM193 from Peru, complete genome
MN887110.1	0	HIV-1 isolate SEC11A from Peru, complete genome
MH078552.1	0	HIV-1 isolate DEMB13PE010 from Peru, partial genome
MH078553.1	0	HIV-1 isolate DEMB14PE008 from Peru, partial genome
MN703133.1	0	HIV-1 isolate DEMB14PE012 from Peru, complete genome
MN703134.1	0	HIV-1 isolate DEMB15PE001 from Peru, complete genome
MH078554.1	0	HIV-1 isolate DEMB16PE003 from Peru, partial genome
MH078555.1	0	HIV-1 isolate DEMB16PE009 from Peru, partial genome
KY658690.1	0	HIV-1 isolate DEMB15PH003 from Philippines, partial genome
MH327757.1	0	HIV-1 isolate 1022 from Philippines, complete genome
KC596069.1	0	HIV-1 isolate DEMBXXPL001 from Poland gag protein (gag) gene, complete cds; pol protein (pol) gene, partial cds; vif protein (vif), vpr protein (vpr), tat protein (tat), and rev protein (rev) genes, complete cds; nonfunctional vpu protein (vpu) gene, complete sequence; and envelope glycoprotein (env) and nef protein (nef) genes, complete cds
AY682547.1	0	HIV-1 isolate 04RU128005 from Russia, complete genome
AY751406.1	0	HIV-1 isolate 04RU129005 from Russia, complete genome
AY751407.1	0	HIV-1 isolate 04RU139089 from Russia, complete genome
AY819715.1	0	HIV-1 isolate 04RU139095 from Russia, complete genome
JX500709.1	0	HIV-1 isolate 09RU4457 from Russia, partial genome
JX500707.1	0	HIV-1 isolate 10RU6629 from Russia, partial genome
JX500708.1	0	HIV-1 isolate 11RU21n from Russia, partial genome
MN703140.1	0	HIV-1 isolate DEMB14RU009 from Russia, complete genome
MZ427754.1	0	HIV-1 isolate RU_ERS_2994_2015 from Russia, complete genome
MZ427750.1	0	HIV-1 isolate RU_ERS_3020_2015 from Russia, complete genome
MZ427719.1	0	HIV-1 isolate RU_ERS_543_2015 from Russia, complete genome
MZ427718.1	0	HIV-1 isolate RU_ERS_546_2015 from Russia, complete genome
MZ427724.1	0	HIV-1 isolate RU_ERS_777_2015 from Russia, complete genome
MZ427753.1	0	HIV-1 isolate RU_ERS_3053_2016 from Russia, complete genome
MZ427761.1	0	HIV-1 isolate RU_ERS_3121_2017 from Russia, complete genome
MZ427763.1	0	HIV-1 isolate RU_ERS_3136_2017 from Russia, complete genome
MZ427714.1	0	HIV-1 isolate RU_ERS_2312_2018 from Russia, complete genome
MZ427699.1	0	HIV-1 isolate RU_ERS_2631_2018 from Russia, complete genome
MZ427702.1	0	HIV-1 isolate RU_ERS_2900_2018 from Russia, complete genome
MZ427703.1	0	HIV-1 isolate RU_ERS_2917_2018 from Russia, complete genome
MZ427768.1	0	HIV-1 isolate RU_ERS_3196_2018 from Russia, complete genome
MZ427772.1	0	HIV-1 isolate RU_ERS_3287_2018 from Russia, complete genome
MZ427774.1	0	HIV-1 isolate RU_ERS_3304_2018 from Russia, complete genome
MZ427707.1	0	HIV-1 isolate RU_ERS_3888_2018 from Russia, complete genome
MZ427745.1	0	HIV-1 isolate RU_ERS_3653_2019 from Russia, complete genome
MZ427728.1	0	HIV-1 isolate RU_ERS_3656_2019 from Russia, complete genome
MZ427740.1	0	HIV-1 isolate RU_ERS_3660_2019 from Russia, complete genome
MZ427736.1	0	HIV-1 isolate RU_ERS_3691_2019 from Russia, complete genome
MZ427741.1	0	HIV-1 isolate RU_ERS_3705_2019 from Russia, complete genome
MZ427732.1	0	HIV-1 isolate RU_ERS_3728_2019 from Russia, complete genome
MZ427739.1	0	HIV-1 isolate RU_ERS_3746_2019 from Russia, complete genome
MZ427708.1	0	HIV-1 isolate RU_ERS_3596_2020 from Russia, complete genome
MZ427713.1	0	HIV-1 isolate RU_ERS_3624_2020 from Russia, complete genome
MN736700.1	0	HIV-1 isolate Sample29_SI257 from Slovenia gag protein (gag) gene, complete cds; pol protein (pol) gene, partial cds; and vif protein (vif), vpr protein (vpr), tat protein (tat), rev protein (rev), vpu protein (vpu), envelope glycoprotein (env), and nef protein (nef) genes, complete cds
MN736704.1	0	HIV-1 isolate Sample43_SI378 from Slovenia gag protein (gag) gene, complete cds; pol protein (pol) gene, partial cds; vif protein (vif), vpr protein (vpr), tat protein (tat), rev protein (rev), vpu protein (vpu), and envelope glycoprotein (env) genes, complete cds; and nef protein (nef) gene, partial cds
MN736706.1	0	HIV-1 isolate Sample56_SI457 from Slovenia gag protein (gag) gene, complete cds; pol protein (pol) gene, partial cds; and vif protein (vif), vpr protein (vpr), tat protein (tat), rev protein (rev), vpu protein (vpu), envelope glycoprotein (env), and nef protein (nef) genes, complete cds
MN736698.1	0	HIV-1 isolate Sample12_SI159 from Slovenia gag protein (gag) gene, complete cds; pol protein (pol) gene, partial cds; and vif protein (vif), vpr protein (vpr), tat protein (tat), rev protein (rev), vpu protein (vpu), envelope glycoprotein (env), and nef protein (nef) genes, complete cds
MN736707.1	0	HIV-1 isolate Sample65_SI497 from Slovenia gag protein (gag) gene, complete cds; pol protein (pol) gene, partial cds; and vif protein (vif), vpr protein (vpr), tat protein (tat), rev protein (rev), vpu protein (vpu), envelope glycoprotein (env), and nef protein (nef) genes, complete cds
JX446800.1	0	HIV-1 isolate AA010a_WG3 from Thailand gag protein (gag) gene, complete cds; pol protein (pol) gene, partial cds; and vif protein (vif), vpr protein (vpr), vpu protein (vpu), envelope glycoprotein (env), and nef protein (nef) genes, complete cds
JX447156.1	0	HIV-1 isolate AA040a_WG11 from Thailand gag protein (gag) gene, complete cds; pol protein (pol) gene, partial cds; and vif protein (vif), vpr protein (vpr), vpu protein (vpu), envelope glycoprotein (env), and nef protein (nef) genes, complete cds
KP109514.1	0	HIV-1 isolate DEMB10TH002 from Thailand gag protein (gag) gene, complete cds; pol protein (pol) gene, partial cds; and vif protein (vif), vpr protein (vpr), tat protein (tat), rev protein (rev), vpu protein (vpu), envelope glycoprotein (env), and nef protein (nef) genes, complete cds
ON863216.1	0	HIV-1 isolate F_OnART_67 from Thailand, complete genome
AY173951.1	0	HIV-1 isolate BK132 from Thailand, complete genome
AF086817.1	0	HIV-1 strain LM49 isolate TWCYS from Taiwan, complete genome
DQ853436.1	0	HIV-1 isolate 14294.1 from USA, complete genome
EF363123.1	0	HIV-1 clone ES1-20 from USA, complete genome
JN944917.1	0	HIV-1 isolate RHPA_TF1 from USA gag protein (gag) gene, complete cds; pol protein (pol) gene, partial cds; and vif protein (vif), vpr protein (vpr), tat protein (tat), rev protein (rev), vpu protein (vpu), envelope glycoprotein (env), and nef protein (nef) genes, complete cds
JN944930.1	0	HIV-1 isolate THRO_TF1 from USA gag protein (gag) gene, complete cds; pol protein (pol) gene, partial cds; vif protein (vif), vpr protein (vpr), tat protein (tat), rev protein (rev), vpu protein (vpu), and envelope glycoprotein (env) genes, complete cds; and nonfunctional nef protein (nef) gene, complete sequence
FJ496169.1	0	HIV-1 isolate WITO_flB3 from USA, complete genome
JN944911.1	0	HIV-1 isolate REJO_TF1 from USA gag protein (gag) gene, complete cds; pol protein (pol) gene, partial cds; and vif protein (vif), vpr protein (vpr), tat protein (tat), rev protein (rev), vpu protein (vpu), envelope glycoprotein (env), and nef protein (nef) genes, complete cds
FJ496151.1	0	HIV-1 isolate TRJO_flA1 from USA, complete genome
FJ496078.1	0	HIV-1 isolate 04013226_2_flH11 from USA, complete genome
KC473846.1	0	HIV-1 isolate DEMB03JP004 from USA nonfunctional gag protein (gag) gene, complete sequence; pol protein (pol) gene, partial cds; and vif protein (vif), vpr protein (vpr), tat protein (tat), rev protein (rev), vpu protein (vpu), envelope glycoprotein (env), and nef protein (nef) genes, complete cds
EF363127.1	0	HIV-1 clone ES10-53 from USA, complete genome
EF363124.1	0	HIV-1 clone ES4-24 from USA, complete genome
EF363126.1	0	HIV-1 clone ES8-43 from USA, complete genome
ON015135.1	0	HIV-1 isolate Pt21_St_2004_DNA_3-10 from USA gag protein (gag) gene, complete cds; pol protein (pol) gene, partial cds; vif protein (vif), vpr protein (vpr), tat protein (tat), rev protein (rev), vpu protein (vpu), and envelope glycoprotein (env) genes, complete cds; and nonfunctional nef protein (nef) gene, complete sequence
EU547186.1	0	HIV-1 isolate SAMI_WGA1 from USA, complete genome
JN024210.1	0	HIV-1 isolate USPI71101EI7y04051pcWG2B9 from USA gag protein (gag) gene, complete cds; pol protein (pol) gene, partial cds; and vif protein (vif), vpr protein (vpr), tat protein (tat), rev protein (rev), vpu protein (vpu), envelope glycoprotein (env), and nef protein (nef) genes, complete cds
JN024100.1	0	HIV-1 isolate USPI83747EI6y04121pcWG2B5 from USA gag protein (gag) gene, complete cds; pol protein (pol) gene, partial cds; and vif protein (vif), vpr protein (vpr), tat protein (tat), rev protein (rev), vpu protein (vpu), envelope glycoprotein (env), and nef protein (nef) genes, complete cds
FJ496081.1	0	HIV-1 isolate 04013396_0_flE6 from USA, complete genome
MK383403.1	0	HIV-1 isolate 11Pt3-2005-P1H10 from USA, partial genome
JF320059.1	0	HIV-1 isolate 502-0223_wg1 from USA gag protein (gag) gene, complete cds; pol protein (pol) gene, partial cds; and vif protein (vif), vpr protein (vpr), vpu protein (vpu), envelope glycoprotein (env), and nef protein (nef) genes, complete cds
JF320043.1	0	HIV-1 isolate 502-1400_FL02 from USA gag protein (gag) gene, complete cds; pol protein (pol) gene, partial cds; and vif protein (vif), vpr protein (vpr), vpu protein (vpu), envelope glycoprotein (env), and nef protein (nef) genes, complete cds
JF320185.1	0	HIV-1 isolate 502-2136_FL02 from USA gag protein (gag) gene, complete cds; nonfunctional pol protein (pol) gene, partial sequence; vif protein (vif), vpr protein (vpr), and vpu protein (vpu) genes, complete cds; nonfunctional envelope glycoprotein (env) gene, complete sequence; and nef protein (nef) gene, complete cds
JF320054.1	0	HIV-1 isolate 502-2495_wg02 from USA gag protein (gag) gene, complete cds; pol protein (pol) gene, partial cds; and vif protein (vif), vpr protein (vpr), vpu protein (vpu), envelope glycoprotein (env), and nef protein (nef) genes, complete cds
FJ469717.1	0	HIV-1 isolate CR0307R from USA gag protein (gag) gene, complete cds; pol protein (pol) gene, partial cds; and truncated envelope glycoprotein (env) and nef protein (nef) genes, complete cds
KF990605.1	0	HIV-1 clone MDR-1c from USA, complete genome
JN024363.1	0	HIV-1 isolate USPI38417EI33y05051pcWG2B2 from USA gag protein (gag) gene, complete cds; pol protein (pol) gene, partial cds; vif protein (vif), vpr protein (vpr), tat protein (tat), and rev protein (rev) genes, complete cds; nonfunctional vpu protein (vpu) gene, complete sequence; and envelope glycoprotein (env) and nef protein (nef) genes, complete cds
JN024344.1	0	HIV-1 isolate USPI88403EI14y05121pcWG2B7 from USA gag protein (gag) gene, complete cds; pol protein (pol) gene, partial cds; and vif protein (vif), vpr protein (vpr), tat protein (tat), rev protein (rev), vpu protein (vpu), envelope glycoprotein (env), and nef protein (nef) genes, complete cds
JF320003.1	0	HIV-1 isolate 502-0341_FL05 from USA gag protein (gag) gene, complete cds; pol protein (pol) gene, partial cds; and vif protein (vif), vpr protein (vpr), vpu protein (vpu), envelope glycoprotein (env), and nef protein (nef) genes, complete cds
JF320564.1	0	HIV-1 isolate 502-1046_FL04 from USA gag protein (gag) gene, complete cds; pol protein (pol) gene, partial cds; and vif protein (vif), vpr protein (vpr), vpu protein (vpu), envelope glycoprotein (env), and nef protein (nef) genes, complete cds
JF320053.1	0	HIV-1 isolate 502-1174_FL09 from USA gag protein (gag) gene, complete cds; pol protein (pol) gene, partial cds; and vif protein (vif), vpr protein (vpr), vpu protein (vpu), envelope glycoprotein (env), and nef protein (nef) genes, complete cds
JF320151.1	0	HIV-1 isolate 502-1211_FL01 from USA gag protein (gag) gene, complete cds; pol protein (pol) gene, partial cds; and vif protein (vif), vpr protein (vpr), vpu protein (vpu), envelope glycoprotein (env), and nef protein (nef) genes, complete cds
JF320126.1	0	HIV-1 isolate 502-1619_FL06 from USA gag protein (gag) gene, complete cds; pol protein (pol) gene, partial cds; and vif protein (vif), vpr protein (vpr), vpu protein (vpu), envelope glycoprotein (env), and nef protein (nef) genes, complete cds
JF320145.1	0	HIV-1 isolate 502-2667_FL03 from USA gag protein (gag) gene, complete cds; pol protein (pol) gene, partial cds; vif protein (vif), vpr protein (vpr), and vpu protein (vpu) genes, complete cds; nonfunctional envelope glycoprotein (env) gene, complete sequence; and nef protein (nef) gene, complete cds
JN944897.1	0	HIV-1 isolate CH106_TF1 from USA gag protein (gag) gene, complete cds; pol protein (pol) gene, partial cds; and vif protein (vif), vpr protein (vpr), tat protein (tat), rev protein (rev), vpu protein (vpu), envelope glycoprotein (env), and nef protein (nef) genes, complete cds
KY112061.1	0	HIV-1 isolate CH148.PL.191206.BE.3 from USA gag protein (gag) gene, complete cds; pol protein (pol) gene, partial cds; and vif protein (vif), vpr protein (vpr), tat protein (tat), rev protein (rev), vpu protein (vpu), envelope glycoprotein (env), and nef protein (nef) genes, complete cds
FJ495941.1	0	HIV-1 isolate CH58E_flA9 from USA, complete genome
FJ496000.1	0	HIV-1 isolate CH77E_flA1 from USA, complete genome
KF990608.1	0	HIV-1 clone MDR-5a from USA, complete genome
MK383385.1	0	HIV-1 isolate 102Pt2-2007-P5E11 from USA, partial genome
JF320563.1	0	HIV-1 isolate 502-0364_wg2 from USA gag protein (gag) gene, complete cds; pol protein (pol) gene, partial cds; and vif protein (vif), vpr protein (vpr), vpu protein (vpu), envelope glycoprotein (env), and nef protein (nef) genes, complete cds
JF320045.1	0	HIV-1 isolate 502-1115_wg1 from USA gag protein (gag) gene, complete cds; pol protein (pol) gene, partial cds; and vif protein (vif), vpr protein (vpr), vpu protein (vpu), envelope glycoprotein (env), and nef protein (nef) genes, complete cds
JF320150.1	0	HIV-1 isolate 502-1478_wg4 from USA gag protein (gag) gene, complete cds; pol protein (pol) gene, partial cds; vif protein (vif), vpr protein (vpr), vpu protein (vpu), and envelope glycoprotein (env) genes, complete cds; and nonfunctional nef protein (nef) gene, complete sequence
JF320182.1	0	HIV-1 isolate 502-1897_wg6 from USA gag protein (gag) gene, complete cds; pol protein (pol) gene, partial cds; vif protein (vif), vpr protein (vpr), vpu protein (vpu), and envelope glycoprotein (env) genes, complete cds; and nonfunctional nef protein (nef) gene, complete sequence
JF320197.1	0	HIV-1 isolate 502-2289_05 from USA gag protein (gag) gene, complete cds; pol protein (pol) gene, partial cds; and vif protein (vif), vpr protein (vpr), vpu protein (vpu), envelope glycoprotein (env), and nef protein (nef) genes, complete cds
MK383397.1	0	HIV-1 isolate 116Pt1-2008-P8F12 from USA, partial genome
JX974238.1	0	HIV-1 isolate B.700010607.S.0dps.BF13 from USA gag protein (gag) gene, complete cds; pol protein (pol) gene, partial cds; vif protein (vif), vpr protein (vpr), tat protein (tat), rev protein (rev), vpu protein (vpu), and envelope glycoprotein (env) genes, complete cds; and nonfunctional nef protein (nef) gene, complete sequence
KY112135.1	0	HIV-1 isolate CH302.PL.041608.UT.7 from USA gag protein (gag) gene, complete cds; pol protein (pol) gene, partial cds; and vif protein (vif), vpr protein (vpr), tat protein (tat), rev protein (rev), vpu protein (vpu), envelope glycoprotein (env), and nef protein (nef) genes, complete cds
KY112149.1	0	HIV-1 isolate CH378.PL.080508.UT.15 from USA gag protein (gag) gene, complete cds; pol protein (pol) gene, partial cds; and vif protein (vif), vpr protein (vpr), tat protein (tat), rev protein (rev), vpu protein (vpu), envelope glycoprotein (env), and nef protein (nef) genes, complete cds
KY112490.1	0	HIV-1 isolate CH742.SE.091008.UT.8 from USA gag protein (gag) gene, complete cds; pol protein (pol) gene, partial cds; and vif protein (vif), vpr protein (vpr), tat protein (tat), rev protein (rev), vpu protein (vpu), envelope glycoprotein (env), and nef protein (nef) genes, complete cds
MW924809.1	0	HIV-1 isolate HIV/USA/AC07_pre from USA, complete genome
GU733713.1	0	HIV-1 clone C1P from USA, complete genome
JX140657.1	0	HIV-1 isolate DEMB09US002 from USA gag protein (gag) gene, complete cds; pol protein (pol) gene, partial cds; and vif protein (vif), vpr protein (vpr), tat protein (tat), rev protein (rev), vpu protein (vpu), envelope glycoprotein (env), and nef protein (nef) genes, complete cds
KC473824.1	0	HIV-1 isolate DEMB09US003 from USA gag protein (gag) gene, complete cds; pol protein (pol) gene, partial cds; and vif protein (vif), vpr protein (vpr), tat protein (tat), rev protein (rev), vpu protein (vpu), envelope glycoprotein (env), and nef protein (nef) genes, complete cds
KC935958.1	0	UNVERIFIED: HIV-1 isolate ES38 from USA genomic sequence
MW924798.1	0	HIV-1 isolate HIV/USA/AC01_post from USA, complete genome
KC935959.1	0	UNVERIFIED: HIV-1 isolate LTNP1 from USA genomic sequence
ON015289.1	0	HIV-1 isolate Pt11_JM_DNA_5 from USA nonfunctional gag protein (gag) gene, complete sequence; nonfunctional pol protein (pol) gene, partial sequence; and vif protein (vif), vpr protein (vpr), tat protein (tat), rev protein (rev), vpu protein (vpu), envelope glycoprotein (env), and nef protein (nef) genes, complete cds
MK383384.1	0	HIV-1 isolate 100Pt4-2010-P5E9 from USA, partial genome
KF526141.1	0	HIV-1 isolate 10CB4_45E6 from USA gag protein (gag) gene, complete cds; pol protein (pol) gene, partial cds; and vif protein (vif), vpr protein (vpr), tat protein (tat), rev protein (rev), vpu protein (vpu), envelope glycoprotein (env), and nef protein (nef) genes, complete cds
MG196775.1	0	HIV-1 isolate 505_0686a.WG01 from USA gag protein (gag) gene, complete cds; pol protein (pol) gene, partial cds; and vif protein (vif), vpr protein (vpr), tat protein (tat), rev protein (rev), vpu protein (vpu), envelope glycoprotein (env), and nef protein (nef) genes, complete cds
MG196787.1	0	HIV-1 isolate 505_0695a.WG06 from USA gag protein (gag) gene, complete cds; pol protein (pol) gene, partial cds; and vif protein (vif), vpr protein (vpr), tat protein (tat), rev protein (rev), vpu protein (vpu), envelope glycoprotein (env), and nef protein (nef) genes, complete cds
MG197210.1	0	HIV-1 isolate 505_2483a.WG03 from USA gag protein (gag) gene, complete cds; pol protein (pol) gene, partial cds; and vif protein (vif), vpr protein (vpr), tat protein (tat), rev protein (rev), vpu protein (vpu), envelope glycoprotein (env), and nef protein (nef) genes, complete cds
JN397365.1	0	UNVERIFIED: HIV-1 isolate CP1 from USA, partial genome
KC473825.1	0	HIV-1 isolate DEMB10US001 from USA gag protein (gag) gene, complete cds; pol protein (pol) gene, partial cds; vif protein (vif) and vpr protein (vpr) genes, complete cds; nonfunctional tat protein (tat) gene, complete sequence; and rev protein (rev), vpu protein (vpu), envelope glycoprotein (env), and nef protein (nef) genes, complete cds
KC473826.1	0	HIV-1 isolate DEMB10US003 from USA gag protein (gag) gene, complete cds; pol protein (pol) gene, partial cds; and vif protein (vif), vpr protein (vpr), tat protein (tat), rev protein (rev), vpu protein (vpu), envelope glycoprotein (env), and nef protein (nef) genes, complete cds
KC473827.1	0	HIV-1 isolate DEMB10US004 from USA gag protein (gag) gene, complete cds; pol protein (pol) gene, partial cds; vif protein (vif), vpr protein (vpr), tat protein (tat), rev protein (rev), vpu protein (vpu), and envelope glycoprotein (env) genes, complete cds; and nonfunctional nef protein (nef) gene, complete sequence
KC473828.1	0	HIV-1 isolate DEMB10US007 from USA nonfunctional gag protein (gag) gene, complete sequence; pol protein (pol) gene, partial cds; vif protein (vif), vpr protein (vpr), tat protein (tat), rev protein (rev), vpu protein (vpu), and envelope glycoprotein (env) genes, complete cds; and nonfunctional nef protein (nef) gene, complete sequence
KC473829.1	0	HIV-1 isolate DEMB10US009 from USA gag protein (gag) gene, complete cds; pol protein (pol) gene, partial cds; vif protein (vif), vpr protein (vpr), tat protein (tat), rev protein (rev), vpu protein (vpu), and envelope glycoprotein (env) genes, complete cds; and nonfunctional nef protein (nef) gene, complete sequence
KC473830.1	0	HIV-1 isolate DEMB10US011 from USA gag protein (gag) gene, complete cds; pol protein (pol) gene, partial cds; vif protein (vif), vpr protein (vpr), and tat protein (tat) genes, complete cds; nonfunctional rev protein (rev) gene, complete sequence; and vpu protein (vpu), envelope glycoprotein (env), and nef protein (nef) genes, complete cds
KU677990.1	0	UNVERIFIED: HIV-1 clone Pt1_DNA_2 from USA genomic sequence
KU678074.1	0	UNVERIFIED: HIV-1 clone Pt4_DNA_5 from USA genomic sequence
ON015286.1	0	HIV-1 isolate Pt6_AP_DNA_end_7_3 from USA nonfunctional gag protein (gag) gene, complete sequence; pol protein (pol) gene, partial cds; vif protein (vif) and vpr protein (vpr) genes, complete cds; nonfunctional tat protein (tat) gene, complete sequence; rev protein (rev) gene, complete cds; nonfunctional vpu protein (vpu) gene, complete sequence; envelope glycoprotein (env) gene, complete cds; and nef protein (nef) gene, partial cds
JN397364.1	0	UNVERIFIED: HIV-1 isolate VC1 from USA, partial genome
KF526265.1	0	HIV-1 isolate 20CB4_46F1 from USA gag protein (gag) gene, complete cds; pol protein (pol) gene, partial cds; and vif protein (vif), vpr protein (vpr), tat protein (tat), rev protein (rev), vpu protein (vpu), envelope glycoprotein (env), and nef protein (nef) genes, complete cds
KF526312.1	0	HIV-1 isolate 22CC9_induced from USA gag protein (gag) gene, complete cds; pol protein (pol) gene, partial cds; and vif protein (vif), vpr protein (vpr), tat protein (tat), rev protein (rev), vpu protein (vpu), envelope glycoprotein (env), and nef protein (nef) genes, complete cds
KF526323.1	0	HIV-1 isolate 23CB6_induced from USA gag protein (gag) gene, complete cds; pol protein (pol) gene, partial cds; and vif protein (vif), vpr protein (vpr), tat protein (tat), rev protein (rev), vpu protein (vpu), envelope glycoprotein (env), and nef protein (nef) genes, complete cds
MG196672.1	0	HIV-1 isolate 505_0071a.WG04 from USA gag protein (gag) gene, complete cds; pol protein (pol) gene, partial cds; and vif protein (vif), vpr protein (vpr), tat protein (tat), rev protein (rev), vpu protein (vpu), envelope glycoprotein (env), and nef protein (nef) genes, complete cds
MG196689.1	0	HIV-1 isolate 505_0102a.WG01 from USA gag protein (gag) gene, complete cds; pol protein (pol) gene, partial cds; and vif protein (vif), vpr protein (vpr), tat protein (tat), rev protein (rev), vpu protein (vpu), envelope glycoprotein (env), and nef protein (nef) genes, complete cds
MG196758.1	0	HIV-1 isolate 505_0396a.WG8 from USA gag protein (gag) gene, complete cds; pol protein (pol) gene, partial cds; vif protein (vif), vpr protein (vpr), tat protein (tat), rev protein (rev), and vpu protein (vpu) genes, complete cds; nonfunctional envelope glycoprotein (env) gene, complete sequence; and nef protein (nef) gene, complete cds
MG196815.1	0	HIV-1 isolate 505_0724a.WG02 from USA nonfunctional gag protein (gag) gene, complete sequence; pol protein (pol) gene, partial cds; and vif protein (vif), vpr protein (vpr), tat protein (tat), rev protein (rev), vpu protein (vpu), envelope glycoprotein (env), and nef protein (nef) genes, complete cds
MG197084.1	0	HIV-1 isolate 505_1730a.WG08 from USA gag protein (gag) gene, complete cds; pol protein (pol) gene, partial cds; and vif protein (vif), vpr protein (vpr), tat protein (tat), rev protein (rev), vpu protein (vpu), envelope glycoprotein (env), and nef protein (nef) genes, complete cds
MG197146.1	0	HIV-1 isolate 505_1982a.WG07 from USA gag protein (gag) gene, complete cds; pol protein (pol) gene, partial cds; and vif protein (vif), vpr protein (vpr), tat protein (tat), rev protein (rev), vpu protein (vpu), envelope glycoprotein (env), and nef protein (nef) genes, complete cds
KU641402.1	0	HIV-1 isolate AMBI-CLONE, complete genome
KF384798.1	0	HIV-1 isolate CP10-3A from USA, partial genome
KF384799.1	0	HIV-1 isolate CP12-10 from USA, partial genome
KF384800.1	0	HIV-1 isolate CP13-2 from USA, partial genome
KF384801.1	0	HIV-1 isolate CP3-6 from USA, partial genome
KF384802.1	0	HIV-1 isolate CP4-2B from USA, partial genome
KF384803.1	0	HIV-1 isolate CP5-3A from USA, partial genome
KF384804.1	0	HIV-1 isolate CP6-2E from USA, partial genome
KF384805.1	0	HIV-1 isolate CP7-2B from USA, partial genome
KF384806.1	0	HIV-1 isolate CP8-4 from USA, partial genome
KF384807.1	0	HIV-1 isolate CP9-1A from USA, partial genome
KC473831.1	0	HIV-1 isolate DEMB11US002 from USA nonfunctional gag protein (gag) gene, complete sequence; pol protein (pol) gene, partial cds; vif protein (vif), vpr protein (vpr), tat protein (tat), rev protein (rev), vpu protein (vpu), and envelope glycoprotein (env) genes, complete cds; and nonfunctional nef protein (nef) gene, complete sequence
KC473832.1	0	HIV-1 isolate DEMB11US004 from USA gag protein (gag) gene, complete cds; pol protein (pol) gene, partial cds; vif protein (vif), vpr protein (vpr), tat protein (tat), rev protein (rev), vpu protein (vpu), and envelope glycoprotein (env) genes, complete cds; and nonfunctional nef protein (nef) gene, complete sequence
KC473833.1	0	HIV-1 isolate DEMB11US006 from USA gag protein (gag) gene, complete cds; pol protein (pol) gene, partial cds; and vif protein (vif), vpr protein (vpr), tat protein (tat), rev protein (rev), vpu protein (vpu), envelope glycoprotein (env), and nef protein (nef) genes, complete cds
KC473834.1	0	HIV-1 isolate DEMB11US011 from USA gag protein (gag) gene, complete cds; pol protein (pol) gene, partial cds; vif protein (vif), vpr protein (vpr), tat protein (tat), rev protein (rev), vpu protein (vpu), and envelope glycoprotein (env) genes, complete cds; and nonfunctional nef protein (nef) gene, complete sequence
KC473835.1	0	HIV-1 isolate DEMB11US015 from USA gag protein (gag) gene, complete cds; pol protein (pol) gene, partial cds; and vif protein (vif), vpr protein (vpr), tat protein (tat), rev protein (rev), vpu protein (vpu), envelope glycoprotein (env), and nef protein (nef) genes, complete cds
KF384808.1	0	HIV-1 isolate ES22-27 from USA, partial genome
JN397362.1	0	UNVERIFIED: HIV-1 isolate ES38 from USA, partial genome
KF384810.1	0	HIV-1 isolate ES39-42 from USA, partial genome
KF384811.1	0	HIV-1 isolate ES40-24 from USA, partial genome
MW924804.1	0	HIV-1 isolate HIV/USA/AC04_post from USA, complete genome
KF384812.1	0	HIV-1 isolate VC3-14 from USA, partial genome
KF384813.1	0	HIV-1 isolate VC5-3 from USA, partial genome
KF384814.1	0	HIV-1 isolate VC6-2 from USA, partial genome
MZ080970.1	0	HIV-1 isolate 1292_PBNV_33 from USA, complete genome
OL872748.1	0	HIV-1 isolate 2241-PBTM-27 from USA, complete genome
OL872749.1	0	HIV-1 isolate 2278-PBEM-21 from USA, complete genome
KY778473.1	0	HIV-1 isolate 2302-PBEM-13 from USA, partial genome
KY778615.1	0	HIV-1 isolate 2452-PBEM-13 from USA, partial genome
OL872750.1	0	HIV-1 isolate 2469-PBEM-7 from USA, complete genome
MH897911.1	0	HIV-1 isolate 409_133+F_w02VT from USA, complete genome
MH897915.1	0	HIV-1 isolate 421_34+F_w01VT from USA, complete genome
MH897917.1	0	HIV-1 isolate 432_133+F_w18VT_WG from USA, complete genome
MG196642.1	0	HIV-1 isolate 505_0012a.WG03 from USA gag protein (gag) gene, complete cds; pol protein (pol) gene, partial cds; and vif protein (vif), vpr protein (vpr), tat protein (tat), rev protein (rev), vpu protein (vpu), envelope glycoprotein (env), and nef protein (nef) genes, complete cds
MG196702.1	0	HIV-1 isolate 505_0122a.WG06 from USA gag protein (gag) gene, complete cds; nonfunctional pol protein (pol) gene, partial sequence; and vif protein (vif), vpr protein (vpr), tat protein (tat), rev protein (rev), vpu protein (vpu), envelope glycoprotein (env), and nef protein (nef) genes, complete cds
MG196819.1	0	HIV-1 isolate 505_0772a.WG2 from USA gag protein (gag) gene, complete cds; pol protein (pol) gene, partial cds; and vif protein (vif), vpr protein (vpr), tat protein (tat), rev protein (rev), vpu protein (vpu), envelope glycoprotein (env), and nef protein (nef) genes, complete cds
MG196879.1	0	HIV-1 isolate 505_0997a.WG03 from USA gag protein (gag) gene, complete cds; nonfunctional pol protein (pol) gene, partial sequence; and vif protein (vif), vpr protein (vpr), tat protein (tat), rev protein (rev), vpu protein (vpu), envelope glycoprotein (env), and nef protein (nef) genes, complete cds
MG196921.1	0	HIV-1 isolate 505_1012a.WG08 from USA gag protein (gag) gene, complete cds; pol protein (pol) gene, partial cds; vif protein (vif), vpr protein (vpr), tat protein (tat), rev protein (rev), and vpu protein (vpu) genes, complete cds; nonfunctional envelope glycoprotein (env) gene, complete sequence; and nef protein (nef) gene, complete cds
MG196922.1	0	HIV-1 isolate 505_1144a.WG02 from USA gag protein (gag) gene, complete cds; pol protein (pol) gene, partial cds; and vif protein (vif), vpr protein (vpr), tat protein (tat), rev protein (rev), vpu protein (vpu), envelope glycoprotein (env), and nef protein (nef) genes, complete cds
MG196952.1	0	HIV-1 isolate 505_1226a.WG08 from USA gag protein (gag) gene, complete cds; pol protein (pol) gene, partial cds; and vif protein (vif), vpr protein (vpr), tat protein (tat), rev protein (rev), vpu protein (vpu), envelope glycoprotein (env), and nef protein (nef) genes, complete cds
MG197013.1	0	HIV-1 isolate 505_1295a.WG10 from USA gag protein (gag) gene, complete cds; pol protein (pol) gene, partial cds; and vif protein (vif), vpr protein (vpr), tat protein (tat), rev protein (rev), vpu protein (vpu), envelope glycoprotein (env), and nef protein (nef) genes, complete cds
MG197046.1	0	HIV-1 isolate 505_1413a.WG05 from USA gag protein (gag) gene, complete cds; nonfunctional pol protein (pol) gene, partial sequence; and vif protein (vif), vpr protein (vpr), tat protein (tat), rev protein (rev), vpu protein (vpu), envelope glycoprotein (env), and nef protein (nef) genes, complete cds
MG197064.1	0	HIV-1 isolate 505_1672a.WG7 from USA gag protein (gag) gene, complete cds; pol protein (pol) gene, partial cds; and vif protein (vif), vpr protein (vpr), tat protein (tat), rev protein (rev), vpu protein (vpu), envelope glycoprotein (env), and nef protein (nef) genes, complete cds
MG197083.1	0	HIV-1 isolate 505_1677a.WG10 from USA nonfunctional gag protein (gag) gene, complete sequence; pol protein (pol) gene, partial cds; and vif protein (vif), vpr protein (vpr), tat protein (tat), rev protein (rev), vpu protein (vpu), envelope glycoprotein (env), and nef protein (nef) genes, complete cds
MG197120.1	0	HIV-1 isolate 505_1931a.WG01 from USA gag protein (gag) gene, complete cds; pol protein (pol) gene, partial cds; and vif protein (vif), vpr protein (vpr), tat protein (tat), rev protein (rev), vpu protein (vpu), envelope glycoprotein (env), and nef protein (nef) genes, complete cds
MG197176.1	0	HIV-1 isolate 505_2150a.WG07 from USA gag protein (gag) gene, complete cds; pol protein (pol) gene, partial cds; and vif protein (vif), vpr protein (vpr), tat protein (tat), rev protein (rev), vpu protein (vpu), envelope glycoprotein (env), and nef protein (nef) genes, complete cds
MG197199.1	0	HIV-1 isolate 505_2474a.WG06 from USA gag protein (gag) gene, complete cds; pol protein (pol) gene, partial cds; and vif protein (vif), vpr protein (vpr), tat protein (tat), rev protein (rev), vpu protein (vpu), envelope glycoprotein (env), and nef protein (nef) genes, complete cds
KU901976.1	0	HIV-1 isolate N8261_FL_CON from USA gag protein (gag) gene, complete cds; pol protein (pol) gene, partial cds; and vif protein (vif), vpr protein (vpr), tat protein (tat), rev protein (rev), vpu protein (vpu), envelope glycoprotein (env), and nef protein (nef) genes, complete cds
KU901997.1	0	HIV-1 isolate T8250_FL_CON from USA gag protein (gag) gene, complete cds; pol protein (pol) gene, partial cds; and vif protein (vif), vpr protein (vpr), tat protein (tat), rev protein (rev), vpu protein (vpu), envelope glycoprotein (env), and nef protein (nef) genes, complete cds
KY778345.1	0	HIV-1 isolate 2115-EM-19 from USA defective provirus genomic sequence
KY778395.1	0	HIV-1 isolate 2275-EM-21 from USA defective provirus genomic sequence
MZ080747.1	0	HIV-1 isolate 2303_PBTM_4 from USA, complete genome
OL872753.1	0	HIV-1 isolate 2470-PBNV-8 from USA, complete genome
MW754619.1	0	HIV-1 isolate 2518_DRp_29 from USA defective genome
MH897918.1	0	HIV-1 isolate 439_133+F_w11VT from USA, complete genome
MG196964.1	0	HIV-1 isolate 505_1270a.WG12 from USA gag protein (gag) gene, complete cds; pol protein (pol) gene, partial cds; and vif protein (vif), vpr protein (vpr), tat protein (tat), rev protein (rev), vpu protein (vpu), envelope glycoprotein (env), and nef protein (nef) genes, complete cds
MG197127.1	0	HIV-1 isolate 505_1958a.WG09 from USA gag protein (gag) gene, complete cds; pol protein (pol) gene, partial cds; nonfunctional vif protein (vif) gene, complete sequence; and vpr protein (vpr), tat protein (tat), rev protein (rev), vpu protein (vpu), envelope glycoprotein (env), and nef protein (nef) genes, complete cds
MK214316.1	0	HIV-1 isolate ARC-1a from USA, complete genome
KX505589.1	0	HIV-1 isolate CP02 clone CP02P06D04 from USA defective provirus genomic sequence
KX505616.1	0	HIV-1 isolate CP03 clone CP03P22E03 from USA defective provirus genomic sequence
KX505652.1	0	HIV-1 isolate CP06 clone CP06P06B06 from USA defective provirus genomic sequence
KX505686.1	0	HIV-1 isolate CP07 clone CP07P06G07 from USA defective provirus genomic sequence
KU749387.1	0	HIV-1 isolate DEMB13US026 from USA, partial genome
KT284371.1	0	HIV-1 isolate RV-1 from USA, complete genome
MG171201.1	0	HIV-1 isolate Minnesota_S1492_TotalPBMC2013T1_Intact from USA, complete genome
KY778299.1	0	HIV-1 isolate 2046-EM-26 from USA, partial genome
KX505396.1	0	HIV-1 isolate 2286 clone 2286P07E07 from USA defective provirus genomic sequence
KX505419.1	0	HIV-1 isolate 2443 clone 2443P07H09 from USA defective provirus genomic sequence
KX505475.1	0	HIV-1 isolate 2529 clone 2529P04C02 from USA defective provirus genomic sequence
KX505508.1	0	HIV-1 isolate 2531 clone 2531P21D02 from USA defective provirus genomic sequence
MZ868428.1	0	HIV-1 strain C-03_HFH_87 from USA gag protein (gag) gene, complete cds; pol protein (pol) gene, partial cds; and vif protein (vif), vpr protein (vpr), tat protein (tat), rev protein (rev), vpu protein (vpu), envelope glycoprotein (env), and nef protein (nef) genes, complete cds
KY658693.1	0	HIV-1 isolate DEMB14US030 from USA, partial genome
MZ868467.1	0	HIV-1 strain K-01_27 from USA gag protein (gag) gene, complete cds; pol protein (pol) gene, partial cds; and vif protein (vif), vpr protein (vpr), tat protein (tat), rev protein (rev), vpu protein (vpu), envelope glycoprotein (env), and nef protein (nef) genes, complete cds
KU678026.1	0	UNVERIFIED: HIV-1 clone Pt2_DNA_28 from USA genomic sequence
KU678060.1	0	UNVERIFIED: HIV-1 clone Pt3_DNA_6_2 from USA genomic sequence
KX505446.1	0	HIV-1 isolate 2521 clone 2521P04C06 from USA defective provirus genomic sequence
KX505555.1	0	HIV-1 isolate 3693 clone 3693P04C06 from USA defective provirus genomic sequence
MH897920.1	0	HIV-1 isolate 454_34+F_w01VT from USA, complete genome
MT744340.1	0	HIV-1 isolate C02.02_20181218CADHFH_MATR3 from USA, complete genome
MT745572.1	0	HIV-1 isolate F07.02_20190325CADHFH_ZNF721 from USA, complete genome
MT745575.1	0	HIV-1 isolate R09.01_20190805CADHFH_ABCA11P from USA, complete genome
MW062426.1	0	HIV-1 isolate UNC_308_PL1_A14 from USA defective genome
MZ922480.1	0	HIV-1 isolate 1756_EM_01 from USA, complete genome
MZ922673.1	0	HIV-1 isolate 2208_NV_21 from USA defective genome
MZ922520.1	0	HIV-1 isolate 2274_CM_13 from USA, complete genome
MZ922531.1	0	HIV-1 isolate 2454_TM_58 from USA, complete genome
MZ922982.1	0	HIV-1 isolate 2606_TM_08 from USA defective genome
KX505536.1	0	HIV-1 isolate 2609 clone 2609P08B10 from USA defective provirus genomic sequence
MN467271.1	0	HIV-1 isolate 2647_TTM_30 from USA defective genome
MZ922538.1	0	HIV-1 isolate 2661_EM_01 from USA, complete genome
MT189857.1	0	HIV-1 isolate 603_Q3_H9 from USA defective genome
MT189927.1	0	HIV-1 isolate 605_Q4_C15 from USA defective genome
MK114705.1	0	HIV-1 isolate 9241_W0_3E23_S16 from USA partial defective genome
MK115360.1	0	HIV-1 isolate 9245_W0_2A22_S84 from USA, partial genome
MK115401.1	0	HIV-1 isolate 9246_W0_1H8_S31 from USA partial defective genome
MT190008.1	0	HIV-1 isolate 9247_CEFT_CD69_L18 from USA defective genome
MK115745.1	0	HIV-1 isolate 9252_W0_16I9_S79 from USA partial defective genome
MT190767.1	0	HIV-1 isolate B207_CMV_CD69_G13 from USA defective genome
MN691961.1	0	HIV-1 isolate PID1683.PBMC-M18-03-WIPF1-F1F4-PBio from USA, complete genome
MK499378.1	0	HIV-1 isolate VA40774 from USA, partial genome
MW753667.1	0	HIV-1 isolate 2026_17_N_26 from USA, complete genome
MW062703.1	0	HIV-1 isolate UNC_367_PL1_I17 from USA defective genome
MK169493.1	0	HIV-1 isolate 114-LN-6F22 from USA defective genome genomic sequence
MK169545.1	0	HIV-1 isolate 116-PB-P12-E12-Nov-14 from USA defective genome genomic sequence
MK169677.1	0	HIV-1 isolate 120-LN-2-A6 from USA defective genome genomic sequence
MW059247.1	0	HIV-1 isolate 5101_wk-2_5_G24 from USA defective genome
MW063070.1	0	HIV-1 isolate TSC_125V1_PL2_H10 from USA, complete genome
MW062887.1	0	HIV-1 isolate UNC_432_PL1_P22 from USA defective genome
MW062962.1	0	HIV-1 isolate UNC_437PL5_A16 from USA defective genome
OM203601.1	0	UNVERIFIED: HIV-1 isolate 02-MB-PL5-A13 from USA genomic sequence
OM209425.1	0	HIV-1 isolate 5104-WK27-5-J7 from USA, partial genome
OM209431.1	0	HIV-1 isolate 5106-WK26-PL5-L12 from USA, partial genome
OM204121.1	0	UNVERIFIED: HIV-1 isolate 5111-WK26-PL3-I2 from USA genomic sequence
OM209483.1	0	HIV-1 isolate 5114-WK-2-PL9-J19 from USA, partial genome
OM204722.1	0	UNVERIFIED: HIV-1 isolate 5117-WK26-PL6-E12 from USA genomic sequence
OM209500.1	0	HIV-1 isolate 5118-WK26-PL6-B22 from USA, partial genome
OM205346.1	0	UNVERIFIED: HIV-1 isolate 5120-WK26-PL6-B10 from USA genomic sequence
OM209512.1	0	HIV-1 isolate 5122-WK-2-PL1-J21 from USA, partial genome
OM206032.1	0	UNVERIFIED: HIV-1 isolate 5125-WK26-PL10-O24 from USA genomic sequence
OM209651.1	0	HIV-1 isolate 5130-PRE-PL5-K9 from USA, partial genome
OM206266.1	0	UNVERIFIED: HIV-1 isolate 5203-WK26-4-J6 from USA genomic sequence
OM209676.1	0	HIV-1 isolate 5210-WK-2-PL9-B15 from USA, partial genome
OM206919.1	0	UNVERIFIED: HIV-1 isolate 5216-WK26-PL5-G14 from USA genomic sequence
OM209682.1	0	HIV-1 isolate 5227-WK26-PL10-B5 from USA, partial genome
OM207246.1	0	UNVERIFIED: HIV-1 isolate 5231-WK26-PL2-N20 from USA genomic sequence
MW309889.1	0	HIV-1 isolate P3_cmv_fbxo22 from USA gag protein (gag) gene, complete cds; pol protein (pol) gene, partial cds; and vif protein (vif), vpr protein (vpr), tat protein (tat), rev protein (rev), vpu protein (vpu), envelope glycoprotein (env), and nef protein (nef) genes, complete cds
MW309891.1	0	HIV-1 isolate P5_cmv_delec1 from USA gag protein (gag) gene, complete cds; pol protein (pol) gene, partial cds; vif protein (vif), vpr protein (vpr), tat protein (tat), rev protein (rev), vpu protein (vpu), and envelope glycoprotein (env) genes, complete cds; and nonfunctional nef protein (nef) gene, complete sequence
OM209707.1	0	HIV-1 isolate TSC-124-V3-PL3-C9 from USA, partial genome
OM207461.1	0	UNVERIFIED: HIV-1 isolate TSC-127-V3-PL8-O8 from USA genomic sequence
OM207511.1	0	UNVERIFIED: HIV-1 isolate TSC-128-V3-PL3-C20 from USA genomic sequence
OM207668.1	0	UNVERIFIED: HIV-1 isolate TSC-135-V2-PL1-A1 from USA genomic sequence
OM207919.1	0	UNVERIFIED: HIV-1 isolate TSC-137-V2-PL1-D20 from USA genomic sequence
OM208257.1	0	UNVERIFIED: HIV-1 isolate TSC-139-V2-PL2-B21 from USA genomic sequence
OM209036.1	0	UNVERIFIED: HIV-1 isolate TSC-143-V2-PL2-C15 from USA genomic sequence
OM209990.1	0	HIV-1 isolate TSC-144-V2-PL5-I9 from USA, partial genome
KJ704792.1	0	HIV-1 isolate NYC4 from USA, partial genome
AY835777.1	0	HIV-1 isolate 5018-83 clone pbf4 from USA, complete genome
AY835781.1	0	HIV-1 isolate 5157-83 clone pbf9 from USA, complete genome
M17451.1	0	Human immunodeficiency virus type 1, isolate RF (HAT-3), complete genome
K02007.1	0	Human immunodeficiency virus type 1, isolate ARV-2/SF2, complete proviral genome
AY835779.1	0	HIV-1 isolate 5019-84 clone pbf7 from USA, complete genome
M17449.1	0	Human immunodeficiency virus type 1, isolate MN, complete genome
AY352275.1	0	HIV-1 isolate SF33 from USA, complete genome
AY835769.1	0	HIV-1 isolate 5077-85 clone pbf23 from USA, complete genome
AB221005.1	0	Human immunodeficiency virus 1 proviral DNA, complete genome, strain:Ba-L
AY835775.1	0	HIV-1 isolate 5084-86 clone pbf3 from USA, complete genome
AY835749.1	0	HIV-1 isolate 5096-86 clone np2 from USA, complete genome
AY835774.1	0	HIV-1 isolate 5127-86 clone pbf29 from USA, complete genome
AF004394.1	0	HIV-1 strain ADA clone AD8, complete genome
U63632.1	0	HIV-1 isolate JRFL (USA) gag, pol, vif, vpr, tat, rev and env genes, complete cds
M93258.1	0	Human immunodeficiency virus type 1 (YU-2) RNA
AY835758.1	0	HIV-1 isolate 5113-87 clone pbf13 from USA, complete genome
L02317.1	0	Human immunodeficiency virus type 1
AY835763.1	0	HIV-1 isolate 5160-88 clone pbf18 from USA, complete genome
AF286365.1	0	HIV-1 isolate WR27 from USA, complete genome
U39362.2	0	Human immunodeficiency virus type 1 proviral DNA, gag, pol, vif, vpr, vpu, env, tat, rev and nef genes, complete cds
AY173952.1	0	HIV-1 isolate US1 from USA, complete genome
AY173953.1	0	HIV-1 isolate US2 from USA, complete genome
AY173954.1	0	HIV-1 isolate US3 from USA, complete genome
AY173955.1	0	HIV-1 isolate US4 from USA, complete genome
U69591.1	0	HIV-1 patient WCIPR sample 1990 clone 18, complete genome
U21135.1	0	Human immunodeficiency virus type 1 clone WEAU 1.60, complete genome
AY835761.1	0	HIV-1 isolate 5048-91 clone pbf16 from USA, complete genome
AF069140.1	0	HIV-1 isolate DH12 clone 3 from the USA, complete genome
FJ496145.1	0	HIV-1 isolate SUMA_flC5 from USA, complete genome
DQ487188.1	0	HIV-1 isolate WCD32P0793 from USA, complete genome
DQ487190.1	0	HIV-1 isolate WCM32P0793 from USA, complete genome
AY835773.1	0	HIV-1 isolate 5082-94 clone pbf28 from USA, complete genome
AY835768.1	0	HIV-1 clone pbf22 from USA gag protein (gag) gene, complete cds; pol protein (pol) gene, partial cds; and vif protein (vif), vpr protein (vpr), tat protein (tat), rev protein (rev), vpu protein (vpu), envelope glycoprotein (env), and nef protein (nef) genes, complete cds
ON015211.1	0	HIV-1 isolate Pt23_Pi_1995_DNA_9 from USA gag protein (gag) gene, complete cds; pol protein (pol) gene, partial cds; and vif protein (vif), vpr protein (vpr), tat protein (tat), rev protein (rev), vpu protein (vpu), envelope glycoprotein (env), and nef protein (nef) genes, complete cds
JN024303.1	0	HIV-1 isolate USPI90770EI72y95091pcWG2B7 from USA gag protein (gag) gene, complete cds; pol protein (pol) gene, partial cds; and vif protein (vif), vpr protein (vpr), tat protein (tat), rev protein (rev), vpu protein (vpu), envelope glycoprotein (env), and nef protein (nef) genes, complete cds
AY835753.1	0	HIV-1 isolate 5155-96 clone np8 from USA, complete genome
ON015184.1	0	HIV-1 isolate Pt22_Sm_1996A_DNA_3-4-10 from USA gag protein (gag) gene, complete cds; pol protein (pol) gene, partial cds; vif protein (vif), vpr protein (vpr), tat protein (tat), rev protein (rev), vpu protein (vpu), and envelope glycoprotein (env) genes, complete cds; and nonfunctional nef protein (nef) gene, complete sequence
JN024428.1	0	HIV-1 isolate USPI55751EI32y96071pcWG2B15 from USA gag protein (gag) gene, complete cds; pol protein (pol) gene, partial cds; and vif protein (vif), vpr protein (vpr), tat protein (tat), rev protein (rev), vpu protein (vpu), envelope glycoprotein (env), and nef protein (nef) genes, complete cds
AB078005.1	0	Human immunodeficiency virus 1 DNA, complete genome, clone:ARES2
DQ853463.1	0	HIV-1 isolate 15384.1 from USA, complete genome
AY560107.1	0	HIV-1 isolate 98USHVTN1925c1 from USA, complete genome
AY560108.1	0	HIV-1 isolate 98USHVTN3605c9 from USA, complete genome
AY560109.1	0	HIV-1 isolate 98USHVTN8229c6 from USA, complete genome
AY560110.1	0	HIV-1 isolate 98USHVTN941c1 from USA, complete genome
EF175212.1	0	HIV-1 isolate WC3-0498-4 from USA, complete genome
MT929372.1	0	HIV-1 isolate 004.REB.4D1, complete genome
MT929376.1	0	HIV-1 isolate 030.REB.3E1, complete genome
MT929380.1	0	HIV-1 isolate 044.REB.6F1, complete genome
MT033350.1	0	HIV-1 isolate 058301_B11 from USA gag protein (gag) gene, complete cds; nonfunctional pol protein (pol) gene, partial sequence; vif protein (vif) gene, complete cds; nonfunctional vpr protein (vpr) and nonfunctional tat protein (tat) genes, complete sequence; rev protein (rev) and vpu protein (vpu) genes, complete cds; and nonfunctional envelope glycoprotein (env) and nonfunctional nef protein (nef) genes, complete sequence
MT033493.1	0	HIV-1 isolate 074602_B01 from USA gag protein (gag) gene, complete cds; pol protein (pol) gene, partial cds; vif protein (vif), vpr protein (vpr), tat protein (tat), rev protein (rev), and vpu protein (vpu) genes, complete cds; nonfunctional envelope glycoprotein (env) gene, complete sequence; and nef protein (nef) gene, complete cds
MT033672.1	0	HIV-1 isolate 112404_A03 from USA gag protein (gag) gene, complete cds; nonfunctional pol protein (pol) gene, partial sequence; vif protein (vif) and vpr protein (vpr) genes, complete cds; nonfunctional tat protein (tat) gene, complete sequence; and rev protein (rev), vpu protein (vpu), envelope glycoprotein (env), and nef protein (nef) genes, complete cds
MT033734.1	0	HIV-1 isolate 119409_B05 from USA gag protein (gag) gene, complete cds; pol protein (pol) gene, partial cds; vif protein (vif) and vpr protein (vpr) genes, complete cds; nonfunctional tat protein (tat) gene, complete sequence; rev protein (rev) and vpu protein (vpu) genes, complete cds; nonfunctional envelope glycoprotein (env) gene, complete sequence; and nef protein (nef) gene, complete cds
MT033776.1	0	HIV-1 isolate 121103_H02 from USA gag protein (gag) gene, complete cds; pol protein (pol) gene, partial cds; vif protein (vif), vpr protein (vpr), tat protein (tat), rev protein (rev), and vpu protein (vpu) genes, complete cds; nonfunctional envelope glycoprotein (env) gene, complete sequence; and nef protein (nef) gene, complete cds
MT929386.1	0	HIV-1 isolate 601.REB.4B7, complete genome
MT929390.1	0	HIV-1 isolate 9242.REB.13B1, complete genome
MT929395.1	0	HIV-1 isolate 9243.REB.13F7, complete genome
MT929396.1	0	HIV-1 isolate 9244.REB.7A1, complete genome
MT929418.1	0	HIV-1 isolate A08.REB.1A5, complete genome
MT929435.1	0	HIV-1 isolate A09.REB.1A2, complete genome
FJ469694.1	0	HIV-1 isolate CR0059T from USA gag protein (gag) gene, complete cds; pol protein (pol) gene, partial cds; and envelope glycoprotein (env) and nef protein (nef) genes, complete cds
MT929446.1	0	HIV-1 isolate S22.REB.3B6, complete genome
MT929447.1	0	HIV-1 isolate S23.REB.24A5, complete genome
MT929450.1	0	HIV-1 isolate S30.REB.2D2, complete genome
JX503075.1	0	UNVERIFIED: HIV-1 isolate HIV-1/USA/BID-D617 from USA genomic sequence
MT635144.1	0	HIV-1 isolate 03-043 from Viet Nam, complete genome
DQ396398.1	0	HIV-1 isolate 03ZAPS045MB2 from South Africa, complete genome
KP109515.1	0	HIV-1 isolate DEMB09ZA022 from South Africa gag protein (gag) gene, complete cds; pol protein (pol) gene, partial cds; and vif protein (vif), vpr protein (vpr), tat protein (tat), rev protein (rev), vpu protein (vpu), envelope glycoprotein (env), and nef protein (nef) genes, complete cds
KU168257.1	0	HIV-1 isolate LA02FolC, complete genome
KU168258.1	0	HIV-1 isolate LA03BlEr, complete genome
KU168259.1	0	HIV-1 isolate LA04GuFu, complete genome
KU168260.1	0	HIV-1 isolate LA05MeAl, complete genome
KY658703.1	0	HIV-1 isolate DEURF10HA002, partial genome
MW689460.1	0	HIV-1 isolate VB_variant_11, complete genome
MW689465.1	0	HIV-1 isolate VB_variant_16, complete genome
MT458931.1	0	HIV-1 isolate VB_variant_1, complete genome
MT458933.1	0	HIV-1 isolate VB_variant_3, complete genome
MN485984.1	0	HIV-1 isolate AN from Belgium, complete genome
MN486011.1	0	HIV-1 isolate BO from Belgium, complete genome
JN692434.1	0	UNVERIFIED: HIV-1 isolate 02BR2022 from Brazil gag protein, vif protein, vpr protein, vpu protein, envelope glycoprotein, and nef protein genes, complete cds
AY727522.1	0	HIV-1 isolate 04BR013 from Brazil gag protein (gag) gene, complete cds; pol protein (pol) gene, partial cds; and vif protein (vif), vpr protein (vpr), tat potein (tat), rev protein (rev), vpu protein (vpu), envelope glycoprotein (env), and nef protein (nef) genes, complete cds
AY727523.1	0	HIV-1 isolate 04BR021 from Brazil gag protein (gag) gene, complete cds; pol protein (pol) gene, partial cds; and vif protein (vif), vpr protein (vpr), tat protein (tat), rev protein (rev), vpu protein (vpu), envelope glycoprotein (env), and nef protein (nef) genes, complete cds
AY727524.1	0	HIV-1 isolate 04BR038 from Brazil gag protein (gag) gene, complete cds; pol protein (pol) gene, partial cds; and vif protein (vif), vpr protein (vpr), tat protein (tat), rev protein (rev), vpu protein (vpu), envelope glycoprotein (env), and nef protein (nef) genes, complete cds
AY727525.1	0	HIV-1 isolate 04BR073 from Brazil gag protein (gag) gene, complete cds; pol protein (pol) gene, partial cds; and vif protein (vif), vpr protein (vpr), tat protein (tat), rev protein (rev), vpu protein (vpu), envelope glycoprotein (env), and nef protein (nef) genes, complete cds
JX140663.1	0	HIV-1 isolate DEMC07BR003 from Brazil gag protein (gag) gene, complete cds; pol protein (pol) gene, partial cds; nonfunctional vif protein (vif) gene, complete sequence; vpr protein (vpr) gene, complete cds; nonfunctional tat protein (tat) gene, complete sequence; and rev protein (rev), vpu protein (vpu), envelope glycoprotein (env), and nef protein (nef) genes, complete cds
KU749391.1	0	HIV-1 isolate DEMC09BR036 from Brazil, partial genome
KT427674.1	0	UNVERIFIED: HIV-1 isolate 10BR_MG040 from Brazil genomic sequence
KT427736.1	0	UNVERIFIED: HIV-1 isolate 10BR_PE023 from Brazil genomic sequence
KT427810.1	0	UNVERIFIED: HIV-1 isolate 10BR_SP033 from Brazil genomic sequence
KT427806.1	0	UNVERIFIED: HIV-1 isolate 10BR_SP041 from Brazil genomic sequence
KT427800.1	0	UNVERIFIED: HIV-1 isolate 10BR_SP060 from Brazil genomic sequence
KU749392.1	0	HIV-1 isolate DEMC10BR024 from Brazil, partial genome
KU749393.1	0	HIV-1 isolate DEMC11BR035 from Brazil, partial genome
MK041550.1	0	HIV-1 clone 1S_ABCD from Brazil gag-pol protein (gag-pol), gag protein (gag), vif protein (vif), vpr protein (vpr), tat protein (tat), rev protein (rev), and vpu protein (vpu) genes, complete cds; nonfunctional envelope glycoprotein (env) gene, complete sequence; and nef protein (nef) gene, complete cds
MK041561.1	0	HIV-1 clone 6S_ABCD from Brazil gag-pol protein (gag-pol), gag protein (gag), vif protein (vif), vpr protein (vpr), tat protein (tat), rev protein (rev), vpu protein (vpu), envelope glycoprotein (env), and nef protein (nef) genes, complete cds
MK041563.1	0	HIV-1 clone 7S_ABCD from Brazil nonfunctional gag-pol protein (gag-pol) and nonfunctional gag protein (gag) genes, complete sequence; and vif protein (vif), vpr protein (vpr), tat protein (tat), rev protein (rev), vpu protein (vpu), envelope glycoprotein (env), and nef protein (nef) genes, complete cds
MK041564.1	0	HIV-1 clone 8S_ABCD from Brazil gag-pol protein (gag-pol), gag protein (gag), vif protein (vif), vpr protein (vpr), tat protein (tat), rev protein (rev), vpu protein (vpu), envelope glycoprotein (env), and nef protein (nef) genes, complete cds
U52953.1	0	HIV-1 92BR025 from Brazil, complete genome
AF286228.1	0	HIV-1 strain 98BR004 from Brazil, complete genome
AF443088.1	0	HIV-1 isolate 00BW0762.1 from Botswana, complete genome
AF443089.1	0	HIV-1 isolate 00BW0768.20 from Botswana, complete genome
AF443090.1	0	HIV-1 isolate 00BW0874.21 from Botswana, complete genome
AF443091.1	0	HIV-1 isolate 00BW1471.27 from Botswana, complete genome
AF443092.1	0	HIV-1 isolate 00BW1616.2 from Botswana, complete genome
AF443093.1	0	HIV-1 isolate 00BW1686.8 from Botswana, complete genome
AF443094.1	0	HIV-1 isolate 00BW1759.3 from Botswana, complete genome
AF443095.1	0	HIV-1 isolate 00BW1773.2 from Botswana, complete genome
AF443096.1	0	HIV-1 isolate 00BW1783.5 from Botswana, complete genome
AF443097.1	0	HIV-1 isolate 00BW1795.6 from Botswana, complete genome
AF443098.1	0	HIV-1 isolate 00BW1811.3 from Botswana, complete genome
AF443100.1	0	HIV-1 isolate 00BW1880.2 from Botswana, complete genome
AF443101.1	0	HIV-1 isolate 00BW1921.13 from Botswana, complete genome
AF443102.1	0	HIV-1 isolate 00BW2036.1 from Botswana, complete genome
AF443103.1	0	HIV-1 isolate 00BW2063.6 from Botswana, complete genome
AF443104.1	0	HIV-1 isolate 00BW2087.2 from Botswana, complete genome
AF443105.1	0	HIV-1 isolate 00BW2127.214 from Botswana, complete genome
AF443107.1	0	HIV-1 isolate 00BW2276.7 from Botswana, complete genome
AF443108.1	0	HIV-1 isolate 00BW3819.3 from Botswana, complete genome
AF443109.1	0	HIV-1 isolate 00BW3842.8 from Botswana, complete genome
AF443110.1	0	HIV-1 isolate 00BW3871.3 from Botswana, complete genome
AF443111.1	0	HIV-1 isolate 00BW3876.9 from Botswana, complete genome
AF443112.1	0	HIV-1 isolate 00BW3886.8 from Botswana, complete genome
AF443113.1	0	HIV-1 isolate 00BW3891.6 from Botswana, complete genome
AF443114.1	0	HIV-1 isolate 00BW3970.2 from Botswana, complete genome
AF443115.1	0	HIV-1 isolate 00BW5031.1 from Botswana, complete genome
KY658704.1	0	HIV-1 isolate DEMC00BW010 from Botswana, partial genome
KY658705.1	0	HIV-1 isolate DEMC00BW013 from Botswana, partial genome
KY658706.1	0	HIV-1 isolate DEMC00BW014 from Botswana, partial genome
MZ766755.1	0	HIV-1 isolate 074-AP-113-1-6_w84_30 from Botswana gag protein (gag) gene, complete cds; pol protein (pol) gene, partial cds; vif protein (vif), vpr protein (vpr), and tat protein (tat) genes, complete cds; nonfunctional rev protein (rev) gene, complete sequence; vpu protein (vpu) gene, complete cds; nonfunctional envelope glycoprotein (env) gene, complete sequence; and nef protein (nef) gene, complete cds
MZ766586.1	0	HIV-1 isolate 074-AP-115-1-5_w0_44 from Botswana, complete genome
MZ766590.1	0	HIV-1 isolate 074-AP-116-1-1_w24_51 from Botswana, complete genome
MZ766598.1	0	HIV-1 isolate 074-AP-118-1-0_w0_66 from Botswana, complete genome
MZ766782.1	0	HIV-1 isolate 074-AP-119-1-3_w0_105 from Botswana gag protein (gag) gene, complete cds; nonfunctional pol protein (pol) gene, partial sequence; vif protein (vif), vpr protein (vpr), and tat protein (tat) genes, complete cds; nonfunctional rev protein (rev) gene, complete sequence; and vpu protein (vpu), envelope glycoprotein (env), and nef protein (nef) genes, complete cds
MZ766639.1	0	HIV-1 isolate 074-AP-127-1-4_w84_147 from Botswana, complete genome
MZ766640.1	0	HIV-1 isolate 074-AP-130-1-1_w0_150 from Botswana, complete genome
MZ766825.1	0	HIV-1 isolate 074-AP-131-1-4_w0_159 from Botswana gag protein (gag) gene, complete cds; pol protein (pol) gene, partial cds; vif protein (vif) and vpr protein (vpr) genes, complete cds; nonfunctional tat protein (tat) and nonfunctional rev protein (rev) genes, complete sequence; and vpu protein (vpu), envelope glycoprotein (env), and nef protein (nef) genes, complete cds
MZ766642.1	0	HIV-1 isolate 074-AP-134-1-6_w0_164 from Botswana, complete genome
MZ766840.1	0	HIV-1 isolate 074-AP-138-1-4_w0_181 from Botswana gag protein (gag) gene, complete cds; pol protein (pol) gene, partial cds; vif protein (vif), vpr protein (vpr), tat protein (tat), rev protein (rev), and vpu protein (vpu) genes, complete cds; nonfunctional envelope glycoprotein (env) gene, complete sequence; and nef protein (nef) gene, complete cds
MK457775.1	0	HIV-1 isolate 074-A-103-1-4_w4_11 from Botswana, complete genome
MK458117.1	0	HIV-1 isolate 074-A-104-1-0_w0_353 from Botswana, complete genome
MK457832.1	0	HIV-1 isolate 074-A-105-1-3_w0_68 from Botswana, complete genome
MK458071.1	0	HIV-1 isolate 074-A-106-1-6_w0_307 from Botswana, complete genome
MK458040.1	0	HIV-1 isolate 074-A-109-1-1_w0_276 from Botswana, complete genome
MZ766688.1	0	HIV-1 isolate 074-A-110-1-4_w0_23 from Botswana, complete genome
MK458173.1	0	HIV-1 isolate 074-C-311-1-5_w96_409 from Botswana, complete genome
MK458191.1	0	HIV-1 isolate 074-C-312-1-1_w94_427 from Botswana, complete genome
MZ766695.1	0	HIV-1 isolate 074-M-201-2-5_w0_223 from Botswana, complete genome
MZ766869.1	0	HIV-1 isolate 074-PP-202-1-0_w0_251 from Botswana gag protein (gag) gene, complete cds; pol protein (pol) gene, partial cds; vif protein (vif), vpr protein (vpr), and tat protein (tat) genes, complete cds; nonfunctional rev protein (rev) gene, complete sequence; vpu protein (vpu) gene, complete cds; nonfunctional envelope glycoprotein (env) gene, complete sequence; and nef protein (nef) gene, complete cds
MZ766723.1	0	HIV-1 isolate AP-123_w0_266 from Botswana, complete genome
MZ766724.1	0	HIV-1 isolate AP-125_w0_268 from Botswana, complete genome
MZ766725.1	0	HIV-1 isolate AP-126_w0_269 from Botswana, complete genome
MZ766727.1	0	HIV-1 isolate AP-132_w0_275 from Botswana, complete genome
MZ766731.1	0	HIV-1 isolate AP-135_w0_287 from Botswana, complete genome
MZ766740.1	0	HIV-1 isolate AP-136_w0_302 from Botswana, complete genome
MZ766741.1	0	HIV-1 isolate AP-139_w0_305 from Botswana, complete genome
MZ766748.1	0	HIV-1 isolate AP-140_w0_319 from Botswana, complete genome
AF110959.1	0	HIV-1 isolate C-96BW01B03 country Botswana, complete genome
AF290028.1	0	HIV-1 clone C.96BW06.J4 from Botswana, complete genome
AF110974.1	0	HIV-1 isolate C-96BW15C02 country Botswana, complete genome
AF110980.1	0	HIV-1 isolate C-96BW17B03 country Botswana, complete genome
AF443075.1	0	HIV-1 isolate 96BWMO3.2 from Botswana, complete genome
AF443074.1	0	HIV-1 isolate 96BWMO1.5 from Botswana, complete genome
KY658707.1	0	HIV-1 isolate DEMC96BW001 from Botswana, partial genome
KY658708.1	0	HIV-1 isolate DEMC96BW002 from Botswana, partial genome
KY658709.1	0	HIV-1 isolate DEMC96BW006 from Botswana, partial genome
KY658710.1	0	HIV-1 isolate DEMC96BW007 from Botswana, partial genome
KY658711.1	0	HIV-1 isolate DEMC96BW009 from Botswana, partial genome
AF443076.1	0	HIV-1 isolate 98BWMC12.2 from Botswana, complete genome
AF443077.1	0	HIV-1 isolate 98BWMC13.4 from Botswana, complete genome
AF443078.1	0	HIV-1 isolate 98BWMC14.a3 from Botswana, complete genome
AF443079.1	0	HIV-1 isolate 98BWMO14.10 from Botswana, complete genome
AF443080.1	0	HIV-1 isolate 98BWMO18.d5 from Botswana, complete genome
AF443081.1	0	HIV-1 isolate 98BWMO36.a5 from Botswana, complete genome
AF443082.1	0	HIV-1 isolate 98BWMO37.d5 from Botswana, complete genome
AF443083.1	0	HIV-1 isolate 99BW3932.12 from Botswana, complete genome
AF443084.1	0	HIV-1 isolate 99BW4642.4 from Botswana, complete genome
AF443085.1	0	HIV-1 isolate 99BW4745.8 from Botswana, complete genome
AF443086.1	0	HIV-1 isolate 99BW4754.7 from Botswana, complete genome
AF443087.1	0	HIV-1 isolate 99BWMC16.8 from Botswana, complete genome
KF835522.1	0	HIV-1 isolate 07CNYN336 from China gag protein (gag) gene, complete cds; pol protein (pol) gene, partial cds; vif protein (vif) and vpr protein (vpr) genes, complete cds; nonfunctional tat protein (tat) gene, complete sequence; and rev protein (rev), vpu protein (vpu), envelope glycoprotein (env), and nef protein (nef) genes, complete cds
KF250403.1	0	HIV-1 isolate DH21 from China gag protein (gag) gene, complete cds; pol protein (pol) gene, partial cds; and vif protein (vif), vpr protein (vpr), tat protein (tat), rev protein (rev), vpu protein (vpu), envelope glycoprotein (env), and nef protein (nef) genes, complete cds
KF250404.1	0	HIV-1 isolate DH22 from China gag protein (gag) gene, complete cds; pol protein (pol) gene, partial cds; vif protein (vif) and vpr protein (vpr) genes, complete cds; nonfunctional tat protein (tat) gene, complete sequence; and rev protein (rev), vpu protein (vpu), envelope glycoprotein (env), and nef protein (nef) genes, complete cds
KC870038.1	0	HIV-1 isolate YNFL19 from China gag protein (gag) gene, complete cds; pol protein (pol) gene, partial cds; vif protein (vif) and vpr protein (vpr) genes, complete cds; nonfunctional tat protein (tat) gene, complete sequence; and rev protein (rev), vpu protein (vpu), envelope glycoprotein (env), and nef protein (nef) genes, complete cds
AB485643.1	0	Human immunodeficiency virus 1 proviral DNA, complete genome, clone: pPRD320-07C10
EF514713.1	0	HIV-1 isolate CTL 015 from Denmark, complete genome
KX228820.1	0	HIV-1 isolate Read4_HIV_C from Angola, partial genome
EU786681.1	0	HIV-1 isolate ES X2363-2 (C) from Spain, complete genome
KT276258.1	0	HIV-1 isolate ARP1198 from Spain gag protein (gag) gene, complete cds; pol protein (pol) gene, partial cds; and vif protein (vif), vpr protein (vpr), tat protein (tat), rev protein (rev), vpu protein (vpu), envelope glycoprotein (env), and nef protein (nef) genes, complete cds
KY496624.1	0	HIV-1 isolate 100 118 from Spain, partial genome
U46016.1	0	Human immunodeficiency virus type 1 subtype C complete proviral genome
AF286233.1	0	HIV-1 strain 98IS002 from Israel, complete genome
KP109480.1	0	HIV-1 isolate DEMC00IN005 from India gag protein (gag) gene, complete cds; pol protein (pol) gene, partial cds; and vif protein (vif), vpr protein (vpr), tat protein (tat), rev protein (rev), vpu protein (vpu), envelope glycoprotein (env), and nef protein (nef) genes, complete cds
KP109481.1	0	HIV-1 isolate DEMC00IN006 from India gag protein (gag) gene, complete cds; pol protein (pol) gene, partial cds; vif protein (vif), vpr protein (vpr), tat protein (tat), rev protein (rev), vpu protein (vpu), and envelope glycoprotein (env) genes, complete cds; and nonfunctional nef protein (nef) gene, complete sequence
KP109482.1	0	HIV-1 isolate DEMC00IN007 from India gag protein (gag) gene, complete cds; pol protein (pol) gene, partial cds; and vif protein (vif), vpr protein (vpr), tat protein (tat), rev protein (rev), vpu protein (vpu), envelope glycoprotein (env), and nef protein (nef) genes, complete cds
KP109483.1	0	HIV-1 isolate DEMC00IN008 from India gag protein (gag) gene, complete cds; pol protein (pol) gene, partial cds; and vif protein (vif), vpr protein (vpr), tat protein (tat), rev protein (rev), vpu protein (vpu), envelope glycoprotein (env), and nef protein (nef) genes, complete cds
KP109484.1	0	HIV-1 isolate DEMC00IN009 from India gag protein (gag) gene, complete cds; pol protein (pol) gene, partial cds; and vif protein (vif), vpr protein (vpr), tat protein (tat), rev protein (rev), vpu protein (vpu), envelope glycoprotein (env), and nef protein (nef) genes, complete cds
KP109485.1	0	HIV-1 isolate DEMC00IN010 from India gag protein (gag) gene, complete cds; pol protein (pol) gene, partial cds; and vif protein (vif), vpr protein (vpr), tat protein (tat), rev protein (rev), vpu protein (vpu), envelope glycoprotein (env), and nef protein (nef) genes, complete cds
EF469243.2	0	HIV-1 clone D24 from India, complete genome
KF766537.1	0	HIV-1 isolate C.IN.04.NIRT379.1 from India, complete genome
KF766540.1	0	HIV-1 isolate C.IN.05.NIRT333.1 from India, complete genome
KF766541.1	0	HIV-1 isolate C.IN.05.NIRT723.1 from India, complete genome
KC156210.1	0	HIV-1 isolate 2139 from India, complete genome
KY713228.1	0	HIV-1 isolate SC007 from India, partial genome
KY713229.1	0	HIV-1 isolate SC008 from India, partial genome
KY713230.1	0	HIV-1 isolate SC013 from India, partial genome
KY713231.1	0	HIV-1 isolate SC015 from India, partial genome
KY713233.1	0	HIV-1 isolate SC022 from India, partial genome
KY713234.1	0	HIV-1 isolate SC062 from India, partial genome
KY713235.1	0	HIV-1 isolate SC085 from India, partial genome
KY713236.1	0	HIV-1 isolate SHE001 from India, partial genome
AB023804.1	0	Human immunodeficiency virus type 1 subtype C genomic RNA, complete genome
AF067157.1	0	HIV-1 isolate 301904 from India, complete genome
AF067154.1	0	HIV-1 isolate 301999 from India, complete genome
AF286223.1	0	HIV-1 strain 94IN476 from India, complete genome
AF067155.1	0	HIV-1 isolate 21068 from India, complete genome
AF286231.1	0	HIV-1 strain 98IN012 from India, complete genome
AF286232.1	0	HIV-1 strain 98IN022 from India, complete genome
AY049708.1	0	HIV-1 isolate 01IN565.10 from India, complete genome
KP109486.1	0	HIV-1 isolate DEMC99IN001 from India gag protein (gag) gene, complete cds; pol protein (pol) gene, partial cds; and vif protein (vif), vpr protein (vpr), tat protein (tat), rev protein (rev), vpu protein (vpu), envelope glycoprotein (env), and nef protein (nef) genes, complete cds
KP109487.1	0	HIV-1 isolate DEMC99IN002 from India gag protein (gag) gene, complete cds; pol protein (pol) gene, partial cds; and vif protein (vif), vpr protein (vpr), tat protein (tat), rev protein (rev), vpu protein (vpu), envelope glycoprotein (env), and nef protein (nef) genes, complete cds
KP109488.1	0	HIV-1 isolate DEMC99IN003 from India gag protein (gag) gene, complete cds; pol protein (pol) gene, partial cds; vif protein (vif), vpr protein (vpr), tat protein (tat), and rev protein (rev) genes, complete cds; nonfunctional vpu protein (vpu) gene, complete sequence; and envelope glycoprotein (env) and nef protein (nef) genes, complete cds
KP109489.1	0	HIV-1 isolate DEMC99IN004 from India gag protein (gag) gene, complete cds; pol protein (pol) gene, partial cds; and vif protein (vif), vpr protein (vpr), tat protein (tat), rev protein (rev), vpu protein (vpu), envelope glycoprotein (env), and nef protein (nef) genes, complete cds
EF694033.1	0	HIV-1 isolate VB39 clone 2 from India gag protein (gag) gene, complete cds; pol protein (pol) gene, partial cds; vif gene, complete sequence; and vpr protein (vpr), tat protein (tat), rev protein (rev), vpu protein (vpu), envelope glycoprotein (env), and nef protein (nef) genes, complete cds
EF694036.1	0	HIV-1 isolate VB49 clone 3 from India gag gene, complete sequence; pol protein (pol) gene, partial cds; vif protein (vif), vpr protein (vpr), and tat protein (tat) genes, complete cds; rev gene, complete sequence; and vpu protein (vpu), envelope glycoprotein (env), and nef protein (nef) genes, complete cds
AB097871.1	0	Human immunodeficiency virus 1 mIDU101 proviral DNA, nearly complete genome
KC156212.1	0	HIV-1 isolate CH141.w12 from Malawi, complete genome
KC156211.1	0	HIV-1 isolate CH085.w4a from Malawi, complete genome
KC156114.1	0	HIV-1 isolate CH131_TF from Malawi, complete genome
KC156213.1	0	HIV-1 isolate CH167.w8 from Malawi, complete genome
KC156119.1	0	HIV-1 isolate CH200_TFc from Malawi, complete genome
KC156120.1	0	HIV-1 isolate CH228_TFa from Malawi, complete genome
KP109520.1	0	HIV-1 isolate DEMC07MW001 from Malawi gag protein (gag) gene, complete cds; pol protein (pol) gene, partial cds; vif protein (vif), vpr protein (vpr), tat protein (tat), rev protein (rev), vpu protein (vpu), and envelope glycoprotein (env) genes, complete cds; and nonfunctional nef protein (nef) gene, complete sequence
KF527172.1	0	HIV-1 isolate 4403bmLwk4_fl11 from Malawi gag protein (gag) gene, complete cds; pol protein (pol) gene, partial cds; and vif protein (vif), vpr protein (vpr), tat protein (tat), rev protein (rev), vpu protein (vpu), envelope glycoprotein (env), and nef protein (nef) genes, complete cds
KC156216.1	0	HIV-1 isolate CH293.w8a from Malawi, complete genome
KC156218.1	0	HIV-1 isolate CH432.w4 from Malawi, complete genome
KC156219.1	0	HIV-1 isolate CH440.w4 from Malawi, complete genome
KC156215.1	0	HIV-1 isolate CH269.w24 from Malawi, complete genome
KY112213.1	0	HIV-1 isolate CH427.PL.011608.UT.5 from Malawi gag protein (gag) gene, complete cds; pol protein (pol) gene, partial cds; vif protein (vif), vpr protein (vpr), tat protein (tat), rev protein (rev), vpu protein (vpu), and envelope glycoprotein (env) genes, complete cds; and nonfunctional nef protein (nef) gene, complete sequence
KY112254.1	0	HIV-1 isolate CH455.PL.012908.UT.1 from Malawi gag protein (gag) gene, complete cds; pol protein (pol) gene, partial cds; and vif protein (vif), vpr protein (vpr), tat protein (tat), rev protein (rev), vpu protein (vpu), envelope glycoprotein (env), and nef protein (nef) genes, complete cds
KY112386.1	0	HIV-1 isolate CH596.PL.030408.UT.6 from Malawi gag protein (gag) gene, complete cds; pol protein (pol) gene, partial cds; and vif protein (vif), vpr protein (vpr), tat protein (tat), rev protein (rev), vpu protein (vpu), envelope glycoprotein (env), and nef protein (nef) genes, complete cds
KP109521.1	0	HIV-1 isolate DEMC08MW002 from Malawi gag protein (gag) gene, complete cds; pol protein (pol) gene, partial cds; and vif protein (vif), vpr protein (vpr), tat protein (tat), rev protein (rev), vpu protein (vpu), envelope glycoprotein (env), and nef protein (nef) genes, complete cds
KP109522.1	0	HIV-1 isolate DEMC08MW004 from Malawi gag protein (gag) gene, complete cds; pol protein (pol) gene, partial cds; and vif protein (vif), vpr protein (vpr), tat protein (tat), rev protein (rev), vpu protein (vpu), envelope glycoprotein (env), and nef protein (nef) genes, complete cds
KC156214.1	0	HIV-1 isolate CH256.w96 from Malawi, complete genome
KY111994.1	0	HIV-1 isolate CH1064.PL.080409.A2.08 from Malawi gag protein (gag) gene, complete cds; pol protein (pol) gene, partial cds; and vif protein (vif), vpr protein (vpr), tat protein (tat), rev protein (rev), vpu protein (vpu), envelope glycoprotein (env), and nef protein (nef) genes, complete cds
KP109523.1	0	HIV-1 isolate DEMC09MW006 from Malawi gag protein (gag) gene, complete cds; pol protein (pol) gene, partial cds; and vif protein (vif), vpr protein (vpr), tat protein (tat), rev protein (rev), vpu protein (vpu), envelope glycoprotein (env), and nef protein (nef) genes, complete cds
KP109524.1	0	HIV-1 isolate DEMC09MW007 from Malawi gag protein (gag) gene, complete cds; pol protein (pol) gene, partial cds; and vif protein (vif), vpr protein (vpr), tat protein (tat), rev protein (rev), vpu protein (vpu), envelope glycoprotein (env), and nef protein (nef) genes, complete cds
KP109525.1	0	HIV-1 isolate DEMC09MW008 from Malawi gag protein (gag) gene, complete cds; pol protein (pol) gene, partial cds; and vif protein (vif), vpr protein (vpr), tat protein (tat), rev protein (rev), vpu protein (vpu), envelope glycoprotein (env), and nef protein (nef) genes, complete cds
KP109526.1	0	HIV-1 isolate DEMC09MW009 from Malawi gag protein (gag) gene, complete cds; pol protein (pol) gene, partial cds; and vif protein (vif), vpr protein (vpr), tat protein (tat), rev protein (rev), vpu protein (vpu), envelope glycoprotein (env), and nef protein (nef) genes, complete cds
KP109527.1	0	HIV-1 isolate DEMC09MW010 from Malawi gag protein (gag) gene, complete cds; pol protein (pol) gene, partial cds; and vif protein (vif), vpr protein (vpr), tat protein (tat), rev protein (rev), vpu protein (vpu), envelope glycoprotein (env), and nef protein (nef) genes, complete cds
MT781702.1	0	UNVERIFIED: HIV-1 isolate 1-0362-2 from Malawi genomic sequence
MT781743.1	0	UNVERIFIED: HIV-1 isolate 1-0468-9 from Malawi genomic sequence
MT781746.1	0	UNVERIFIED: HIV-1 isolate 1-0484-3 from Malawi genomic sequence
MT781754.1	0	UNVERIFIED: HIV-1 isolate 1-0506-7 from Malawi genomic sequence
MT781757.1	0	UNVERIFIED: HIV-1 isolate 1-0514-1 from Malawi genomic sequence
MT781762.1	0	UNVERIFIED: HIV-1 isolate 1-0526-9 from Malawi genomic sequence
MT781790.1	0	UNVERIFIED: HIV-1 isolate 1-0607-2 from Malawi genomic sequence
MT781808.1	0	UNVERIFIED: HIV-1 isolate 1-0706-8 from Malawi genomic sequence
MT781847.1	0	UNVERIFIED: HIV-1 isolate 1-0868-3 from Malawi genomic sequence
MT781905.1	0	UNVERIFIED: HIV-1 isolate 1-1148-4 from Malawi genomic sequence
OK649265.1	0	HIV-1 isolate S01 from Mozambique, complete genome
OK649282.1	0	HIV-1 isolate S18 from Mozambique, complete genome
OK649285.1	0	HIV-1 isolate S21 from Mozambique, complete genome
OK649266.1	0	HIV-1 isolate S02 from Mozambique, complete genome
OK649268.1	0	HIV-1 isolate S04 from Mozambique, complete genome
KU749412.1	0	HIV-1 isolate DEMC14PK009 from Pakistan, partial genome
MT942719.1	0	HIV-1 isolate 175008_8 from Rwanda, complete genome
MT942867.1	0	HIV-1 isolate 175072_1 from Rwanda, complete genome
MH705137.1	0	HIV-1 isolate 5056135 from Senegal, complete genome
KC156220.1	0	HIV-1 isolate CH457.w8 from Tanzania, complete genome
AF286234.1	0	HIV-1 strain 98TZ013 from Tanzania, complete genome
AF286235.1	0	HIV-1 strain 98TZ017 from Tanzania, complete genome
OP039458.1	0	UNVERIFIED: HIV-1 isolate 002385 from Uganda genomic sequence
KF526226.1	0	HIV-1 isolate 17TB4_4G8 from USA gag protein (gag) gene, complete cds; pol protein (pol) gene, partial cds; vif protein (vif), vpr protein (vpr), tat protein (tat), rev protein (rev), and vpu protein (vpu) genes, complete cds; nonfunctional envelope glycoprotein (env) gene, complete sequence; and nef protein (nef) gene, complete cds
KT982201.1	0	HIV-1 isolate M0118v1d14-5M04-C5 from USA genomic sequence
AY838567.1	0	HIV-1 isolate 1069MB from South Africa, complete genome
AY463229.1	0	HIV-1 isolate C.ZA.1119MB from South Africa, complete genome
AY463217.1	0	HIV-1 isolate C.ZA.1134MB from South Africa, complete genome
AY585266.1	0	HIV-1 isolate C.ZA.1157M3M from South Africa, complete genome
AY463224.1	0	HIV-1 isolate C.ZA.1162MB from South Africa, complete genome
AY463230.1	0	HIV-1 isolate C.ZA.1165MB from South Africa, complete genome
AY463231.1	0	HIV-1 isolate C.ZA.1168MB from South Africa, complete genome
AY463225.1	0	HIV-1 isolate C.ZA.1170MB from South Africa, complete genome
AY463232.1	0	HIV-1 isolate C.ZA.1171MB from South Africa, complete genome
AY463218.1	0	HIV-1 isolate C.ZA.1176MB from South Africa, complete genome
AY463233.1	0	HIV-1 isolate C.ZA.1178MB from South Africa, complete genome
AY838566.1	0	HIV-1 isolate 1184MB from South Africa, complete genome
AY838565.1	0	HIV-1 isolate 1189MB from South Africa, complete genome
AY463219.1	0	HIV-1 isolate C.ZA.1192M3M from South Africa, complete genome
AY463220.1	0	HIV-1 isolate C.ZA.1195MB from South Africa, complete genome
AY463234.1	0	HIV-1 isolate C.ZA.1197MB from South Africa, complete genome
AY463221.1	0	HIV-1 isolate C.ZA.1210MB from South Africa, complete genome
AY463236.1	0	HIV-1 isolate C.ZA.1214MB from South Africa, complete genome
AY463226.1	0	HIV-1 isolate C.ZA.1217MB from South Africa, complete genome
AY463227.1	0	HIV-1 isolate C.ZA.1225MB from South Africa, complete genome
AY463222.1	0	HIV-1 isolate C.ZA.1228MB from South Africa, complete genome
AY838568.1	0	HIV-1 isolate J112MA from South Africa, complete genome
AY463228.1	0	HIV-1 isolate C.ZA.J38MA from South Africa, complete genome
AY228557.1	0	HIV-1 isolate 01ZATM45 from South Africa, complete genome
AY463237.1	0	HIV-1 isolate C.ZA.2134MB from South Africa, complete genome
AY463223.1	0	HIV-1 isolate C.ZA.J54Ma from South Africa, complete genome
DQ275648.1	0	HIV-1 isolate 02ZAPS001MB1 from South Africa gag protein (gag) gene, complete cds; pol protein (pol) gene, partial cds; and vif protein (vif), vpr protein (vpr), tat protein (tat), rev protein (rev), vpu protein (vpu), envelope glycoprotein (env), and nef protein (nef) genes, complete cds
DQ351235.1	0	HIV-1 isolate 02ZAPS005MB1 from South Africa, complete genome
DQ351220.1	0	HIV-1 isolate 02ZAPS006MB1 from South Africa, complete genome
DQ275647.1	0	HIV-1 isolate 02ZAPS008MB1 from South Africa truncated gag protein (gag) gene, complete cds; pol protein (pol) gene, partial cds; and vif protein (vif), vpr protein (vpr), tat protein (tat), rev protein (rev), vpu protein (vpu), truncated envelope glycoprotein (env), and nef protein (nef) genes, complete cds
DQ351222.1	0	HIV-1 isolate 02ZAPS013MB1 from South Africa, complete genome
DQ351218.1	0	HIV-1 isolate 02ZAPS014MB1 from South Africa, complete genome
DQ369995.1	0	HIV-1 isolate 02ZAPS015MB1 from South Africa, complete genome
DQ351224.1	0	HIV-1 isolate 03ZAPS017MB1 from South Africa, complete genome
DQ275653.1	0	HIV-1 isolate 03ZAPS020MB1 from South Africa truncated gag protein (gag) gene, complete cds; pol protein (pol) gene, partial cds; and vif protein (vif), vpr protein (vpr), tat protein (tat), rev protein (rev), truncated vpu protein (vpu), envelope glycoprotein (env), and nef protein (nef) genes, complete cds
DQ369978.1	0	HIV-1 isolate 03ZAPS021MB1 from South Africa, complete genome
DQ351225.1	0	HIV-1 isolate 03ZAPS023MB1 from South Africa, complete genome
DQ396367.1	0	HIV-1 isolate 03ZAPS024MB1 from South Africa, complete genome
DQ351226.1	0	HIV-1 isolate 03ZAPS025MB1 from South Africa, complete genome
DQ369985.1	0	HIV-1 isolate 03ZAPS026MB1 from South Africa, complete genome
DQ351223.1	0	HIV-1 isolate 03ZAPS027MB1 from South Africa, complete genome
DQ369996.1	0	HIV-1 isolate 03ZAPS030MB1 from South Africa, complete genome
DQ445633.1	0	HIV-1 isolate 03ZAPS032MB1 from South Africa, complete genome
DQ369979.1	0	HIV-1 isolate 03ZAPS034MB1 from South Africa, complete genome
DQ369977.1	0	HIV-1 isolate 03ZAPS042MB1 from South Africa, complete genome
DQ351227.1	0	HIV-1 isolate 03ZAPS043MB1 from South Africa, complete genome
DQ396384.1	0	HIV-1 isolate 03ZAPS044MB1 from South Africa, complete genome
DQ369984.1	0	HIV-1 isolate 03ZAPS046MB1 from South Africa, complete genome
DQ396364.1	0	HIV-1 isolate 03ZAPS048MB1 from South Africa, complete genome
DQ369986.1	0	HIV-1 isolate 03ZAPS049MB1 from South Africa, complete genome
DQ369980.1	0	HIV-1 isolate 03ZAPS050MB1 from South Africa, complete genome
DQ396385.1	0	HIV-1 isolate 03ZAPS051MB1 from South Africa, complete genome
DQ369987.1	0	HIV-1 isolate 03ZAPS052MB1 from South Africa, complete genome
DQ369988.1	0	HIV-1 isolate 03ZAPS054MB2 from South Africa, complete genome
DQ396373.1	0	HIV-1 isolate 03ZAPS055MB1 from South Africa, complete genome
DQ396374.1	0	HIV-1 isolate 03ZAPS056MB1 from South Africa, complete genome
DQ369989.1	0	HIV-1 isolate 03ZAPS057MB2 from South Africa, complete genome
DQ396388.1	0	HIV-1 isolate 03ZAPS063MB1 from South Africa, complete genome
DQ396375.1	0	HIV-1 isolate 03ZAPS066MB2 from South Africa, complete genome
DQ396389.1	0	HIV-1 isolate 03ZAPS067MB2 from South Africa, complete genome
DQ396376.1	0	HIV-1 isolate 03ZAPS071MB1 from South Africa, complete genome
DQ275649.1	0	HIV-1 isolate 03ZAPS073MB1 from South Africa gag protein (gag) gene, complete cds; pol protein (pol) gene, partial cds; vif protein (vif), vpr protein (vpr), tat protein (tat), and rev protein (rev) genes, complete cds; vpu gene, complete sequence; and truncated envelope glycoprotein (env) and nef protein (nef) genes, complete cds
DQ351228.1	0	HIV-1 isolate 03ZAPS074MB2 from South Africa, complete genome
DQ093591.1	0	HIV-1 isolate 03ZAPS077B1 from South Africa, complete genome
DQ093592.1	0	HIV-1 isolate 03ZAPS079B1 from South Africa, complete genome
DQ351219.1	0	HIV-1 isolate 03ZAPS081MB1 from South Africa, complete genome
DQ351229.1	0	HIV-1 isolate 03ZAPS083MB1 from South Africa, complete genome
DQ275654.1	0	HIV-1 isolate 03ZAPS086MB1 from South Africa gag protein (gag) gene, complete cds; pol protein (pol) gene, partial cds; and vif protein (vif), vpr protein (vpr), tat protein (tat), rev protein (rev), vpu protein (vpu), envelope glycoprotein (env), and nef protein (nef) genes, complete cds
DQ275651.1	0	HIV-1 isolate 03ZAPS088MB1 from South Africa gag protein (gag) gene, complete cds; truncated pol protein (pol) gene, partial cds; and vif protein (vif), vpr protein (vpr), tat protein (tat), rev protein (rev), vpu protein (vpu), truncated envelope glycoprotein (env), and nef protein (nef) genes, complete cds
DQ351216.1	0	HIV-1 isolate 03ZAPS089MB1 from South Africa, complete genome
DQ275645.1	0	HIV-1 isolate 03ZAPS091MB1 from South Africa gag protein (gag) gene, complete cds; pol protein (pol) gene, partial cds; and vif protein (vif), vpr protein (vpr), tat protein (tat), rev protein (rev), vpu protein (vpu), envelope glycoprotein (env), and nef protein (nef) genes, complete cds
DQ396377.1	0	HIV-1 isolate 03ZAPS094MB1 from South Africa, complete genome
DQ275652.1	0	HIV-1 isolate 03ZAPS095MB1 from South Africa gag protein (gag) gene, complete cds; pol protein (pol) gene, partial cds; and vif protein (vif), vpr protein (vpr), tat protein (tat), rev protein (rev), vpu protein (vpu), envelope glycoprotein (env), and nef protein (nef) genes, complete cds
DQ351230.1	0	HIV-1 isolate 03ZAPS097MB1 from South Africa, complete genome
DQ275655.1	0	HIV-1 isolate 03ZAPS099MB1 from South Africa gag protein (gag) gene, complete cds; pol protein (pol) gene, partial cds; and vif protein (vif), vpr protein (vpr), tat protein (tat), rev protein (rev), vpu protein (vpu), envelope glycoprotein (env), and nef protein (nef) genes, complete cds
DQ275656.1	0	HIV-1 isolate 03ZAPS103MB2 from South Africa gag protein (gag) gene, complete cds; pol protein (pol) gene, partial cds; and vif protein (vif), vpr protein (vpr), tat protein (tat), rev protein (rev), vpu protein (vpu), envelope glycoprotein (env), and nef protein (nef) genes, complete cds
DQ369990.1	0	HIV-1 isolate 03ZAPS104MB1 from South Africa, complete genome
DQ445632.1	0	HIV-1 isolate 03ZAPS105MB2 from South Africa, complete genome
DQ396378.1	0	HIV-1 isolate 03ZAPS108MB1 from South Africa, complete genome
DQ396386.1	0	HIV-1 isolate 03ZAPS112MB2 from South Africa, complete genome
DQ396365.1	0	HIV-1 isolate 03ZAPS113MB2 from South Africa, complete genome
DQ445635.1	0	HIV-1 isolate 03ZAPS116MB1 from South Africa, complete genome
DQ396368.1	0	HIV-1 isolate 03ZAPS118MB1 from South Africa, complete genome
DQ396370.1	0	HIV-1 isolate 03ZAPS122MB1 from South Africa, complete genome
DQ396369.1	0	HIV-1 isolate 03ZAPS123MB1 from South Africa, complete genome
DQ369976.1	0	HIV-1 isolate 03ZAPS124MB1 from South Africa, complete genome
DQ396390.1	0	HIV-1 isolate 03ZAPS125MB1 from South Africa, complete genome
DQ275657.1	0	HIV-1 isolate 03ZAPS126MB1 from South Africa truncated gag protein (gag) gene, complete cds; pol protein (pol) gene, partial cds; and vif protein (vif), vpr protein (vpr), tat protein (tat), rev protein (rev), vpu protein (vpu), envelope glycoprotein (env), and nef protein (nef) genes, complete cds
DQ275643.1	0	HIV-1 isolate 03ZAPS128MB1 from South Africa gag protein (gag) gene, complete cds; pol protein (pol) gene, partial cds; and vif protein (vif), vpr protein (vpr), tat protein (tat), rev protein (rev), vpu protein (vpu), envelope glycoprotein (env), and nef protein (nef) genes, complete cds
DQ275658.1	0	HIV-1 isolate 03ZAPS130MB1 from South Africa gag protein (gag) gene, complete cds; pol protein (pol) gene, partial cds; and vif protein (vif), vpr protein (vpr), tat protein (tat), rev protein (rev), vpu protein (vpu), envelope glycoprotein (env), and nef protein (nef) genes, complete cds
DQ396380.1	0	HIV-1 isolate 03ZAPS131MB1 from South Africa, complete genome
DQ275646.1	0	HIV-1 isolate 03ZAPS133MB1 from South Africa gag protein (gag) gene, complete cds; pol protein (pol) gene, partial cds; and vif protein (vif), vpr protein (vpr), tat protein (tat), rev protein (rev), vpu protein (vpu), envelope glycoprotein (env), and nef protein (nef) genes, complete cds
DQ351231.1	0	HIV-1 isolate 03ZAPS136MB1 from South Africa, complete genome
DQ369981.1	0	HIV-1 isolate 03ZAPS140MB1 from South Africa, complete genome
DQ396391.1	0	HIV-1 isolate 03ZAPS143MB1 from South Africa, complete genome
DQ396392.1	0	HIV-1 isolate 03ZAPS151MB1 from South Africa, complete genome
DQ396399.1	0	HIV-1 isolate 03ZAPS152MB1 from South Africa, complete genome
DQ396371.1	0	HIV-1 isolate 03ZAPS155MB1 from South Africa, complete genome
DQ011175.1	0	HIV-1 isolate 03ZASK005B2 from South Africa, complete genome
AY878056.1	0	HIV-1 isolate 03ZASK006B2 from South Africa, complete genome
DQ164104.1	0	HIV-1 isolate 03ZASK010B2 from South Africa, complete genome
AY901965.1	0	HIV-1 isolate 03ZASK011B2 from South Africa, complete genome
DQ275660.1	0	HIV-1 isolate 03ZASK013B2 from South Africa truncated gag protein (gag) gene, complete cds; pol protein (pol) gene, partial cds; and vif protein (vif), vpr protein (vpr), tat protein (tat), rev protein (rev), vpu protein (vpu), envelope glycoprotein (env), and nef protein (nef) genes, complete cds
DQ351233.1	0	HIV-1 isolate 03ZASK016MB2 from South Africa, complete genome
AY878063.1	0	HIV-1 isolate 03ZASK019B2 from South Africa, complete genome
AY878064.1	0	HIV-1 isolate 03ZASK020B2 from South Africa, complete genome
DQ011165.1	0	HIV-1 isolate 03ZASK026B2 from South Africa, complete genome
AY878065.1	0	HIV-1 isolate 03ZASK034B1 from South Africa, complete genome
AY901966.1	0	HIV-1 isolate 03ZASK036B1 from South Africa, complete genome
AY878068.1	0	HIV-1 isolate 03ZASK039B2 from South Africa, complete genome
AY901967.1	0	HIV-1 isolate 03ZASK058B2 from South Africa, complete genome
AY901968.1	0	HIV-1 isolate 03ZASK061B1 from South Africa, complete genome
DQ164113.1	0	HIV-1 isolate 03ZASK062B1 from South Africa, complete genome
AY901969.1	0	HIV-1 isolate 03ZASK066B1 from South Africa, complete genome
DQ275642.1	0	HIV-1 isolate 03ZASK067B1 from South Africa gag protein (gag) gene, complete cds; pol protein (pol) gene, partial cds; and vif protein (vif), vpr protein (vpr), tat protein (tat), rev protein (rev), vpu protein (vpu), truncated envelope glycoprotein (env), and nef protein (nef) genes, complete cds
DQ093593.1	0	HIV-1 isolate 03ZASK072B1 from South Africa, complete genome
AY901970.1	0	HIV-1 isolate 03ZASK073B1 from South Africa, complete genome
AY901975.1	0	HIV-1 isolate 03ZASK076B1 from South Africa, complete genome
AY901971.1	0	HIV-1 isolate 03ZASK078B1 from South Africa, complete genome
AY901981.1	0	HIV-1 isolate 03ZASK084B1 from South Africa, complete genome
AY878057.1	0	HIV-1 isolate 03ZASK092B1 from South Africa, complete genome
AY878070.1	0	HIV-1 isolate 03ZASK094B1 from South Africa, complete genome
AY878060.1	0	HIV-1 isolate 03ZASK097B1 from South Africa, complete genome
AY878061.1	0	HIV-1 isolate 03ZASK098B1 from South Africa, complete genome
DQ164106.1	0	HIV-1 isolate 03ZASK103B1 from South Africa, complete genome
DQ396395.1	0	HIV-1 isolate 03ZASK104B1 from South Africa, complete genome
DQ056410.1	0	HIV-1 isolate 03ZASK107B1 from South Africa, complete genome
DQ056411.1	0	HIV-1 isolate 03ZASK110B1 from South Africa, complete genome
DQ056404.1	0	HIV-1 isolate 03ZASK111B1 from South Africa, complete genome
DQ351237.1	0	HIV-1 isolate 03ZASK113B1 from South Africa, complete genome
DQ056408.1	0	HIV-1 isolate 03ZASK117B1 from South Africa, complete genome
DQ011169.1	0	HIV-1 isolate 03ZASK118B1 from South Africa, complete genome
DQ011176.1	0	HIV-1 isolate 03ZASK120B1 from South Africa, complete genome
DQ093601.1	0	HIV-1 isolate 03ZASK211B1 from South Africa, complete genome
DQ978981.1	0	HIV-1 isolate 03ZASK212B from South Africa, complete genome
DQ093607.1	0	HIV-1 isolate 03ZASK213B1 from South Africa, complete genome
DQ275661.1	0	HIV-1 isolate 03ZASK215M6W from South Africa gag protein (gag) gene, complete cds; pol protein (pol) gene, partial cds; vif protein (vif), vpr protein (vpr), tat protein (tat), and rev protein (rev) genes, complete cds; vpu gene, complete sequence; and envelope glycoprotein (env) and nef protein (nef) genes, complete cds
DQ093597.1	0	HIV-1 isolate 03ZASK223B1 from South Africa, complete genome
DQ275664.1	0	HIV-1 isolate 03ZASK224MB1 from South Africa gag protein (gag) gene, complete cds; pol protein (pol) gene, partial cds; and vif protein (vif), vpr protein (vpr), tat protein (tat), rev protein (rev), vpu protein (vpu), envelope glycoprotein (env), and nef protein (nef) genes, complete cds
DQ164108.1	0	HIV-1 isolate 03ZASK226B1 from South Africa, complete genome
DQ093589.1	0	HIV-1 isolate 03ZASK232B1 from South Africa, complete genome
DQ351234.1	0	HIV-1 isolate 03ZASK233B1 from South Africa, complete genome
DQ275650.1	0	HIV-1 isolate 04ZAPS194MB1 from South Africa truncated gag protein (gag) gene, complete cds; pol protein (pol) gene, partial cds; and vif protein (vif), vpr protein (vpr), tat protein (tat), rev protein (rev), vpu protein (vpu), envelope glycoprotein (env), and nef protein (nef) genes, complete cds
AY901972.1	0	HIV-1 isolate 04ZASK082B1 from South Africa, complete genome
AY772690.1	0	HIV-1 isolate 03ZASK023B2 from South Africa, complete genome
AY772691.1	0	HIV-1 isolate 03ZASK029B2 from South Africa, complete genome
AY772692.1	0	HIV-1 isolate 03ZASK033B2 from South Africa, complete genome
AY703908.1	0	HIV-1 isolate 03ZASK040B1 from South Africa, complete genome
AY772693.1	0	HIV-1 isolate 03ZASK041B1 from South Africa, complete genome
AY772700.1	0	HIV-1 isolate 03ZASK043B1 from South Africa, complete genome
AY772695.1	0	HIV-1 isolate 03ZASK112B1 from South Africa, complete genome
AY772696.1	0	HIV-1 isolate 03ZASK116B1 from South Africa, complete genome
DQ351232.1	0	HIV-1 isolate 04ZAPS157MB1 from South Africa, complete genome
DQ164107.1	0	HIV-1 isolate 04ZAPS160B1 from South Africa, complete genome
DQ164115.1	0	HIV-1 isolate 04ZAPS161B1 from South Africa, complete genome
DQ351221.1	0	HIV-1 isolate 04ZAPS165MB1 from South Africa, complete genome
DQ164121.1	0	HIV-1 isolate 04ZAPS168B1 from South Africa, complete genome
DQ396393.1	0	HIV-1 isolate 04ZAPS169MB1 from South Africa, complete genome
DQ275659.1	0	HIV-1 isolate 04ZAPS172MB1 from South Africa gag protein (gag) gene, complete cds; pol protein (pol) gene, partial cds; and vif protein (vif), vpr protein (vpr), tat protein (tat), rev protein (rev), vpu protein (vpu), envelope glycoprotein (env), and nef protein (nef) genes, complete cds
DQ396394.1	0	HIV-1 isolate 04ZAPS177MB1 from South Africa, complete genome
DQ164122.1	0	HIV-1 isolate 04ZAPS188B1 from South Africa, complete genome
DQ164117.1	0	HIV-1 isolate 04ZAPS189B1 from South Africa, complete genome
DQ093602.1	0	HIV-1 isolate 04ZAPS190B1 from South Africa, complete genome
DQ164118.1	0	HIV-1 isolate 04ZAPS195B1 from South Africa, complete genome
DQ369997.1	0	HIV-1 isolate 04ZAPS197MB1 from South Africa, complete genome
DQ445637.1	0	HIV-1 isolate 04ZAPS198MB1 from South Africa, complete genome
DQ164110.1	0	HIV-1 isolate 04ZAPS199B1 from South Africa, complete genome
DQ093598.1	0	HIV-1 isolate 04ZAPS202B1 from South Africa, complete genome
DQ093599.1	0	HIV-1 isolate 04ZAPS205B1 from South Africa, complete genome
DQ164126.1	0	HIV-1 isolate 04ZAPS206B1 from South Africa, complete genome
DQ093588.1	0	HIV-1 isolate 04ZAPS214B1 from South Africa, complete genome
DQ093600.1	0	HIV-1 isolate 04ZAPS216B1 from South Africa, complete genome
DQ164119.1	0	HIV-1 isolate 04ZAPS217B1 from South Africa, complete genome
AY901974.1	0	HIV-1 isolate 04ZASK031B2 from South Africa, complete genome
DQ093585.1	0	HIV-1 isolate 04ZASK083B2 from South Africa, complete genome
DQ011172.1	0	HIV-1 isolate 04ZASK127B1 from South Africa, complete genome
DQ093586.1	0	HIV-1 isolate 04ZASK128B1 from South Africa, complete genome
DQ056412.1	0	HIV-1 isolate 04ZASK131B1 from South Africa, complete genome
DQ093594.1	0	HIV-1 isolate 04ZASK132B1 from South Africa, complete genome
DQ011166.1	0	HIV-1 isolate 04ZASK135B1 from South Africa, complete genome
DQ011177.1	0	HIV-1 isolate 04ZASK136B1 from South Africa, complete genome
AY878072.1	0	HIV-1 isolate 04ZASK139B1 from South Africa, complete genome
DQ011167.1	0	HIV-1 isolate 04ZASK142B1 from South Africa, complete genome
AY901976.1	0	HIV-1 isolate 04ZASK145B1 from South Africa, complete genome
AY772699.1	0	HIV-1 isolate 04ZASK146B1 from South Africa, complete genome
DQ164114.1	0	HIV-1 isolate 04ZASK147B1 from South Africa, complete genome
DQ093590.1	0	HIV-1 isolate 04ZASK148B1 from South Africa, complete genome
DQ011178.1	0	HIV-1 isolate 04ZASK150B1 from South Africa, complete genome
AY901977.1	0	HIV-1 isolate 04ZASK151B1 from South Africa, complete genome
AY878071.1	0	HIV-1 isolate 04ZASK154B1 from South Africa, complete genome
AY901978.1	0	HIV-1 isolate 04ZASK155B1 from South Africa, complete genome
DQ011171.1	0	HIV-1 isolate 04ZASK156B1 from South Africa, complete genome
DQ011179.1	0	HIV-1 isolate 04ZASK159B1 from South Africa, complete genome
DQ011173.1	0	HIV-1 isolate 04ZASK160B1 from South Africa, complete genome
DQ011170.1	0	HIV-1 isolate 04ZASK161B1 from South Africa, complete genome
AY901979.1	0	HIV-1 isolate 04ZASK163B1 from South Africa, complete genome
DQ056405.1	0	HIV-1 isolate 04ZASK164B1 from South Africa, complete genome
DQ396387.1	0	HIV-1 isolate 04ZASK165B1 from South Africa, complete genome
DQ164127.1	0	HIV-1 isolate 04ZASK167B1 from South Africa, complete genome
AY878058.1	0	HIV-1 isolate 04ZASK168B1 from South Africa, complete genome
DQ396381.1	0	HIV-1 isolate 04ZASK169B1 from South Africa, complete genome
DQ093595.1	0	HIV-1 isolate 04ZASK170B1 from South Africa, complete genome
DQ351217.1	0	HIV-1 isolate 04ZASK171B1 from South Africa, complete genome
DQ093604.1	0	HIV-1 isolate 04ZASK173B1 from South Africa, complete genome
AY901980.1	0	HIV-1 isolate 04ZASK174B1 from South Africa, complete genome
DQ164129.1	0	HIV-1 isolate 04ZASK175B1 from South Africa, complete genome
DQ056416.1	0	HIV-1 isolate 04ZASK176B1 from South Africa, complete genome
DQ093587.1	0	HIV-1 isolate 04ZASK178B1 from South Africa, complete genome
AY878059.1	0	HIV-1 isolate 04ZASK180B1 from South Africa, complete genome
AY878062.1	0	HIV-1 isolate 04ZASK181B1 from South Africa, complete genome
AY878054.1	0	HIV-1 isolate 04ZASK182B1 from South Africa, complete genome
AY878055.1	0	HIV-1 isolate 04ZASK183B1 from South Africa, complete genome
DQ056418.1	0	HIV-1 isolate 04ZASK184B1 from South Africa, complete genome
DQ011174.1	0	HIV-1 isolate 04ZASK185B1 from South Africa, complete genome
DQ056409.1	0	HIV-1 isolate 04ZASK190B1 from South Africa, complete genome
DQ369993.1	0	HIV-1 isolate 04ZASK191B1 from South Africa, complete genome
DQ396382.1	0	HIV-1 isolate 04ZASK192B1 from South Africa, complete genome
DQ396396.1	0	HIV-1 isolate 04ZASK193B1 from South Africa, complete genome
DQ056413.1	0	HIV-1 isolate 04ZASK196B1 from South Africa, complete genome
DQ396383.1	0	HIV-1 isolate 04ZASK200B1 from South Africa, complete genome
DQ396397.1	0	HIV-1 isolate 04ZASK201B1 from South Africa, complete genome
DQ011180.1	0	HIV-1 isolate 04ZASK202B1 from South Africa, complete genome
DQ056414.1	0	HIV-1 isolate 04ZASK204B1 from South Africa, complete genome
DQ056415.1	0	HIV-1 isolate 04ZASK206B1 from South Africa, complete genome
DQ056406.1	0	HIV-1 isolate 04ZASK208B1 from South Africa, complete genome
DQ056417.1	0	HIV-1 isolate 04ZASK217B1 from South Africa, complete genome
DQ093605.1	0	HIV-1 isolate 04ZASK234B1 from South Africa, complete genome
GQ999973.1	0	HIV-1 isolate CAP30.5w.F4 from South Africa, complete genome
GQ999975.1	0	HIV-1 isolate CAP61.8w.F3 from South Africa, complete genome
AY772698.1	0	HIV-1 isolate 04ZASK133B1 from South Africa, complete genome
AY703909.1	0	HIV-1 isolate 04ZASK134B1 from South Africa, complete genome
AY901973.1	0	HIV-1 isolate 04ZASK140B1 from South Africa, complete genome
AY703910.1	0	HIV-1 isolate 04ZASK143B1 from South Africa, complete genome
AY703911.1	0	HIV-1 isolate 04ZASK144B1 from South Africa, complete genome
DQ369991.1	0	HIV-1 isolate 05ZASK240B1 from South Africa, complete genome
DQ396372.1	0	HIV-1 isolate 05ZASK243B1 from South Africa, complete genome
DQ369992.1	0	HIV-1 isolate 05ZASK244B1 from South Africa, complete genome
DQ369982.1	0	HIV-1 isolate 05ZASK245B1 from South Africa, complete genome
DQ369983.1	0	HIV-1 isolate 05ZASK246B1 from South Africa, complete genome
DQ369994.1	0	HIV-1 isolate 05ZASK247B1 from South Africa, complete genome
GQ999981.1	0	HIV-1 isolate CAP174.4w from South Africa, complete genome
GQ999982.1	0	HIV-1 isolate CAP206.8w.F1 from South Africa, complete genome
GQ999983.1	0	HIV-1 isolate CAP210.5w from South Africa, complete genome
GQ999984.1	0	HIV-1 isolate CAP228.8w.F2 from South Africa, complete genome
GQ999985.1	0	HIV-1 isolate CAP229.7w from South Africa, complete genome
GQ999991.1	0	HIV-1 isolate CAP239.5w.F1 from South Africa, complete genome
GQ999986.1	0	HIV-1 isolate CAP244.8w.F1 from South Africa, complete genome
GQ999987.1	0	HIV-1 isolate CAP248.9w from South Africa, complete genome
GQ999988.1	0	HIV-1 isolate CAP255.8w.F1 from South Africa, complete genome
GQ999989.1	0	HIV-1 isolate CAP256.6w from South Africa, complete genome
GQ999990.1	0	HIV-1 isolate CAP257.7w.F1 from South Africa, complete genome
GQ999974.1	0	HIV-1 isolate CAP45.5w.F1 from South Africa, complete genome
GQ999976.1	0	HIV-1 isolate CAP63.5w.F4 from South Africa, complete genome
GQ999977.1	0	HIV-1 isolate CAP65.6w from South Africa, complete genome
GQ999978.1	0	HIV-1 isolate CAP84.3w.F2 from South Africa, complete genome
GQ999979.1	0	HIV-1 isolate CAP85.5w.F1 from South Africa, complete genome
GQ999980.1	0	HIV-1 isolate CAP88.5w.F2 from South Africa, complete genome
GQ999972.1	0	HIV-1 isolate CAP8.3w.F2 from South Africa, complete genome
KC156123.1	0	HIV-1 isolate CH042_TF from South Africa, complete genome
KC156125.1	0	HIV-1 isolate CH067_TF from South Africa, complete genome
KC156115.1	0	HIV-1 isolate CH162.mo6 from South Africa, complete genome
KC156130.1	0	HIV-1 isolate CH198_TF from South Africa, complete genome
KC156127.1	0	HIV-1 isolate CH164_TF from South Africa, complete genome
MN202471.1	0	HIV-1 strain CH107_TF from South Africa, complete genome
MN202472.1	0	HIV-1 strain CH236_TF from South Africa, complete genome
JX140664.1	0	HIV-1 isolate DEMC07ZA011 from South Africa gag protein (gag) gene, complete cds; pol protein (pol) gene, partial cds; and vif protein (vif), vpr protein (vpr), tat protein (tat), rev protein (rev), vpu protein (vpu), envelope glycoprotein (env), and nef protein (nef) genes, complete cds
KC156116.1	0	HIV-1 isolate CH185.mo6 from South Africa, complete genome
KC156221.1	0	HIV-1 isolate CH534.w12 from South Africa, complete genome
JX140666.1	0	HIV-1 isolate DEMC08ZA011 from South Africa gag protein (gag) gene, complete cds; pol protein (pol) gene, partial cds; and vif protein (vif), vpr protein (vpr), tat protein (tat), rev protein (rev), vpu protein (vpu), envelope glycoprotein (env), and nef protein (nef) genes, complete cds
JX140667.1	0	HIV-1 isolate DEMC09ZA008 from South Africa nonfunctional gag protein (gag) gene, complete sequence; pol protein (pol) gene, partial cds; and vif protein (vif), vpr protein (vpr), tat protein (tat), rev protein (rev), vpu protein (vpu), envelope glycoprotein (env), and nef protein (nef) genes, complete cds
JX140668.1	0	HIV-1 isolate DEMC09ZA009 from South Africa gag protein (gag) gene, complete cds; pol protein (pol) gene, partial cds; vif protein (vif) and vpr protein (vpr) genes, complete cds; nonfunctional tat protein (tat) gene, complete sequence; and rev protein (rev), vpu protein (vpu), envelope glycoprotein (env), and nef protein (nef) genes, complete cds
JX140669.1	0	HIV-1 isolate DEMC10ZA001 from South Africa gag protein (gag) gene, complete cds; pol protein (pol) gene, partial cds; and vif protein (vif), vpr protein (vpr), tat protein (tat), rev protein (rev), vpu protein (vpu), envelope glycoprotein (env), and nef protein (nef) genes, complete cds
KP109516.1	0	HIV-1 isolate DEMC12ZA087 from South Africa gag protein (gag) gene, complete cds; pol protein (pol) gene, partial cds; and vif protein (vif), vpr protein (vpr), tat protein (tat), rev protein (rev), vpu protein (vpu), envelope glycoprotein (env), and nef protein (nef) genes, complete cds
KP109517.1	0	HIV-1 isolate DEMC12ZA096 from South Africa gag protein (gag) gene, complete cds; pol protein (pol) gene, partial cds; and vif protein (vif), vpr protein (vpr), tat protein (tat), rev protein (rev), vpu protein (vpu), envelope glycoprotein (env), and nef protein (nef) genes, complete cds
KU749415.1	0	HIV-1 isolate DEMC13ZA146 from South Africa, partial genome
KU749416.1	0	HIV-1 isolate DEMC13ZA149 from South Africa, partial genome
KU749417.1	0	HIV-1 isolate DEMC13ZA152 from South Africa, partial genome
MN703145.1	0	HIV-1 isolate DEMC14ZA175 from South Africa, complete genome
MT222958.1	0	HIV-1 isolate DEMC14ZA176 from South Africa, complete genome
MN703146.1	0	HIV-1 isolate DEMC14ZA177 from South Africa, complete genome
MN703147.1	0	HIV-1 isolate DEMC14ZA179 from South Africa, complete genome
MN703148.1	0	HIV-1 isolate DEMC14ZA180 from South Africa, complete genome
MN703149.1	0	HIV-1 isolate DEMC14ZA181 from South Africa, complete genome
MN703150.1	0	HIV-1 isolate DEMC14ZA182 from South Africa, complete genome
MK643550.1	0	HIV-1 isolate Pt2.1_S1068 from South Africa partial defective genome
MK643564.1	0	HIV-1 isolate Pt4.2_S1086 from South Africa partial defective genome
MN611462.1	0	HIV-1 isolate ZA006EP1C7 from South Africa, complete genome
MN611466.1	0	HIV-1 isolate ZA011EP4D1 from South Africa, complete genome
MK643538.1	0	HIV-1 isolate Pt1.1_S1052 from South Africa partial defective genome
MN611467.1	0	HIV-1 isolate ZA015EP3A8 from South Africa, complete genome
MN097551.1	0	HIV-1 isolate CAP188-B-W31 from South Africa, partial genome
MN097661.1	0	HIV-1 isolate CAP302-B-W11 from South Africa, partial genome
MN097669.1	0	HIV-1 isolate CAP316-B-W1 from South Africa, partial genome
MN097680.1	0	HIV-1 isolate CAP336-B-W10 from South Africa, partial genome
MN097584.1	0	HIV-1 isolate CAP217-B-W1 from South Africa, partial genome
MN097648.1	0	HIV-1 isolate CAP287-W13 from South Africa, partial genome
MN097654.1	0	HIV-1 isolate CAP288-B-W3 from South Africa, partial genome
JN188292.1	0	HIV-1 clone pZAC from South Africa, complete genome
AY118165.1	0	HIV-1 isolate 97ZA003 from South Africa, complete genome
AY118166.1	0	HIV-1 isolate 97ZA009 from South Africa, complete genome
AF286227.1	0	HIV-1 strain 97ZA012 from South Africa, complete genome
AY158533.1	0	HIV-1 strain 98ZA445 clone d3 from South Africa, complete genome
AY158534.1	0	HIV-1 strain 98ZA502 clone 3 from South Africa, complete genome
AY158535.1	0	HIV-1 strain 98ZA528 clone 6 from South Africa, complete genome
AY162223.1	0	HIV-1 strain TV001 clone 8_5 subtype C from South Africa, complete genome
AY162224.1	0	HIV-1 strain TV002 clone 12/5_1 subtype C from South Africa, complete genome
AY162225.1	0	HIV-1 strain TV012 clone 2/1_4 subtype C from South Africa, complete genome
AF411967.1	0	HIV-1 isolate 99ZACM9 from South Africa, complete genome
EU293446.1	0	HIV-1 isolate 99ZALT21 from South Africa, complete genome
EU293447.1	0	HIV-1 isolate 99ZALT39 from South Africa, complete genome
EU293448.1	0	HIV-1 isolate 99ZALT42 from South Africa, complete genome
EU293449.1	0	HIV-1 isolate 99ZALT45 from South Africa, complete genome
EU293450.1	0	HIV-1 isolate 99ZALT46 from South Africa, complete genome
EU293444.1	0	HIV-1 isolate 99ZALT4 from South Africa, complete genome
EU293445.1	0	HIV-1 isolate 99ZALT5 from South Africa, complete genome
AY228556.1	0	HIV-1 isolate 99ZATM10 from South Africa, complete genome
KU168308.1	0	HIV-1 isolate ZA8119636 from South Africa, complete genome
AF411966.1	0	HIV-1 isolate 99ZASW7 from South Africa, complete genome
MT222959.1	0	HIV-1 isolate DEMCXXZA190 from South Africa, complete genome
MT222960.1	0	HIV-1 isolate DEMCXXZA193 from South Africa, complete genome
AB254141.1	0	Human immunodeficiency virus 1 proviral DNA, complete genome, clone:p02ZM108C12
AB254142.1	0	Human immunodeficiency virus 1 proviral DNA, complete genome, clone:p02ZM110C07
AB254146.1	0	Human immunodeficiency virus 1 proviral DNA, complete genome, clone:p02ZM114C27
AB254148.1	0	Human immunodeficiency virus 1 proviral DNA, complete genome, clone:p02ZM115C16
AB254149.1	0	Human immunodeficiency virus 1 proviral DNA, complete genome, clone:p02ZMBCC09
AB254153.2	0	Human immunodeficiency virus 1 proviral DNA, complete genome, clone:p02ZMDBC33
AB254155.1	0	Human immunodeficiency virus 1 proviral DNA, complete genome, clone:p02ZMJCC05
FJ496186.1	0	HIV-1 isolate ZM246F_flA10 from Zambia, complete genome
FJ496195.1	0	HIV-1 isolate ZM247F_flA1 from Zambia, complete genome
FJ496209.1	0	HIV-1 isolate ZM249M_flC1 from Zambia, complete genome
MT347678.1	0	HIV-1 isolate 235028_9Mar06_NFLG_TF_Con from Zambia, complete genome
MT194600.1	0	HIV-1 isolate ZM1124F_18May2006_SC_10_N from Zambia, complete genome
MT194738.1	0	HIV-1 isolate ZM1165M_16Mar2006_SC_10_N from Zambia, complete genome
KU749425.1	0	HIV-1 isolate DEMC07ZM013 from Zambia, partial genome
MT194282.1	0	HIV-1 isolate ZM1047M_24Aug2007_SC_1_N from Zambia, complete genome
MT195232.1	0	HIV-1 isolate ZM326M_17Feb2007_SC_10_N from Zambia, complete genome
MT195493.1	0	HIV-1 isolate ZMN133M_16Aug2007_SC_10_N from Zambia, complete genome
MT347680.1	0	HIV-1 isolate 305136_23Jul08_NFLG_TF_Con from Zambia, complete genome
MT194314.1	0	HIV-1 isolate ZM1094F_04Jul2008_SC_10_N from Zambia, complete genome
MT195134.1	0	HIV-1 isolate ZM1808F_24Jan2008_SC_10_N from Zambia, complete genome
KF716466.1	0	HIV-1 isolate DEMC09ZM004 from Zambia gag protein (gag) gene, complete cds; pol protein (pol) gene, partial cds; and vif protein (vif), vpr protein (vpr), tat protein (tat), rev protein (rev), vpu protein (vpu), envelope glycoprotein (env), and nef protein (nef) genes, complete cds
KU749426.1	0	HIV-1 isolate DEMC09ZM015 from Zambia, partial genome
KR820304.1	0	HIV-1 isolate Z331F_15Apr09_PL_NFLG_SGA22 from Zambia gag protein (gag) gene, complete cds; pol protein (pol) gene, partial cds; and vif protein (vif), vpr protein (vpr), tat protein (tat), rev protein (rev), vpu protein (vpu), envelope glycoprotein (env), and nef protein (nef) genes, complete cds
KR820314.1	0	HIV-1 isolate Z331M_18Apr09_PL_NFLG_SGA10 from Zambia gag protein (gag) gene, complete cds; pol protein (pol) gene, partial cds; and vif protein (vif), vpr protein (vpr), tat protein (tat), rev protein (rev), vpu protein (vpu), envelope glycoprotein (env), and nef protein (nef) genes, complete cds
KR820324.1	0	HIV-1 isolate Z3576F_28Mar09_PL_NFLG_SGA1 from Zambia gag protein (gag) gene, complete cds; pol protein (pol) gene, partial cds; and vif protein (vif), vpr protein (vpr), tat protein (tat), rev protein (rev), vpu protein (vpu), envelope glycoprotein (env), and nef protein (nef) genes, complete cds
KR820326.1	0	HIV-1 isolate Z3576M_18Apr09_PL_NFLG_SGA10 from Zambia gag protein (gag) gene, complete cds; pol protein (pol) gene, partial cds; and vif protein (vif), vpr protein (vpr), tat protein (tat), rev protein (rev), vpu protein (vpu), envelope glycoprotein (env), and nef protein (nef) genes, complete cds
KR820342.1	0	HIV-1 isolate Z3618F_11Jul09_PL_NFLG_SGA11 from Zambia gag protein (gag) gene, complete cds; pol protein (pol) gene, partial cds; and vif protein (vif), vpr protein (vpr), tat protein (tat), rev protein (rev), vpu protein (vpu), envelope glycoprotein (env), and nef protein (nef) genes, complete cds
KR820376.1	0	HIV-1 isolate Z3678F_23Sep09_PL_NFLG_SGA19 from Zambia gag protein (gag) gene, complete cds; pol protein (pol) gene, partial cds; and vif protein (vif), vpr protein (vpr), tat protein (tat), rev protein (rev), vpu protein (vpu), envelope glycoprotein (env), and nef protein (nef) genes, complete cds
MT195145.1	0	HIV-1 isolate ZM2006M_13May2009_SC_10_N from Zambia, complete genome
MT347679.1	0	HIV-1 isolate 235234_10Mar10_NFLG_TF_Con from Zambia, complete genome
MT347681.1	0	HIV-1 isolate 305156_4Jun10_NFLG_TF_Con from Zambia, complete genome
KR820394.1	0	HIV-1 isolate Z4248F_11Jun10_PL_NFLG_SGA1 from Zambia gag protein (gag) gene, complete cds; pol protein (pol) gene, partial cds; and vif protein (vif), vpr protein (vpr), tat protein (tat), rev protein (rev), vpu protein (vpu), envelope glycoprotein (env), and nef protein (nef) genes, complete cds
KR820415.1	0	HIV-1 isolate Z4248M_4Jun10_PL_NFLG_SGA1 from Zambia gag protein (gag) gene, complete cds; pol protein (pol) gene, partial cds; and vif protein (vif), vpr protein (vpr), tat protein (tat), rev protein (rev), vpu protein (vpu), envelope glycoprotein (env), and nef protein (nef) genes, complete cds
MT194974.1	0	HIV-1 isolate ZM1788F_04Sep2010_1A_26_N from Zambia, complete genome
KP109494.1	0	HIV-1 isolate DEMC11ZM003 from Zambia gag protein (gag) gene, complete cds; pol protein (pol) gene, partial cds; vif protein (vif), vpr protein (vpr), tat protein (tat), rev protein (rev), and vpu protein (vpu) genes, complete cds; nonfunctional envelope glycoprotein (env) gene, complete sequence; and nef protein (nef) gene, complete cds
KP109495.1	0	HIV-1 isolate DEMC11ZM005 from Zambia gag protein (gag) gene, complete cds; pol protein (pol) gene, partial cds; and vif protein (vif), vpr protein (vpr), tat protein (tat), rev protein (rev), vpu protein (vpu), envelope glycoprotein (env), and nef protein (nef) genes, complete cds
KF716467.1	0	HIV-1 isolate DEMC11ZM006 from Zambia gag protein (gag) gene, complete cds; pol protein (pol) gene, partial cds; and vif protein (vif), vpr protein (vpr), tat protein (tat), rev protein (rev), vpu protein (vpu), envelope glycoprotein (env), and nef protein (nef) genes, complete cds
KP109496.1	0	HIV-1 isolate DEMC11ZM008 from Zambia gag protein (gag) gene, complete cds; pol protein (pol) gene, partial cds; and vif protein (vif), vpr protein (vpr), tat protein (tat), rev protein (rev), vpu protein (vpu), envelope glycoprotein (env), and nef protein (nef) genes, complete cds
MT194138.1	0	HIV-1 isolate ZM1044M_16Aug2011_1A_23_N from Zambia, complete genome
MT194782.1	0	HIV-1 isolate ZM1658F_01Nov2011_1A_1_N from Zambia, complete genome
MT195378.1	0	HIV-1 isolate ZM634F_18May2011_1A_28_N from Zambia, complete genome
MT194468.1	0	HIV-1 isolate ZM1123M_10Jan2012_1A_1_N from Zambia, complete genome
AB485645.1	0	Human immunodeficiency virus 1 proviral DNA, complete genome, clone: pPRD320-08C05
AF286224.1	0	HIV-1 strain 96ZM651 from Zambia, complete genome
AF286225.1	0	HIV-1 strain 96ZM751 from Zambia, complete genome
AY805330.1	0	HIV-1 isolate HIV1084i from Zambia, complete genome
KU168262.1	0	HIV-1 isolate LA07SeJe, complete genome
MN486042.1	0	HIV-1 isolate CT from Belgium, complete genome
KJ787684.1	0	HIV-1 isolate 10BR_RJ095 from Brazil, partial genome
KY392769.1	0	HIV-1 isolate CG-0382-02V from Democratic Republic of the Congo, complete genome
KU168272.1	0	HIV-1 isolate LA18ZiAn from Democratic Republic of the Congo, complete genome
KU168271.1	0	HIV-1 isolate LA17MuBo from Democratic Republic of the Congo, complete genome
K03454.1	0	Human immunodeficiency virus type 1, isolate ELI, complete genome
M27323.1	0	Human immunodeficiency virus type 1 (HIV-1) proviral complete genome
U88822.1	0	HIV-1 isolate 84zr085 from Zaire complete genome
MH705152.1	0	HIV-1 isolate PBS5635 from Democratic Republic of the Congo, complete genome
MN153488.1	0	HIV-1 isolate 08CMBDSH25 from Cameroon, complete genome
JX140670.1	0	HIV-1 isolate DEMD10CM009 from Cameroon gag protein (gag) gene, complete cds; pol protein (pol) gene, partial cds; vif protein (vif) and vpr protein (vpr) genes, complete cds; nonfunctional tat protein (tat) gene, complete sequence; and rev protein (rev), vpu protein (vpu), envelope glycoprotein (env), and nef protein (nef) genes, complete cds
KF716476.1	0	HIV-1 isolate DEMD11KE003 from Kenya gag protein (gag) gene, complete cds; pol protein (pol) gene, partial cds; vif protein (vif), vpr protein (vpr), tat protein (tat), and rev protein (rev) genes, complete cds; nonfunctional vpu protein (vpu) gene, complete sequence; and envelope glycoprotein (env) and nef protein (nef) genes, complete cds
AY322189.1	0	HIV-1 isolate ML415-2-1997 from Kenya, complete genome
AB485648.1	0	Human immunodeficiency virus 1 proviral DNA, complete genome, clone: pPRD320-09D25
JX236668.1	0	HIV-1 isolate p190049 from Uganda nonfunctional gag protein (gag) gene, complete sequence; pol protein (pol) gene, partial cds; and vif protein (vif), vpr protein (vpr), tat protein (tat), rev protein (rev), vpu protein (vpu), envelope glycoprotein (env), and nef protein (nef) genes, complete cds
MW006058.1	0	HIV-1 isolate 192002 from Uganda, complete genome
MW006061.1	0	HIV-1 isolate 193005 from Uganda, complete genome
JX236670.1	0	HIV-1 isolate p191647 from Uganda gag protein (gag) gene, complete cds; pol protein (pol) gene, partial cds; vif protein (vif) and vpr protein (vpr) genes, complete cds; nonfunctional tat protein (tat) gene, complete sequence; and rev protein (rev), vpu protein (vpu), envelope glycoprotein (env), and nef protein (nef) genes, complete cds
JX236673.1	0	HIV-1 isolate p191882 from Uganda gag protein (gag) gene, complete cds; pol protein (pol) gene, partial cds; and vif protein (vif), vpr protein (vpr), tat protein (tat), rev protein (rev), vpu protein (vpu), envelope glycoprotein (env), and nef protein (nef) genes, complete cds
JX236679.1	0	HIV-1 isolate pSC191727 from Uganda gag protein (gag) gene, complete cds; pol protein (pol) gene, partial cds; vif protein (vif) and vpr protein (vpr) genes, complete cds; nonfunctional tat protein (tat) gene, complete sequence; and rev protein (rev), vpu protein (vpu), envelope glycoprotein (env), and nef protein (nef) genes, complete cds
MW006078.1	0	HIV-1 isolate 270535 from Uganda, complete genome
JX236672.1	0	HIV-1 isolate p191859 from Uganda gag protein (gag) gene, complete cds; pol protein (pol) gene, partial cds; vif protein (vif) and vpr protein (vpr) genes, complete cds; nonfunctional tat protein (tat) gene, complete sequence; and rev protein (rev), vpu protein (vpu), envelope glycoprotein (env), and nef protein (nef) genes, complete cds
MW006065.1	0	HIV-1 isolate 194037 from Uganda, complete genome
MW006081.1	0	HIV-1 isolate 275031 from Uganda, complete genome
MW006068.1	0	HIV-1 isolate 194289 from Uganda, complete genome
MW006072.1	0	HIV-1 isolate 194374 from Uganda, complete genome
KF716479.1	0	HIV-1 isolate DEMD10UG004 from Uganda gag protein (gag) gene, complete cds; pol protein (pol) gene, partial cds; and vif protein (vif), vpr protein (vpr), tat protein (tat), rev protein (rev), vpu protein (vpu), envelope glycoprotein (env), and nef protein (nef) genes, complete cds
MW006073.1	0	HIV-1 isolate 194535 from Uganda, complete genome
MW006076.1	0	HIV-1 isolate 194604 from Uganda, complete genome
OP039433.1	0	UNVERIFIED: HIV-1 isolate 002347 from Uganda genomic sequence
OP039434.1	0	UNVERIFIED: HIV-1 isolate 002348 from Uganda genomic sequence
OP039436.1	0	UNVERIFIED: HIV-1 isolate 002351 from Uganda genomic sequence
OP039437.1	0	UNVERIFIED: HIV-1 isolate 002352 from Uganda genomic sequence
OP039438.1	0	UNVERIFIED: HIV-1 isolate 002354 from Uganda genomic sequence
OP039441.1	0	UNVERIFIED: HIV-1 isolate 002359 from Uganda genomic sequence
OP039442.1	0	UNVERIFIED: HIV-1 isolate 002360 from Uganda genomic sequence
OP039447.1	0	UNVERIFIED: HIV-1 isolate 002365 from Uganda genomic sequence
OP039453.1	0	UNVERIFIED: HIV-1 isolate 002372 from Uganda genomic sequence
OP039459.1	0	UNVERIFIED: HIV-1 isolate 002387 from Uganda genomic sequence
OP039470.1	0	UNVERIFIED: HIV-1 isolate 002405 from Uganda genomic sequence
OP039471.1	0	UNVERIFIED: HIV-1 isolate 002406 from Uganda genomic sequence
OP039475.1	0	UNVERIFIED: HIV-1 isolate 002410 from Uganda genomic sequence
OP039476.1	0	UNVERIFIED: HIV-1 isolate 002414 from Uganda genomic sequence
OP039478.1	0	UNVERIFIED: HIV-1 isolate 002417 from Uganda genomic sequence
OP039483.1	0	UNVERIFIED: HIV-1 isolate 002427 from Uganda genomic sequence
OP039379.1	0	UNVERIFIED: HIV-1 isolate 2029 from Uganda genomic sequence
OP039380.1	0	UNVERIFIED: HIV-1 isolate 2030 from Uganda genomic sequence
OP039381.1	0	UNVERIFIED: HIV-1 isolate 2031 from Uganda genomic sequence
OP039382.1	0	UNVERIFIED: HIV-1 isolate 2032 from Uganda genomic sequence
OP039383.1	0	UNVERIFIED: HIV-1 isolate 2033 from Uganda genomic sequence
OP039388.1	0	UNVERIFIED: HIV-1 isolate 2039 from Uganda genomic sequence
OP039390.1	0	UNVERIFIED: HIV-1 isolate 2041 from Uganda genomic sequence
OP039391.1	0	UNVERIFIED: HIV-1 isolate 2042 from Uganda genomic sequence
OP039392.1	0	UNVERIFIED: HIV-1 isolate 2043 from Uganda genomic sequence
OP039397.1	0	UNVERIFIED: HIV-1 isolate 2048 from Uganda genomic sequence
OP039400.1	0	UNVERIFIED: HIV-1 isolate 2054 from Uganda genomic sequence
OP039402.1	0	UNVERIFIED: HIV-1 isolate 2056 from Uganda genomic sequence
OP039403.1	0	UNVERIFIED: HIV-1 isolate 2057 from Uganda genomic sequence
OP039404.1	0	UNVERIFIED: HIV-1 isolate 2058 from Uganda genomic sequence
OP039405.1	0	UNVERIFIED: HIV-1 isolate 2064 from Uganda genomic sequence
OP039409.1	0	UNVERIFIED: HIV-1 isolate 2079 from Uganda genomic sequence
OP039414.1	0	UNVERIFIED: HIV-1 isolate 2085 from Uganda genomic sequence
OP039416.1	0	UNVERIFIED: HIV-1 isolate 2097 from Uganda genomic sequence
OP039418.1	0	UNVERIFIED: HIV-1 isolate 2100 from Uganda genomic sequence
OP039419.1	0	UNVERIFIED: HIV-1 isolate 2102 from Uganda genomic sequence
OP039420.1	0	UNVERIFIED: HIV-1 isolate 2103 from Uganda genomic sequence
OP039421.1	0	UNVERIFIED: HIV-1 isolate 2106 from Uganda genomic sequence
OP039423.1	0	UNVERIFIED: HIV-1 isolate 2108 from Uganda genomic sequence
OP039424.1	0	UNVERIFIED: HIV-1 isolate 2109 from Uganda genomic sequence
OP039426.1	0	UNVERIFIED: HIV-1 isolate 2111 from Uganda genomic sequence
OP039427.1	0	UNVERIFIED: HIV-1 isolate 2112 from Uganda genomic sequence
OP039428.1	0	UNVERIFIED: HIV-1 isolate 2113 from Uganda genomic sequence
OP039429.1	0	UNVERIFIED: HIV-1 isolate 2114 from Uganda genomic sequence
OP039430.1	0	UNVERIFIED: HIV-1 isolate 2115 from Uganda genomic sequence
AB485650.1	0	Human immunodeficiency virus 1 proviral DNA, complete genome, clone: pPRD320-10D02
AJ320484.1	0	Human immunodeficiency virus type 1 complete proviral genome, strain 92UG001
U88824.1	0	HIV-1 isolate 94UG114 from Uganda complete genome
MH705143.1	0	HIV-1 isolate 42-877 from Uganda, complete genome
AY773338.1	0	HIV-1 isolate D.ZA.84.R2 from South Africa, complete genome
AY773340.1	0	HIV-1 isolate D.ZA.85.R286 from South Africa, complete genome
EF633445.1	0	HIV-1 isolate R1 from South Africa, complete genome
MT417769.1	0	HIV-1 strain EG from Belgium, partial genome
MT417765.1	0	HIV-1 strain EC from Belgium, partial genome
AF077336.1	0	HIV-1 isolate VI850 from Democratic Republic of the Congo, complete genome
MG365763.1	0	HIV-1 isolate 01BRRJSB153 from Brazil, complete genome
FJ771006.1	0	HIV-1 isolate 02BR082 from Brazil, complete genome
FJ771008.1	0	HIV-1 isolate 06BR564 from Brazil, complete genome
FJ771009.1	0	HIV-1 isolate 06BR579 from Brazil, complete genome
FJ771010.1	0	HIV-1 isolate 07BR844 from Brazil, complete genome
MG365767.1	0	HIV-1 isolate 08BRRJ35 from Brazil, complete genome
KJ849782.1	0	HIV-1 isolate 10BR_PE107 from Brazil gag protein (gag), pol protein (pol), vif protein (vif), vpr protein (vpr), tat protein (tat), rev protein (rev), vpu protein (vpu), envelope glycoprotein (env), and nef protein (nef) genes, complete cds
KT427774.1	0	UNVERIFIED: HIV-1 isolate 10BR_RJ055 from Brazil genomic sequence
KU749395.1	0	HIV-1 isolate DEMF110BR015 from Brazil, partial genome
MG365766.1	0	HIV-1 isolate 11BRRJPR69 from Brazil, complete genome
MG365768.1	0	HIV-1 isolate 11BRRJPR90 from Brazil, complete genome
KU749396.1	0	HIV-1 isolate DEMF111BR037 from Brazil, partial genome
MG365762.1	0	HIV-1 isolate 12BRRJP05 from Brazil, complete genome
MG365764.1	0	HIV-1 isolate 12BRRJPR51 from Brazil, complete genome
MK041565.1	0	HIV-1 clone 9F_ABCD from Brazil nonfunctional gag-pol protein (gag-pol) and nonfunctional gag protein (gag) genes, complete sequence; vif protein (vif), vpr protein (vpr), tat protein (tat), rev protein (rev), and vpu protein (vpu) genes, complete cds; nonfunctional envelope glycoprotein (env) gene, complete sequence; and nef protein (nef) gene, complete cds
AY173957.1	0	HIV-1 isolate BZ126 from Brazil, complete genome
AF005494.1	0	HIV-1 isolate 93br020 from Brazil complete genome
EU446022.1	0	HIV-1 isolate MVP-30846, complete genome
FJ670516.2	0	HIV-1 strain ES X845-4 from Spain, complete genome
JX140671.1	0	HIV-1 isolate DEMF110ES001 from Spain nonfunctional gag protein (gag) gene, complete sequence; pol protein (pol) gene, partial cds; nonfunctional vif protein (vif) gene, complete sequence; vpr protein (vpr) gene, complete cds; nonfunctional tat protein (tat) gene, complete sequence; rev protein (rev), vpu protein (vpu), and envelope glycoprotein (env) genes, complete cds; and nonfunctional nef protein (nef) gene, complete sequence
KJ883138.1	0	HIV-1 isolate VA0053_nfl from Spain gag protein (gag) gene, complete cds; pol protein (pol) gene, partial cds; and vif protein (vif), vpr protein (vpr), tat protein (tat), rev protein (rev), vpu protein (vpu), envelope glycoprotein (env), and nef protein (nef) genes, complete cds
MK177827.1	0	HIV-1 isolate P4346 from Spain, partial genome
DQ979023.1	0	HIV-1 isolate P1146 from Spain, complete genome
DQ979025.1	0	HIV-1 isolate X1093-2 from Spain, complete genome
DQ979024.1	0	HIV-1 isolate X1670 from Spain, complete genome
AF075703.1	0	HIV-1 isolate FIN9363 subtype F1 from Finland, complete genome
KU168276.1	0	HIV-1 isolate LA22LeRe from France, complete genome
KU168274.1	0	HIV-1 isolate LA20DuCl from Romania, complete genome
AB485658.1	0	Human immunodeficiency virus 1 proviral DNA, complete genome, clone: pPRD320-14F45
KU168275.1	0	HIV-1 isolate LA21LeAn, complete genome
MH705144.1	0	HIV-1 isolate A1699 from Cameroon, complete genome
MN153483.1	0	HIV-1 isolate 08CMBDSH132 from Cameroon, complete genome
MN153485.1	0	HIV-1 isolate 08CMBDSH24 from Cameroon, complete genome
JX140673.1	0	HIV-1 isolate DEMF210CM007 from Cameroon nonfunctional gag protein (gag) gene, complete sequence; pol protein (pol) gene, partial cds; vif protein (vif) and vpr protein (vpr) genes, complete cds; nonfunctional tat protein (tat) gene, complete sequence; rev protein (rev), vpu protein (vpu), and envelope glycoprotein (env) genes, complete cds; and nonfunctional nef protein (nef) gene, complete sequence
KU749420.1	0	HIV-1 isolate DEMF211CM025 from Cameroon, partial genome
KU749422.1	0	HIV-1 isolate DEURF11CM026 from Cameroon, partial genome
MN486044.1	0	HIV-1 isolate CV from Belgium, complete genome
AF084936.1	0	HIV-1 subtype G from Democratic Republic of the Congo, complete genome
KU168277.1	0	HIV-1 isolate LA23LiEd from Democratic Republic of the Congo, complete genome
MH705162.1	0	HIV-1 isolate 87-2580 from Democratic Republic of the Congo, complete genome
MH705155.1	0	HIV-1 isolate P406 from Democratic Republic of the Congo, complete genome
MH705134.1	0	HIV-1 isolate PBS1191 from Democratic Republic of the Congo, complete genome
FJ389367.1	0	HIV-1 isolate A1786 from Cameroon, partial genome
KU168302.1	0	HIV-1 isolate CM44-10 from Cameroon, complete genome
FJ389363.1	0	HIV-1 isolate 178-15 from Cameroon, partial genome
FJ389364.1	0	HIV-1 isolate 314-40 from Cameroon, partial genome
FJ389365.1	0	HIV-1 isolate 515-28 from Cameroon, partial genome
FJ389366.1	0	HIV-1 isolate 944-5 from Cameroon, partial genome
MN153484.1	0	HIV-1 isolate 05CMBDSH19 from Cameroon, complete genome
MH705145.1	0	HIV-1 isolate 144-26 from Cameroon, complete genome
KP718915.1	0	HIV-1 isolate 740-14 from Cameroon, complete genome
KP718923.1	0	HIV-1 isolate 920-49 from Cameroon, complete genome
KP718925.1	0	HIV-1 isolate 789-10 from Cameroon, complete genome
MT349406.1	0	HIV-1 isolate 10CMLB030 from Cameroon, partial genome
JX140676.1	0	HIV-1 isolate DEMG10CM008 from Cameroon nonfunctional gag protein (gag) gene, complete sequence; pol protein (pol) gene, partial cds; and vif protein (vif), vpr protein (vpr), tat protein (tat), rev protein (rev), vpu protein (vpu), envelope glycoprotein (env), and nef protein (nef) genes, complete cds
KP109502.1	0	HIV-1 isolate DEURF10CM020 gag protein (gag) gene, complete cds; pol protein (pol) gene, partial cds; and vif protein (vif), vpr protein (vpr), tat protein (tat), rev protein (rev), vpu protein (vpu), envelope glycoprotein (env), and nef protein (nef) genes, complete cds
AY772535.1	0	HIV-1 isolate 96CMABB55 from Cameroon, complete genome
MK254637.1	0	HIV-1 isolate 10818 from China, complete genome
MK254639.1	0	HIV-1 isolate 9835 from China, complete genome
AY586547.2	0	HIV-1 isolate Cu74 from Cuba, complete genome
AY586548.2	0	HIV-1 isolate Cu85 from Cuba, complete genome
AY586549.2	0	HIV-1 isolate Cu87 from Cuba, complete genome
EU786670.1	0	HIV-1 isolate ES P962 (G) from Spain, complete genome
FJ670530.1	0	HIV-1 strain ES P1981-2 from Spain, complete genome
MF157743.1	0	HIV-1 isolate P2196_3s_nt0558_9495 from Spain, partial genome
GU362882.1	0	HIV-1 isolate X2634-2 from Spain, partial genome
KT276261.1	0	HIV-1 isolate ARP1201 from Spain gag protein (gag) gene, complete cds; pol protein (pol) gene, partial cds; and vif protein (vif), vpr protein (vpr), tat protein (tat), rev protein (rev), vpu protein (vpu), envelope glycoprotein (env), and nef protein (nef) genes, complete cds
KU685592.1	0	HIV-1 isolate EUR-0033 from Spain gag protein (gag) gene, complete cds; pol protein (pol) gene, partial cds; and vif protein (vif), vpr protein (vpr), tat protein (tat), rev protein (rev), vpu protein (vpu), envelope glycoprotein (env), and nef protein (nef) genes, complete cds
AF450098.1	0	HIV-1 isolate X138 from Spain, complete genome
AB287004.1	0	Human immunodeficiency virus 1 proviral DNA, complete genome, clone: p03GH175G29
KU168300.1	0	HIV-1 isolate LA57LmNe from Guinea-Bissau, complete genome
KF716477.1	0	HIV-1 isolate DEMG09KE001 from Kenya gag protein (gag) gene, complete cds; pol protein (pol) gene, partial cds; and vif protein (vif), vpr protein (vpr), tat protein (tat), rev protein (rev), vpu protein (vpu), envelope glycoprotein (env), and nef protein (nef) genes, complete cds
AF061641.1	0	HIV-1 isolate HH8793 clone 12.1 from Finland, complete genome
KY953200.1	0	HIV-1 isolate DEMG11NG006 from Nigeria, partial genome
KY953201.1	0	HIV-1 isolate DEMG11NG007 from Nigeria, partial genome
KY953202.1	0	HIV-1 isolate DEMG11NG008 from Nigeria, partial genome
U88826.1	0	HIV-1 isolate 92NG083 from Nigeria complete genome
AY612637.1	0	HIV-1 isolate PT2695 from Portugal, complete genome
FR846408.1	0	Human immunodeficiency virus 1 proviral complete genome, strain PT3037
FR846409.1	0	Human immunodeficiency virus 1 proviral complete genome, strain 3306
FR846410.1	0	Human immunodeficiency virus 1 proviral complete genome, strain 988
MF614606.1	0	HIV-1 isolate RU_SRD_2012 from Russia, complete genome
MF614605.1	0	HIV-1 isolate RU_ShRMT_1989 from Russia, complete genome
AF061642.1	0	HIV-1 isolate SE6165 from Sweden, complete genome
KU168278.1	0	HIV-1 isolate LA24HoCe, complete genome
AF190127.1	0	HIV-1 isolate VI991 from Belgium Gag polyprotein (gag), Pol polyprotein (pol), Vif (vif), Vpr (vpr), truncated Tat (tat), Rev (rev), truncated Vpu (vpu), envelope glycoprotein precursor (env), and Nef (nef) genes, complete cds
AF190128.1	0	HIV-1 isolate VI997 from Belgium Gag polyprotein (gag), truncated Pol polyprotein (pol), Vif (vif), truncated Vpr (vpr), Tat (tat), Rev (rev), Vpu (vpu), envelope glycoprotein precursor (env), and Nef (nef) genes, complete cds
KY392779.1	0	HIV-1 isolate CG-0260-02V from Democratic Republic of the Congo, complete genome
KY392777.1	0	HIV-1 isolate CG-0536-02 from Democratic Republic of the Congo, complete genome
KY392778.1	0	HIV-1 isolate CG-0538-02 from Democratic Republic of the Congo, complete genome
KU168273.1	0	HIV-1 isolate LA19KoSa from Democratic Republic of the Congo, complete genome
KU168279.1	0	HIV-1 isolate LA25LeMi from Central African Republic, complete genome
AF005496.1	0	HIV-1 isolate 90CR056 from Central African Republic, complete genome
FJ711703.1	0	HIV-1 isolate 00GBAC4001 from United Kingdom, complete genome
KU310620.1	0	HIV-1 isolate 93AOHDC253 from Angola gag protein (gag) gene, complete cds; pol protein (pol) gene, partial cds; and vif protein (vif), vpr protein (vpr), tat protein (tat), rev protein (rev), vpu protein (vpu), env protein (env), and nef protein (nef) genes, complete cds
KY392776.1	0	HIV-1 isolate CG-0331-02V from Democratic Republic of the Congo, complete genome
KU168280.1	0	HIV-1 isolate LA26DiAn from Democratic Republic of the Congo, complete genome
GU237072.1	0	HIV-1 isolate 04CMU11421 from Cameroon, complete genome
AF082394.1	0	HIV-1 subtype J strain SE9280 from Sweden gag protein (gag), pol protein (pol), vif protein (vif), vpr protein (vpr), tat protein (tat), rev protein (rev), vpu protein (vpu), envelope glycoprotein (env), and nef protein (nef) genes, complete cds
MN271384.1	0	HIV-1 isolate L-CG-0018a-01 from Democratic Republic of the Congo, complete genome
AF286236.1	0	HIV-1 isolate 83CD003 from Republic of the Congo, complete genome
MN486023.1	0	HIV-1 isolate CA from Belgium, complete genome
MN486035.1	0	HIV-1 isolate CM from Belgium, complete genome
AF197340.1	0	HIV-1 isolate 90CF11697 from Central African Republic, complete genome
AF197341.1	0	HIV-1 isolate 90CF4071 from Central African Republic, complete genome
U51188.1	0	HIV-1 clone 90cf402 from the Central African Republic, complete genome
MN116207.1	0	HIV-1 isolate U7957 from Cameroon, complete genome
MN116208.1	0	HIV-1 isolate U8216 from Cameroon, complete genome
MN116209.1	0	HIV-1 isolate 234-40 from Cameroon, complete genome
MN116212.1	0	HIV-1 isolate 1002-28 from Cameroon, complete genome
KP718930.1	0	HIV-1 isolate 1156-26 from Cameroon, complete genome
JX112861.1	0	HIV-1 isolate YN0221 from China gag protein (gag) gene, complete cds; pol protein (pol) gene, partial cds; and vif protein (vif), vpr protein (vpr), tat protein (tat), rev protein (rev), vpu protein (vpu), envelope glycoprotein (env), and nef protein (nef) genes, complete cds
JX112863.1	0	HIV-1 isolate YN0229 from China gag protein (gag) gene, complete cds; pol protein (pol) gene, partial cds; and vif protein (vif), vpr protein (vpr), tat protein (tat), rev protein (rev), vpu protein (vpu), envelope glycoprotein (env), and nef protein (nef) genes, complete cds
JX112866.1	0	HIV-1 isolate YN0236 from China nonfunctional gag protein (gag) gene, complete sequence; pol protein (pol) gene, partial cds; vif protein (vif), vpr protein (vpr), tat protein (tat), rev protein (rev), and vpu protein (vpu) genes, complete cds; nonfunctional env protein (env) gene, complete sequence; and nef protein (nef) gene, complete cds
MW079294.1	0	HIV-1 isolate 05GXD008 from China, complete genome
MW079302.1	0	HIV-1 isolate 05GXD078 from China, complete genome
MW079304.1	0	HIV-1 isolate 05GXD083 from China, complete genome
DQ859178.1	0	HIV-1 isolate FJ051 from China, complete genome
DQ859179.1	0	HIV-1 isolate FJ053 from China, complete genome
EF036528.1	0	HIV-1 isolate Fj052 from China, complete genome
EF036527.1	0	HIV-1 isolate Fj055 from China, complete genome
EF036529.1	0	HIV-1 isolate Fj056 from China, complete genome
EF036530.1	0	HIV-1 isolate Fj057 from China, complete genome
EF036534.1	0	HIV-1 isolate Fj065 from China, complete genome
EF036535.1	0	HIV-1 isolate Fj066 from China, complete genome
DQ859180.1	0	HIV-1 isolate FJ054 from China, complete genome
EF036531.1	0	HIV-1 isolate Fj062 from China, complete genome
EF036532.1	0	HIV-1 isolate Fj063 from China, complete genome
EF036533.1	0	HIV-1 isolate Fj064 from China, complete genome
KF835499.1	0	HIV-1 isolate 07CNYN312 from China gag protein (gag) gene, complete cds; pol protein (pol) gene, partial cds; and vif protein (vif), vpr protein (vpr), tat protein (tat), rev protein (rev), vpu protein (vpu), envelope glycoprotein (env), and nef protein (nef) genes, complete cds
KF835502.1	0	HIV-1 isolate 07CNYN315 from China gag protein (gag) gene, complete cds; pol protein (pol) gene, partial cds; and vif protein (vif), vpr protein (vpr), tat protein (tat), rev protein (rev), vpu protein (vpu), envelope glycoprotein (env), and nef protein (nef) genes, complete cds
KF835503.1	0	HIV-1 isolate 07CNYN316 from China gag protein (gag) gene, complete cds; pol protein (pol) gene, partial cds; and vif protein (vif), vpr protein (vpr), tat protein (tat), rev protein (rev), vpu protein (vpu), envelope glycoprotein (env), and nef protein (nef) genes, complete cds
KF835504.1	0	HIV-1 isolate 07CNYN317 from China gag protein (gag) gene, complete cds; pol protein (pol) gene, partial cds; and vif protein (vif), vpr protein (vpr), tat protein (tat), rev protein (rev), vpu protein (vpu), envelope glycoprotein (env), and nef protein (nef) genes, complete cds
KF835505.1	0	HIV-1 isolate 07CNYN318 from China gag protein (gag) gene, complete cds; pol protein (pol) gene, partial cds; and vif protein (vif), vpr protein (vpr), tat protein (tat), rev protein (rev), vpu protein (vpu), envelope glycoprotein (env), and nef protein (nef) genes, complete cds
KF835513.1	0	HIV-1 isolate 07CNYN326 from China gag protein (gag) gene, complete cds; pol protein (pol) gene, partial cds; and vif protein (vif), vpr protein (vpr), tat protein (tat), rev protein (rev), vpu protein (vpu), envelope glycoprotein (env), and nef protein (nef) genes, complete cds
KF835514.1	0	HIV-1 isolate 07CNYN327 from China gag protein (gag) gene, complete cds; pol protein (pol) gene, partial cds; vif protein (vif), vpr protein (vpr), tat protein (tat), rev protein (rev), and vpu protein (vpu) genes, complete cds; nonfunctional env protein (env) gene, complete sequence; and nef protein (nef) gene, complete cds
KF835516.1	0	HIV-1 isolate 07CNYN329 from China gag protein (gag) gene, complete cds; pol protein (pol) gene, partial cds; and vif protein (vif), vpr protein (vpr), tat protein (tat), rev protein (rev), vpu protein (vpu), envelope glycoprotein (env), and nef protein (nef) genes, complete cds
KF835518.1	0	HIV-1 isolate 07CNYN332 from China gag protein (gag) gene, complete cds; pol protein (pol) gene, partial cds; and vif protein (vif), vpr protein (vpr), tat protein (tat), rev protein (rev), vpu protein (vpu), envelope glycoprotein (env), and nef protein (nef) genes, complete cds
KF835519.1	0	HIV-1 isolate 07CNYN333 from China gag protein (gag) gene, complete cds; pol protein (pol) gene, partial cds; and vif protein (vif), vpr protein (vpr), tat protein (tat), rev protein (rev), vpu protein (vpu), envelope glycoprotein (env), and nef protein (nef) genes, complete cds
KF835523.1	0	HIV-1 isolate 07CNYN337 from China gag protein (gag) gene, complete cds; pol protein (pol) gene, partial cds; and vif protein (vif), vpr protein (vpr), tat protein (tat), rev protein (rev), vpu protein (vpu), envelope glycoprotein (env), and nef protein (nef) genes, complete cds
KF835527.1	0	HIV-1 isolate 07CNYN342 from China gag protein (gag) gene, complete cds; pol protein (pol) gene, partial cds; and vif protein (vif), vpr protein (vpr), tat protein (tat), rev protein (rev), vpu protein (vpu), envelope glycoprotein (env), and nef protein (nef) genes, complete cds
KF835528.1	0	HIV-1 isolate 07CNYN343 from China gag protein (gag) gene, complete cds; pol protein (pol) gene, partial cds; and vif protein (vif), vpr protein (vpr), tat protein (tat), rev protein (rev), vpu protein (vpu), envelope glycoprotein (env), and nef protein (nef) genes, complete cds
KF835533.1	0	HIV-1 isolate 07CNYN354 from China gag protein (gag) gene, complete cds; pol protein (pol) gene, partial cds; and vif protein (vif), vpr protein (vpr), tat protein (tat), rev protein (rev), vpu protein (vpu), envelope glycoprotein (env), and nef protein (nef) genes, complete cds
KF835536.1	0	HIV-1 isolate 07CNYN357 from China gag protein (gag) gene, complete cds; pol protein (pol) gene, partial cds; and vif protein (vif), vpr protein (vpr), tat protein (tat), rev protein (rev), vpu protein (vpu), envelope glycoprotein (env), and nef protein (nef) genes, complete cds
KF835538.1	0	HIV-1 isolate 07CNYN359 from China gag protein (gag) gene, complete cds; pol protein (pol) gene, partial cds; and vif protein (vif), vpr protein (vpr), tat protein (tat), rev protein (rev), vpu protein (vpu), envelope glycoprotein (env), and nef protein (nef) genes, complete cds
KF835542.1	0	HIV-1 isolate 07CNYN364 from China gag protein (gag) gene, complete cds; pol protein (pol) gene, partial cds; and vif protein (vif), vpr protein (vpr), tat protein (tat), rev protein (rev), vpu protein (vpu), envelope glycoprotein (env), and nef protein (nef) genes, complete cds
KF835543.1	0	HIV-1 isolate 07CNYN366 from China gag protein (gag) gene, complete cds; pol protein (pol) gene, partial cds; and vif protein (vif), vpr protein (vpr), tat protein (tat), rev protein (rev), vpu protein (vpu), envelope glycoprotein (env), and nef protein (nef) genes, complete cds
JX112809.1	0	HIV-1 isolate FJ070010 from China gag protein (gag) gene, complete cds; nonfunctional pol protein (pol) gene, partial sequence; and vif protein (vif), vpr protein (vpr), tat protein (tat), rev protein (rev), vpu protein (vpu), envelope glycoprotein (env), and nef protein (nef) genes, complete cds
JX112810.1	0	HIV-1 isolate FJ070013 from China gag protein (gag) gene, complete cds; pol protein (pol) gene, partial cds; vif protein (vif) and vpr protein (vpr) genes, complete cds; nonfunctional tat protein (tat) gene, complete sequence; and rev protein (rev), vpu protein (vpu), envelope glycoprotein (env), and nef protein (nef) genes, complete cds
JX112811.1	0	HIV-1 isolate FJ070017 from China gag protein (gag) gene, complete cds; pol protein (pol) gene, partial cds; and vif protein (vif), vpr protein (vpr), tat protein (tat), rev protein (rev), vpu protein (vpu), envelope glycoprotein (env), and nef protein (nef) genes, complete cds
JX112813.1	0	HIV-1 isolate FJ070033 from China gag protein (gag) gene, complete cds; nonfunctional pol protein (pol) gene, partial sequence; vif protein (vif) and vpr protein (vpr) genes, complete cds; nonfunctional tat protein (tat) gene, complete sequence; and rev protein (rev), vpu protein (vpu), envelope glycoprotein (env), and nef protein (nef) genes, complete cds
JX112814.1	0	HIV-1 isolate FJ070035 from China gag protein (gag) gene, complete cds; pol protein (pol) gene, partial cds; and vif protein (vif), vpr protein (vpr), tat protein (tat), rev protein (rev), vpu protein (vpu), envelope glycoprotein (env), and nef protein (nef) genes, complete cds
JX112817.1	0	HIV-1 isolate FJ070040 from China gag protein (gag) gene, complete cds; pol protein (pol) gene, partial cds; and vif protein (vif), vpr protein (vpr), tat protein (tat), rev protein (rev), vpu protein (vpu), envelope glycoprotein (env), and nef protein (nef) genes, complete cds
JX112818.1	0	HIV-1 isolate FJ070043 from China gag protein (gag) gene, complete cds; nonfunctional pol protein (pol) gene, partial sequence; vif protein (vif) and vpr protein (vpr) genes, complete cds; nonfunctional tat protein (tat) gene, complete sequence; rev protein (rev), vpu protein (vpu), and envelope glycoprotein (env) genes, complete cds; and nonfunctional nef protein (nef) gene, complete sequence
JX112820.1	0	HIV-1 isolate GD070058 from China gag protein (gag) gene, complete cds; pol protein (pol) gene, partial cds; vif protein (vif) and vpr protein (vpr) genes, complete cds; nonfunctional tat protein (tat) gene, complete sequence; and rev protein (rev), vpu protein (vpu), envelope glycoprotein (env), and nef protein (nef) genes, complete cds
JX112821.1	0	HIV-1 isolate GD070059 from China gag protein (gag) gene, complete cds; pol protein (pol) gene, partial cds; vif protein (vif), vpr protein (vpr), tat protein (tat), rev protein (rev), vpu protein (vpu), and envelope glycoprotein (env) genes, complete cds; and nonfunctional nef protein (nef) gene, complete sequence
JX112823.1	0	HIV-1 isolate GD070090 from China gag protein (gag) gene, complete cds; pol protein (pol) gene, partial cds; and vif protein (vif), vpr protein (vpr), tat protein (tat), rev protein (rev), vpu protein (vpu), envelope glycoprotein (env), and nef protein (nef) genes, complete cds
JX112824.1	0	HIV-1 isolate GD070092 from China gag protein (gag) gene, complete cds; pol protein (pol) gene, partial cds; and vif protein (vif), vpr protein (vpr), tat protein (tat), rev protein (rev), vpu protein (vpu), envelope glycoprotein (env), and nef protein (nef) genes, complete cds
JX112825.1	0	HIV-1 isolate GD070096 from China gag protein (gag) gene, complete cds; pol protein (pol) gene, partial cds; vif protein (vif), vpr protein (vpr), tat protein (tat), rev protein (rev), vpu protein (vpu), and envelope glycoprotein (env) genes, complete cds; and nonfunctional nef protein (nef) gene, complete sequence
JX112826.1	0	HIV-1 isolate GD070118 from China gag protein (gag) gene, complete cds; pol protein (pol) gene, partial cds; and vif protein (vif), vpr protein (vpr), tat protein (tat), rev protein (rev), vpu protein (vpu), envelope glycoprotein (env), and nef protein (nef) genes, complete cds
JX112827.1	0	HIV-1 isolate GD070120 from China gag protein (gag) gene, complete cds; pol protein (pol) gene, partial cds; and vif protein (vif), vpr protein (vpr), tat protein (tat), rev protein (rev), vpu protein (vpu), envelope glycoprotein (env), and nef protein (nef) genes, complete cds
JX112829.1	0	HIV-1 isolate GX070003 from China gag protein (gag) gene, complete cds; pol protein (pol) gene, partial cds; vif protein (vif) and vpr protein (vpr) genes, complete cds; nonfunctional tat protein (tat) gene, complete sequence; and rev protein (rev), vpu protein (vpu), envelope glycoprotein (env), and nef protein (nef) genes, complete cds
JX112830.1	0	HIV-1 isolate GX070005 from China gag protein (gag), pol protein (pol), vif protein (vif), and vpr protein (vpr) genes, complete cds; nonfunctional tat protein (tat) gene, complete sequence; and rev protein (rev), vpu protein (vpu), envelope glycoprotein (env), and nef protein (nef) genes, complete cds
JX112831.1	0	HIV-1 isolate GX070006 from China gag protein (gag) gene, complete cds; pol protein (pol) gene, partial cds; and vif protein (vif), vpr protein (vpr), tat protein (tat), rev protein (rev), vpu protein (vpu), envelope glycoprotein (env), and nef protein (nef) genes, complete cds
JX112832.1	0	HIV-1 isolate GX070043 from China gag protein (gag) gene, complete cds; pol protein (pol) gene, partial cds; vif protein (vif), vpr protein (vpr), tat protein (tat), rev protein (rev), and vpu protein (vpu) genes, complete cds; nonfunctional env protein (env) gene, complete sequence; and nef protein (nef) gene, complete cds
JX112833.1	0	HIV-1 isolate GX070044 from China nonfunctional gag protein (gag) gene, complete sequence; pol protein (pol) gene, partial cds; vif protein (vif) and vpr protein (vpr) genes, complete cds; nonfunctional tat protein (tat) gene, complete sequence; and rev protein (rev), vpu protein (vpu), envelope glycoprotein (env), and nef protein (nef) genes, complete cds
JX112834.1	0	HIV-1 isolate GX070076 from China gag protein (gag) gene, complete cds; pol protein (pol) gene, partial cds; vif protein (vif) and vpr protein (vpr) genes, complete cds; nonfunctional tat protein (tat) gene, complete sequence; rev protein (rev), vpu protein (vpu), and envelope glycoprotein (env) genes, complete cds; and nonfunctional nef protein (nef) gene, complete sequence
JX112835.1	0	HIV-1 isolate GX070143 from China gag protein (gag) gene, complete cds; pol protein (pol) gene, partial cds; vif protein (vif), vpr protein (vpr), tat protein (tat), rev protein (rev), vpu protein (vpu), and envelope glycoprotein (env) genes, complete cds; and nonfunctional nef protein (nef) gene, complete sequence
JX112836.1	0	HIV-1 isolate GX070145 from China gag protein (gag) gene, complete cds; pol protein (pol) gene, partial cds; and vif protein (vif), vpr protein (vpr), tat protein (tat), rev protein (rev), vpu protein (vpu), envelope glycoprotein (env), and nef protein (nef) genes, complete cds
JX112837.1	0	HIV-1 isolate GX070149 from China gag protein (gag) gene, complete cds; pol protein (pol) gene, partial cds; and vif protein (vif), vpr protein (vpr), tat protein (tat), rev protein (rev), vpu protein (vpu), envelope glycoprotein (env), and nef protein (nef) genes, complete cds
JX112838.1	0	HIV-1 isolate GX070154 from China gag protein (gag) gene, complete cds; pol protein (pol) gene, partial cds; vif protein (vif), vpr protein (vpr), tat protein (tat), rev protein (rev), and vpu protein (vpu) genes, complete cds; nonfunctional env protein (env) gene, complete sequence; and nef protein (nef) gene, complete cds
JX112839.1	0	HIV-1 isolate GX070167 from China gag protein (gag) gene, complete cds; pol protein (pol) gene, partial cds; vif protein (vif), vpr protein (vpr), tat protein (tat), rev protein (rev), vpu protein (vpu), and envelope glycoprotein (env) genes, complete cds; and nonfunctional nef protein (nef) gene, complete sequence
JX112840.1	0	HIV-1 isolate GZ070004 from China gag protein (gag) gene, complete cds; nonfunctional pol protein (pol) gene, partial sequence; and vif protein (vif), vpr protein (vpr), tat protein (tat), rev protein (rev), vpu protein (vpu), envelope glycoprotein (env), and nef protein (nef) genes, complete cds
JX112843.1	0	HIV-1 isolate GZ070123 from China nonfunctional gag protein (gag) gene, complete sequence; nonfunctional pol protein (pol) gene, partial sequence; and vif protein (vif), vpr protein (vpr), tat protein (tat), rev protein (rev), vpu protein (vpu), envelope glycoprotein (env), and nef protein (nef) genes, complete cds
JX112844.1	0	HIV-1 isolate GZ070126 from China gag protein (gag) gene, complete cds; pol protein (pol) gene, partial cds; and vif protein (vif), vpr protein (vpr), tat protein (tat), rev protein (rev), vpu protein (vpu), envelope glycoprotein (env), and nef protein (nef) genes, complete cds
JX112845.1	0	HIV-1 isolate GZ070127 from China gag protein (gag) gene, complete cds; pol protein (pol) gene, partial cds; vif protein (vif) and vpr protein (vpr) genes, complete cds; nonfunctional tat protein (tat) gene, complete sequence; and rev protein (rev), vpu protein (vpu), envelope glycoprotein (env), and nef protein (nef) genes, complete cds
JX112850.1	0	HIV-1 isolate JS070901 from China gag protein (gag) gene, complete cds; pol protein (pol) gene, partial cds; and vif protein (vif), vpr protein (vpr), tat protein (tat), rev protein (rev), vpu protein (vpu), envelope glycoprotein (env), and nef protein (nef) genes, complete cds
JX112851.1	0	HIV-1 isolate JS071001 from China gag protein (gag) gene, complete cds; nonfunctional pol protein (pol) gene, partial sequence; nonfunctional vif protein (vif) gene, complete sequence; and vpr protein (vpr), tat protein (tat), rev protein (rev), vpu protein (vpu), envelope glycoprotein (env), and nef protein (nef) genes, complete cds
JX112853.1	0	HIV-1 isolate JS071101 from China gag protein (gag) gene, complete cds; pol protein (pol) gene, partial cds; and vif protein (vif), vpr protein (vpr), tat protein (tat), rev protein (rev), vpu protein (vpu), envelope glycoprotein (env), and nef protein (nef) genes, complete cds
JX112854.1	0	HIV-1 isolate LN070008 from China gag protein (gag) gene, complete cds; pol protein (pol) gene, partial cds; and vif protein (vif), vpr protein (vpr), tat protein (tat), rev protein (rev), vpu protein (vpu), envelope glycoprotein (env), and nef protein (nef) genes, complete cds
JX112856.1	0	HIV-1 isolate LN070013 from China gag protein (gag) gene, complete cds; pol protein (pol) gene, partial cds; and vif protein (vif), vpr protein (vpr), tat protein (tat), rev protein (rev), vpu protein (vpu), envelope glycoprotein (env), and nef protein (nef) genes, complete cds
JX112867.1	0	HIV-1 isolate YN09P0011 from China gag protein (gag) gene, complete cds; pol protein (pol) gene, partial cds; vif protein (vif) and vpr protein (vpr) genes, complete cds; nonfunctional tat protein (tat) gene, complete sequence; and rev protein (rev), vpu protein (vpu), envelope glycoprotein (env), and nef protein (nef) genes, complete cds
JX112868.1	0	HIV-1 isolate YN09P0015 from China gag protein (gag) gene, complete cds; pol protein (pol) gene, partial cds; and vif protein (vif), vpr protein (vpr), tat protein (tat), rev protein (rev), vpu protein (vpu), envelope glycoprotein (env), and nef protein (nef) genes, complete cds
JX112870.1	0	HIV-1 isolate ZK056 from China gag protein (gag) gene, complete cds; pol protein (pol) gene, partial cds; and vif protein (vif), vpr protein (vpr), tat protein (tat), rev protein (rev), vpu protein (vpu), envelope glycoprotein (env), and nef protein (nef) genes, complete cds
JX112796.1	0	HIV-1 isolate CYM059 from China gag protein (gag) gene, complete cds; pol protein (pol) gene, partial cds; vif protein (vif), vpr protein (vpr), tat protein (tat), rev protein (rev), and vpu protein (vpu) genes, complete cds; nonfunctional env protein (env) gene, complete sequence; and nef protein (nef) gene, complete cds
JX112797.1	0	HIV-1 isolate CYM075 from China nonfunctional gag protein (gag) gene, complete sequence; pol protein (pol) gene, partial cds; vif protein (vif) and vpr protein (vpr) genes, complete cds; nonfunctional tat protein (tat) gene, complete sequence; and rev protein (rev), vpu protein (vpu), envelope glycoprotein (env), and nef protein (nef) genes, complete cds
JX112798.1	0	HIV-1 isolate CYM105 from China gag protein (gag) gene, complete cds; pol protein (pol) gene, partial cds; and vif protein (vif), vpr protein (vpr), tat protein (tat), rev protein (rev), vpu protein (vpu), envelope glycoprotein (env), and nef protein (nef) genes, complete cds
JX112799.1	0	HIV-1 isolate CYM124 from China gag protein (gag) gene, complete cds; pol protein (pol) gene, partial cds; and vif protein (vif), vpr protein (vpr), tat protein (tat), rev protein (rev), vpu protein (vpu), envelope glycoprotein (env), and nef protein (nef) genes, complete cds
JX112800.1	0	HIV-1 isolate CYM136 from China gag protein (gag) gene, complete cds; pol protein (pol) gene, partial cds; and vif protein (vif), vpr protein (vpr), tat protein (tat), rev protein (rev), vpu protein (vpu), envelope glycoprotein (env), and nef protein (nef) genes, complete cds
JX112801.1	0	HIV-1 isolate CYM138 from China gag protein (gag) gene, complete cds; pol protein (pol) gene, partial cds; vif protein (vif) and vpr protein (vpr) genes, complete cds; nonfunctional tat protein (tat) gene, complete sequence; and rev protein (rev), vpu protein (vpu), envelope glycoprotein (env), and nef protein (nef) genes, complete cds
JX112803.1	0	HIV-1 isolate CYM140 from China gag protein (gag) gene, complete cds; pol protein (pol) gene, partial cds; and vif protein (vif), vpr protein (vpr), tat protein (tat), rev protein (rev), vpu protein (vpu), envelope glycoprotein (env), and nef protein (nef) genes, complete cds
JX112804.1	0	HIV-1 isolate CYM143 from China gag protein (gag) gene, complete cds; pol protein (pol) gene, partial cds; and vif protein (vif), vpr protein (vpr), tat protein (tat), rev protein (rev), vpu protein (vpu), envelope glycoprotein (env), and nef protein (nef) genes, complete cds
JX112805.1	0	HIV-1 isolate CYM147 from China gag protein (gag) gene, complete cds; pol protein (pol) gene, partial cds; and vif protein (vif), vpr protein (vpr), tat protein (tat), rev protein (rev), vpu protein (vpu), envelope glycoprotein (env), and nef protein (nef) genes, complete cds
JX112807.1	0	HIV-1 isolate CYM152 from China gag protein (gag) gene, complete cds; pol protein (pol) gene, partial cds; vif protein (vif) and vpr protein (vpr) genes, complete cds; nonfunctional tat protein (tat) gene, complete sequence; and rev protein (rev), vpu protein (vpu), envelope glycoprotein (env), and nef protein (nef) genes, complete cds
JX112808.1	0	HIV-1 isolate CYM154 from China gag protein (gag) gene, complete cds; nonfunctional pol protein (pol) gene, partial sequence; and vif protein (vif), vpr protein (vpr), tat protein (tat), rev protein (rev), vpu protein (vpu), envelope glycoprotein (env), and nef protein (nef) genes, complete cds
KP109506.1	0	HIV-1 isolate DE00110CN007 from China gag protein (gag) gene, complete cds; pol protein (pol) gene, partial cds; and vif protein (vif), vpr protein (vpr), tat protein (tat), rev protein (rev), vpu protein (vpu), envelope glycoprotein (env), and nef protein (nef) genes, complete cds
KP109507.1	0	HIV-1 isolate DE00110CN009 from China gag protein (gag) gene, complete cds; pol protein (pol) gene, partial cds; and vif protein (vif), vpr protein (vpr), tat protein (tat), rev protein (rev), vpu protein (vpu), envelope glycoprotein (env), and nef protein (nef) genes, complete cds
JX112846.1	0	HIV-1 isolate JL100005 from China gag protein (gag) gene, complete cds; pol protein (pol) gene, partial cds; and vif protein (vif), vpr protein (vpr), tat protein (tat), rev protein (rev), vpu protein (vpu), envelope glycoprotein (env), and nef protein (nef) genes, complete cds
JX112849.1	0	HIV-1 isolate JL100020 from China gag protein (gag) gene, complete cds; pol protein (pol) gene, partial cds; vif protein (vif) and vpr protein (vpr) genes, complete cds; nonfunctional tat protein (tat) gene, complete sequence; and rev protein (rev), vpu protein (vpu), envelope glycoprotein (env), and nef protein (nef) genes, complete cds
KC870029.1	0	HIV-1 isolate YNFL03 from China gag protein (gag) gene, complete cds; pol protein (pol) gene, partial cds; vif protein (vif) and vpr protein (vpr) genes, complete cds; nonfunctional tat protein (tat) gene, complete sequence; and rev protein (rev), vpu protein (vpu), envelope glycoprotein (env), and nef protein (nef) genes, complete cds
KC870039.1	0	HIV-1 isolate YNFL20 from China gag protein (gag) gene, complete cds; pol protein (pol) gene, partial cds; and vif protein (vif), vpr protein (vpr), tat protein (tat), rev protein (rev), vpu protein (vpu), envelope glycoprotein (env), and nef protein (nef) genes, complete cds
KC870041.1	0	HIV-1 isolate YNFL23 from China gag protein (gag) gene, complete cds; pol protein (pol) gene, partial cds; and vif protein (vif), vpr protein (vpr), tat protein (tat), rev protein (rev), vpu protein (vpu), envelope glycoprotein (env), and nef protein (nef) genes, complete cds
KP109508.1	0	HIV-1 isolate DE00112CN011 from China gag protein (gag) gene, complete cds; pol protein (pol) gene, partial cds; and vif protein (vif), vpr protein (vpr), tat protein (tat), rev protein (rev), vpu protein (vpu), envelope glycoprotein (env), and nef protein (nef) genes, complete cds
MT624757.1	0	HIV-1 isolate 16YN666 from China gag protein (gag) gene, complete cds; pol protein (pol) gene, partial cds; and vif protein (vif), vpr protein (vpr), tat protein (tat), rev protein (rev), vpu protein (vpu), envelope glycoprotein (env), and nef protein (nef) genes, complete cds
ON959789.1	0	HIV-1 isolate 171 from China, complete genome
MT624753.1	0	HIV-1 isolate 16YN642 from China gag protein (gag) gene, complete cds; pol protein (pol) gene, partial cds; and vif protein (vif), vpr protein (vpr), tat protein (tat), rev protein (rev), vpu protein (vpu), envelope glycoprotein (env), and nef protein (nef) genes, complete cds
KP873161.1	0	HIV-1 isolate Donor N094 20 Month from United Kingdom, partial genome
DQ234790.1	0	HIV-1 isolate HK001 from Hong Kong, complete genome
KF859741.1	0	HIV-1 isolate DE00111JP003 from Japan gag protein (gag) gene, complete cds; nonfunctional pol protein (pol) gene, partial sequence; vif protein (vif), vpr protein (vpr), tat protein (tat), and rev protein (rev) genes, complete cds; nonfunctional vpu protein (vpu) gene, complete sequence; and envelope glycoprotein (env) and nef protein (nef) genes, complete cds
AB253423.1	0	Human immunodeficiency virus 1 proviral DNA, complete genome, clone: pJPDR0492AE04
AB253660.1	0	Human immunodeficiency virus 1 proviral DNA, complete genome, clone:pJPDR2594AE40
AB253426.1	0	Human immunodeficiency virus 1 proviral DNA, complete genome, clone: pJPDR6824AE75
AB565504.1	0	Human immunodeficiency virus 1 proviral DNA, complete genome, clone: pJRC77AE31
MG760382.1	0	HIV-1 isolate VI12F4094 from Laos, complete genome
MG760384.1	0	HIV-1 isolate VI20F3001 from Laos, complete genome
MG760389.1	0	HIV-1 isolate VI22F3810 from Laos, complete genome
MG760390.1	0	HIV-1 isolate VI22F3899 from Laos, complete genome
MG760391.1	0	HIV-1 isolate VI25F3297 from Laos, complete genome
MG760395.1	0	HIV-1 isolate VI26F2939 from Laos, complete genome
MG760396.1	0	HIV-1 isolate VI27F3026 from Laos, complete genome
MG760397.1	0	HIV-1 isolate VI28F3940 from Laos, complete genome
MG760398.1	0	HIV-1 isolate VI29F2980 from Laos, complete genome
MG760400.1	0	HIV-1 isolate VI29M3024 from Laos, complete genome
MG760402.1	0	HIV-1 isolate VI30F2999 from Laos, complete genome
MG760404.1	0	HIV-1 isolate VI32M3901 from Laos, complete genome
MG760405.1	0	HIV-1 isolate VI33F3831 from Laos, complete genome
MG760406.1	0	HIV-1 isolate VI33M2961 from Laos, complete genome
MG760408.1	0	HIV-1 isolate VI35F2871 from Laos, complete genome
MG760409.1	0	HIV-1 isolate VI36F3920 from Laos, complete genome
MG760410.1	0	HIV-1 isolate VI36M3284 from Laos, complete genome
MG760412.1	0	HIV-1 isolate VI37F3781 from Laos, complete genome
MG760413.1	0	HIV-1 isolate VI38F3375 from Laos, complete genome
MG760414.1	0	HIV-1 isolate VI38M3097 from Laos, complete genome
MG760415.1	0	HIV-1 isolate VI38M3815 from Laos, complete genome
MG760416.1	0	HIV-1 isolate VI39F3163 from Laos, complete genome
MG760417.1	0	HIV-1 isolate VI41M3868 from Laos, complete genome
MG760419.1	0	HIV-1 isolate VI43F3290 from Laos, complete genome
MG760420.1	0	HIV-1 isolate VI44M3784 from Laos, complete genome
MG760421.1	0	HIV-1 isolate VI45M3233 from Laos, complete genome
MG760422.1	0	HIV-1 isolate VI47M3234 from Laos, complete genome
MG760423.1	0	HIV-1 isolate VI48M3407 from Laos, complete genome
MG760424.1	0	HIV-1 isolate VI50F3912 from Laos, complete genome
MG760425.1	0	HIV-1 isolate VI50M3793 from Laos, complete genome
MG760426.1	0	HIV-1 isolate VI52F3913 from Laos, complete genome
MG760428.1	0	HIV-1 isolate VI60M3235 from Laos, complete genome
MG760429.1	0	HIV-1 isolate VI80M3893 from Laos, complete genome
MG760371.1	0	HIV-1 isolate BL12F4561 from Laos, complete genome
MG760372.1	0	HIV-1 isolate BL33M4535 from Laos, complete genome
MG760373.1	0	HIV-1 isolate BL33M5227 from Laos, complete genome
MG760374.1	0	HIV-1 isolate BL38F5131 from Laos, complete genome
MG760375.1	0	HIV-1 isolate BL38F5143 from Laos, complete genome
MG760376.1	0	HIV-1 isolate BL38M5270 from Laos, complete genome
MG760377.1	0	HIV-1 isolate BL40F5333 from Laos, complete genome
MG760378.1	0	HIV-1 isolate BL41F5229 from Laos, complete genome
MG760381.1	0	HIV-1 isolate KH19F5101 from Laos, complete genome
MG760383.1	0	HIV-1 isolate VI15M4478 from Laos, complete genome
MG760388.1	0	HIV-1 isolate VI21M5276 from Laos, complete genome
MG760393.1	0	HIV-1 isolate VI25F4363 from Laos, complete genome
MG760401.1	0	HIV-1 isolate VI29M9897 from Laos, complete genome
MG760430.1	0	HIV-1 isolate XA50F5221 from Laos, complete genome
MG760431.1	0	HIV-1 isolate XI38F4856 from Laos, complete genome
MH327750.1	0	HIV-1 isolate 1008 from Philippines, complete genome
MH078560.1	0	HIV-1 isolate DE00115PH006 from Philippines, partial genome
KY658688.1	0	HIV-1 isolate DE00115PH012 from Philippines, partial genome
MH327752.1	0	HIV-1 isolate 1010 from Philippines, complete genome
MH327759.1	0	HIV-1 isolate 1024 from Philippines, complete genome
MH327760.1	0	HIV-1 isolate 1025 from Philippines, complete genome
MH327762.1	0	HIV-1 isolate 1027 from Philippines, complete genome
MH327764.1	0	HIV-1 isolate 1029 from Philippines, complete genome
MH327766.1	0	HIV-1 isolate 1031 from Philippines, complete genome
MH078562.1	0	HIV-1 isolate DE00116PH013 from Philippines, partial genome
MH327756.1	0	HIV-1 isolate 1021 from Philippines, complete genome
MH327761.1	0	HIV-1 isolate 1026 from Philippines, complete genome
MH327763.1	0	HIV-1 isolate 1028 from Philippines, complete genome
MN736703.1	0	HIV-1 isolate Sample39_SI326 from Slovenia gag protein (gag) gene, complete cds; pol protein (pol) gene, partial cds; and vif protein (vif), vpr protein (vpr), tat protein (tat), rev protein (rev), vpu protein (vpu), envelope glycoprotein (env), and nef protein (nef) genes, complete cds
KU168264.1	0	HIV-1 isolate LA09DuCe, complete genome
KU168309.1	0	HIV-1 isolate TH7229 from Thailand, complete genome
JX447021.1	0	HIV-1 isolate AA027a_wg4 from Thailand gag protein (gag) gene, complete cds; pol protein (pol) gene, partial cds; and vif protein (vif), vpr protein (vpr), vpu protein (vpu), envelope glycoprotein (env), and nef protein (nef) genes, complete cds
JX447542.1	0	HIV-1 isolate AA075a_WG7 from Thailand gag protein (gag) gene, complete cds; pol protein (pol) gene, partial cds; and vif protein (vif), vpr protein (vpr), vpu protein (vpu), envelope glycoprotein (env), and nef protein (nef) genes, complete cds
DQ314732.1	0	HIV-1 isolate 01AETH04BKM from Thailand, complete genome
JX446712.1	0	HIV-1 isolate AA004a_wg4a from Thailand gag protein (gag) gene, complete cds; pol protein (pol) gene, partial cds; and vif protein (vif), vpr protein (vpr), vpu protein (vpu), envelope glycoprotein (env), and nef protein (nef) genes, complete cds
JX447081.1	0	HIV-1 isolate AA033a_wg6a from Thailand gag protein (gag) gene, complete cds; pol protein (pol) gene, partial cds; and vif protein (vif), vpr protein (vpr), vpu protein (vpu), envelope glycoprotein (env), and nef protein (nef) genes, complete cds
JX447268.1	0	HIV-1 isolate AA049a_WG13 from Thailand gag protein (gag) gene, complete cds; pol protein (pol) gene, partial cds; and vif protein (vif), vpr protein (vpr), vpu protein (vpu), envelope glycoprotein (env), and nef protein (nef) genes, complete cds
JX447413.1	0	HIV-1 isolate AA064a_WG2 from Thailand gag protein (gag) gene, complete cds; pol protein (pol) gene, partial cds; and vif protein (vif), vpr protein (vpr), vpu protein (vpu), envelope glycoprotein (env), and nef protein (nef) genes, complete cds
JX447936.1	0	HIV-1 isolate AA101a_WG1 from Thailand gag protein (gag) gene, complete cds; pol protein (pol) gene, partial cds; and vif protein (vif), vpr protein (vpr), vpu protein (vpu), envelope glycoprotein (env), and nef protein (nef) genes, complete cds
JX448022.1	0	HIV-1 isolate AA107a_wg4 from Thailand gag protein (gag) gene, complete cds; pol protein (pol) gene, partial cds; and vif protein (vif), vpr protein (vpr), vpu protein (vpu), envelope glycoprotein (env), and nef protein (nef) genes, complete cds
JX446899.1	0	HIV-1 isolate AA017a_wg1 from Thailand gag protein (gag) gene, complete cds; pol protein (pol) gene, partial cds; and vif protein (vif), vpr protein (vpr), vpu protein (vpu), envelope glycoprotein (env), and nef protein (nef) genes, complete cds
JX447089.1	0	HIV-1 isolate AA034a_wg2 from Thailand gag protein (gag) gene, complete cds; pol protein (pol) gene, partial cds; and vif protein (vif), vpr protein (vpr), vpu protein (vpu), envelope glycoprotein (env), and nef protein (nef) genes, complete cds
JX447132.1	0	HIV-1 isolate AA038a_WG3 from Thailand gag protein (gag) gene, complete cds; pol protein (pol) gene, partial cds; and vif protein (vif), vpr protein (vpr), vpu protein (vpu), envelope glycoprotein (env), and nef protein (nef) genes, complete cds
JX447312.1	0	HIV-1 isolate AA055a_WG4 from Thailand gag protein (gag) gene, complete cds; pol protein (pol) gene, partial cds; and vif protein (vif), vpr protein (vpr), vpu protein (vpu), envelope glycoprotein (env), and nef protein (nef) genes, complete cds
JX447316.1	0	HIV-1 isolate AA056a_WG5 from Thailand gag protein (gag) gene, complete cds; pol protein (pol) gene, partial cds; and vif protein (vif), vpr protein (vpr), vpu protein (vpu), envelope glycoprotein (env), and nef protein (nef) genes, complete cds
JX447356.1	0	HIV-1 isolate AA059a_WG5 from Thailand gag protein (gag) gene, complete cds; pol protein (pol) gene, partial cds; and vif protein (vif), vpr protein (vpr), vpu protein (vpu), envelope glycoprotein (env), and nef protein (nef) genes, complete cds
JX447409.1	0	HIV-1 isolate AA063a_WG37 from Thailand gag protein (gag) gene, complete cds; pol protein (pol) gene, partial cds; and vif protein (vif), vpr protein (vpr), vpu protein (vpu), envelope glycoprotein (env), and nef protein (nef) genes, complete cds
JX447465.1	0	HIV-1 isolate AA068a_14 from Thailand gag protein (gag) gene, complete cds; pol protein (pol) gene, partial cds; and vif protein (vif), vpr protein (vpr), vpu protein (vpu), envelope glycoprotein (env), and nef protein (nef) genes, complete cds
JX447682.1	0	HIV-1 isolate AA085a_wg2 from Thailand gag protein (gag) gene, complete cds; pol protein (pol) gene, partial cds; and vif protein (vif), vpr protein (vpr), vpu protein (vpu), envelope glycoprotein (env), and nef protein (nef) genes, complete cds
JX447712.1	0	HIV-1 isolate AA088a_wg14 from Thailand gag protein (gag) gene, complete cds; pol protein (pol) gene, partial cds; and vif protein (vif), vpr protein (vpr), vpu protein (vpu), envelope glycoprotein (env), and nef protein (nef) genes, complete cds
JX446877.1	0	HIV-1 isolate AA015a_WG4 from Thailand gag protein (gag) gene, complete cds; pol protein (pol) gene, partial cds; and vif protein (vif), vpr protein (vpr), vpu protein (vpu), envelope glycoprotein (env), and nef protein (nef) genes, complete cds
JX446918.1	0	HIV-1 isolate AA019a_WG11 from Thailand gag protein (gag) gene, complete cds; pol protein (pol) gene, partial cds; and vif protein (vif), vpr protein (vpr), vpu protein (vpu), envelope glycoprotein (env), and nef protein (nef) genes, complete cds
JX447028.1	0	HIV-1 isolate AA028a_wg3 from Thailand gag protein (gag) gene, complete cds; pol protein (pol) gene, partial cds; and vif protein (vif), vpr protein (vpr), vpu protein (vpu), envelope glycoprotein (env), and nef protein (nef) genes, complete cds
JX447283.1	0	HIV-1 isolate AA050a_WG7 from Thailand gag protein (gag) gene, complete cds; pol protein (pol) gene, partial cds; and vif protein (vif), vpr protein (vpr), vpu protein (vpu), envelope glycoprotein (env), and nef protein (nef) genes, complete cds
JX446756.1	0	HIV-1 isolate AA007a_WG10 from Thailand gag protein (gag) gene, complete cds; pol protein (pol) gene, partial cds; and vif protein (vif), vpr protein (vpr), vpu protein (vpu), envelope glycoprotein (env), and nef protein (nef) genes, complete cds
JX447127.1	0	HIV-1 isolate AA037a_WG6 from Thailand gag protein (gag) gene, complete cds; pol protein (pol) gene, partial cds; and vif protein (vif), vpr protein (vpr), vpu protein (vpu), envelope glycoprotein (env), and nef protein (nef) genes, complete cds
JX447359.1	0	HIV-1 isolate AA060a_WG1 from Thailand gag protein (gag) gene, complete cds; pol protein (pol) gene, partial cds; and vif protein (vif), vpr protein (vpr), vpu protein (vpu), envelope glycoprotein (env), and nef protein (nef) genes, complete cds
JX447458.1	0	HIV-1 isolate AA067a_WG12 from Thailand gag protein (gag) gene, complete cds; pol protein (pol) gene, partial cds; and vif protein (vif), vpr protein (vpr), vpu protein (vpu), envelope glycoprotein (env), and nef protein (nef) genes, complete cds
JX448028.1	0	HIV-1 isolate AA108a_WG6 from Thailand gag protein (gag) gene, complete cds; pol protein (pol) gene, partial cds; and vif protein (vif), vpr protein (vpr), vpu protein (vpu), envelope glycoprotein (env), and nef protein (nef) genes, complete cds
JX447727.1	0	HIV-1 isolate AA090a_WG11 from Thailand gag protein (gag) gene, complete cds; pol protein (pol) gene, partial cds; and vif protein (vif), vpr protein (vpr), vpu protein (vpu), envelope glycoprotein (env), and nef protein (nef) genes, complete cds
JX448059.1	0	HIV-1 isolate AA111a_WG11 from Thailand gag protein (gag) gene, complete cds; pol protein (pol) gene, partial cds; and vif protein (vif), vpr protein (vpr), vpu protein (vpu), envelope glycoprotein (env), and nef protein (nef) genes, complete cds
ON903126.1	0	HIV-1 isolate A_PreART_30 from Thailand, complete genome
KP109513.1	0	HIV-1 isolate DE00110TH001 from Thailand gag protein (gag) gene, complete cds; pol protein (pol) gene, partial cds; and vif protein (vif), vpr protein (vpr), tat protein (tat), rev protein (rev), vpu protein (vpu), envelope glycoprotein (env), and nef protein (nef) genes, complete cds
ON862984.1	0	HIV-1 isolate B_PreART_07 from Thailand, complete genome
ON863069.1	0	HIV-1 isolate C_PreART_38 from Thailand, complete genome
ON902004.1	0	HIV-1 isolate Pt1_PreART_50 from Thailand, complete genome
ON902093.1	0	HIV-1 isolate Pt4_PreART_16 from Thailand, complete genome
ON902120.1	0	HIV-1 isolate Pt5_PreART_24 from Thailand defective genome
ON902326.1	0	HIV-1 isolate Pt7_PreART_34 from Thailand defective genome
ON902503.1	0	HIV-1 isolate Pt9_PreART_76 from Thailand, complete genome
ON902533.1	0	HIV-1 isolate Pt11_PreART_32 from Thailand, complete genome
ON902579.1	0	HIV-1 isolate Pt12_PreART_06 from Thailand, complete genome
ON902724.1	0	HIV-1 isolate Pt15_PreART_80 from Thailand, complete genome
ON902772.1	0	HIV-1 isolate Pt16_PreART_56 from Thailand, complete genome
ON902797.1	0	HIV-1 isolate Pt17_PreART_29 from Thailand, complete genome
ON902846.1	0	HIV-1 isolate Pt18_PreART_03 from Thailand, complete genome
ON902959.1	0	HIV-1 isolate Pt19_PreART_70 from Thailand, complete genome
ON902967.1	0	HIV-1 isolate Pt20_PreART_09 from Thailand, complete genome
ON903056.1	0	HIV-1 isolate Pt21_PreART_01 from Thailand, complete genome
ON902244.1	0	HIV-1 isolate Pt6_onART_14 from Thailand, complete genome
ON863133.1	0	HIV-1 isolate D_OnART_02 from Thailand defective genome
ON863258.1	0	HIV-1 isolate E_OnART_10 from Thailand, complete genome
U54771.1	0	Human immunodeficiency virus type 1, strain CM240, complete proviral genome
AF164485.1	0	HIV-1 isolate 93TH902.1 from Thailand, complete genome
AB032740.1	0	Human immunodeficiency virus 1 95TNIH022 proviral DNA, complete genome
AB032741.1	0	Human immunodeficiency virus 1 95TNIH047 proviral DNA, complete genome
ON501001.1	0	HIV-1 strain Chronic_PID#17_W96_S_11G6_R459 from Thailand genomic sequence
ON501049.1	0	HIV-1 strain Chronic_PID#31_W0_S_1A5_R274 from Thailand genomic sequence
ON500878.1	0	HIV-1 strain F2_PID#27_W0_NS_8F9_3232_0_R475 from Thailand genomic sequence
ON500905.1	0	HIV-1 strain F3_PID#28_W0_NS_2B2_4141_0_R479 from Thailand genomic sequence
ON500912.1	0	HIV-1 strain F3_PID#29_W0_NS_6H3_99_0_R479 from Thailand genomic sequence
ON500926.1	0	HIV-1 strain F4_PID#30_W0_NS_7D5_1717_0_R474 from Thailand genomic sequence
ON500951.1	0	HIV-1 strain F5_PID#13_W96_S_1C11_1515_0_R478 from Thailand genomic sequence
AB485654.1	0	Human immunodeficiency virus 1 proviral DNA, complete genome, clone: pPRD320-12AE01
MT635140.1	0	HIV-1 isolate VN_016 from Viet Nam, complete genome
MT635143.1	0	HIV-1 isolate VN_032 from Viet Nam, complete genome
MT635158.1	0	HIV-1 isolate VN_236 from Viet Nam, complete genome
MT635173.1	0	HIV-1 isolate VN_606 from Viet Nam, complete genome
MT635142.1	0	HIV-1 isolate VN_024 from Viet Nam, complete genome
MT635174.1	0	HIV-1 isolate VN_633 from Viet Nam, complete genome
MT635157.1	0	HIV-1 isolate VN_219 from Viet Nam, complete genome
MT635160.1	0	HIV-1 isolate VN_293 from Viet Nam, complete genome
MT635161.1	0	HIV-1 isolate VN_298 from Viet Nam, complete genome
MT635162.1	0	HIV-1 isolate VN_300 from Viet Nam, complete genome
MT635163.1	0	HIV-1 isolate VN_354 from Viet Nam, complete genome
MT635166.1	0	HIV-1 isolate VN_421 from Viet Nam, complete genome
MT635168.1	0	HIV-1 isolate VN_446 from Viet Nam, complete genome
MT635164.1	0	HIV-1 isolate VN_388 from Viet Nam, complete genome
MT635165.1	0	HIV-1 isolate VN_413 from Viet Nam, complete genome
MT635167.1	0	HIV-1 isolate VN_425 from Viet Nam, complete genome
MT635169.1	0	HIV-1 isolate VN_474 from Viet Nam, complete genome
MT635170.1	0	HIV-1 isolate VN_478 from Viet Nam, complete genome
MT222954.1	0	HIV-1 isolate DE00114VN001 from Viet Nam, complete genome
MT222955.1	0	HIV-1 isolate DE00114VN003 from Viet Nam, complete genome
MT635175.1	0	HIV-1 isolate VN_643 from Viet Nam, complete genome
MT222956.1	0	HIV-1 isolate DE00115VN004 from Viet Nam, complete genome
MT222957.1	0	HIV-1 isolate DE00115VN005 from Viet Nam, complete genome
FJ185247.1	0	HIV-1 isolate 97VNAG204 from Viet Nam, complete genome
FJ185248.1	0	HIV-1 isolate 97VNAG206 from Viet Nam, complete genome
FJ185249.1	0	HIV-1 isolate 97VNAG207 from Viet Nam, complete genome
FJ185251.1	0	HIV-1 isolate 97VNAG210 from Viet Nam, complete genome
FJ185252.1	0	HIV-1 isolate 97VNAG212 from Viet Nam, complete genome
FJ185255.1	0	HIV-1 isolate 97VNAG218 from Viet Nam, complete genome
FJ185241.1	0	HIV-1 isolate 97VNHCM314 from Viet Nam, complete genome
FJ185242.1	0	HIV-1 isolate 97VNHCM319 from Viet Nam, complete genome
FJ185244.1	0	HIV-1 isolate 97VNHCM345 from Viet Nam, complete genome
MT635148.1	0	HIV-1 isolate 03-061 from Viet Nam, complete genome
MT635149.1	0	HIV-1 isolate 03-063 from Viet Nam, complete genome
MT635150.1	0	HIV-1 isolate 03-064 from Viet Nam, complete genome
MT635151.1	0	HIV-1 isolate 03-066 from Viet Nam, complete genome
MT635152.1	0	HIV-1 isolate 03-068 from Viet Nam, complete genome
MT635153.1	0	HIV-1 isolate 03-073 from Viet Nam, complete genome
MT635154.1	0	HIV-1 isolate 03-076 from Viet Nam, complete genome
MT635155.1	0	HIV-1 isolate 03-077 from Viet Nam, complete genome
MN485975.1	0	HIV-1 isolate AE from Belgium, complete genome
MT417738.1	0	HIV-1 strain DB from Belgium, partial genome
MH078536.1	0	HIV-1 isolate DE00216CI019 from Cote d&apos;Ivoire, partial genome
MH078539.1	0	HIV-1 isolate DEURF16CI022 from Cote d&apos;Ivoire, partial genome
KU168265.1	0	HIV-1 isolate LA10GuVa from Cameroon, complete genome
KU168304.1	0	HIV-1 isolate CM1193-8 from Cameroon, complete genome
MH705136.1	0	HIV-1 isolate 459-16 from Cameroon, complete genome
MN153477.1	0	HIV-1 isolate 06CMARC01 from Cameroon, complete genome
MN153479.1	0	HIV-1 isolate 06CMARC10 from Cameroon, complete genome
MN153480.1	0	HIV-1 isolate 06CMARC11 from Cameroon, complete genome
MT349419.1	0	HIV-1 isolate 06CMLPH19AM from Cameroon, partial genome
KU168310.1	0	HIV-1 isolate CM100-17 from Cameroon, complete genome
MN153486.1	0	HIV-1 isolate 08CMBDSH131 from Cameroon, complete genome
MN153494.1	0	HIV-1 isolate 08CMBDSH9 from Cameroon, complete genome
MN153495.1	0	HIV-1 isolate 08CMNYU1003 from Cameroon, complete genome
MN153478.1	0	HIV-1 isolate 08CMNYU707 from Cameroon, complete genome
JX140646.1	0	HIV-1 isolate DE00208CM001 from Cameroon nonfunctional gag protein (gag) gene, complete sequence; pol protein (pol) gene, partial cds; vif protein (vif), vpr protein (vpr), and tat protein (tat) genes, complete cds; nonfunctional rev protein (rev) gene, complete sequence; and vpu protein (vpu), envelope glycoprotein (env), and nef protein (nef) genes, complete cds
JX140647.1	0	HIV-1 isolate DE00208CM004 from Cameroon nonfunctional gag protein (gag) gene, complete sequence; pol protein (pol) gene, partial cds; and vif protein (vif), vpr protein (vpr), tat protein (tat), rev protein (rev), vpu protein (vpu), envelope glycoprotein (env), and nef protein (nef) genes, complete cds
MT349409.1	0	HIV-1 isolate 10CMLB070 from Cameroon, partial genome
MT349412.1	0	HIV-1 isolate 10CMLB077 from Cameroon, partial genome
MT349408.1	0	HIV-1 isolate 10CMLB088 from Cameroon, partial genome
MT349414.1	0	HIV-1 isolate 10CMLB097 from Cameroon, partial genome
KF859739.1	0	HIV-1 isolate DE00210CM013 from Cameroon gag protein (gag) gene, complete cds; pol protein (pol) gene, partial cds; and vif protein (vif), vpr protein (vpr), tat protein (tat), rev protein (rev), vpu protein (vpu), envelope glycoprotein (env), and nef protein (nef) genes, complete cds
KU749419.1	0	HIV-1 isolate DE00210CM019 from Cameroon, partial genome
MT349415.1	0	HIV-1 isolate 11CMLB115 from Cameroon, partial genome
MT222937.1	0	HIV-1 isolate DE00215CM060 from Cameroon, complete genome
AY271690.1	0	HIV-1 clone pBD6.15 from Cameroon, complete genome
EU786671.1	0	HIV-1 isolate ES P1261 (CRF02_AG) from Spain, complete genome
EU884501.1	0	HIV-1 isolate ES P1423 (CRF02_AG) from Spain, complete genome
MF157742.1	0	HIV-1 isolate P2222_2s_nt0547_9473 from Spain, partial genome
MK177825.1	0	HIV-1 isolate P2648 from Spain, partial genome
MK177826.1	0	HIV-1 isolate P3075 from Spain, partial genome
KY989950.1	0	HIV-1 isolate 100593 from Spain, partial genome
MF157740.1	0	HIV-1 isolate R74_s_nt0545_9481 from Spain, partial genome
AF063223.1	0	HIV-1 isolate DJ263 from Djibouti, complete genome
AB286855.1	0	Human immunodeficiency virus 1 proviral DNA, complete genome, clone: p03GH181AG13
AB286857.1	0	Human immunodeficiency virus 1 proviral DNA, complete genome, clone: p03GH182AG34
AB286862.1	0	Human immunodeficiency virus 1 proviral DNA, complete genome, clone: p03GH189AG15
AB286863.1	0	Human immunodeficiency virus 1 proviral DNA, complete genome, clone: p03GH197AG66
AB231895.1	0	Human immunodeficiency virus 1 proviral DNA, complete genome, isolate: GHNJ185
AB231896.1	0	Human immunodeficiency virus 1 proviral DNA, complete genome, isolate: GHNJ188
AB231898.1	0	Human immunodeficiency virus 1 proviral DNA, complete genome, isolate: GHNJ196
AB049811.1	0	Human immunodeficiency virus 1 proviral DNA, complete genome, clone:97GH-AG1
AB485633.1	0	Human immunodeficiency virus 1 proviral DNA, complete genome, clone: pPRD320-02A31
FJ694791.1	0	HIV-1 isolate CC 0030 from Guinea-Bissau nonfunctional gag protein (gag) gene, complete sequence; pol protein (pol) gene, partial cds; vif protein (vif) and vpr protein (vpr) genes, complete cds; nonfunctional tat protein (tat) and nonfunctional rev protein (rev) genes, complete sequence; and vpu protein (vpu), envelope glycoprotein (env), and nef protein (nef) genes, complete cds
FJ694792.1	0	HIV-1 isolate CC 0048 from Guinea-Bissau nonfunctional gag protein (gag) gene, complete sequence; pol protein (pol) gene, partial cds; vif protein (vif), vpr protein (vpr), tat protein (tat), rev protein (rev), vpu protein (vpu), and envelope glycoprotein (env) genes, complete cds; and nef protein (nef) gene, partial cds
MN703128.1	0	HIV-1 isolate DE00213GW041 from Guinea-Bissau, complete genome
MH078541.1	0	HIV-1 isolate DE00214GW002 from Guinea-Bissau, partial genome
MH078542.1	0	HIV-1 isolate DE00214GW005 from Guinea-Bissau, partial genome
MH078543.1	0	HIV-1 isolate DE00214GW007 from Guinea-Bissau, partial genome
MH078544.1	0	HIV-1 isolate DE00214GW009 from Guinea-Bissau, partial genome
MK397970.1	0	HIV-1 isolate DE00214GW018 from Guinea-Bissau, complete genome
MH078545.1	0	HIV-1 isolate DE00214GW020 from Guinea-Bissau, partial genome
MN703129.1	0	HIV-1 isolate DE00214GW033 from Guinea-Bissau, complete genome
MN703130.1	0	HIV-1 isolate DE00214GW039 from Guinea-Bissau, complete genome
MT222961.1	0	HIV-1 isolate DE00214GW043 from Guinea-Bissau, complete genome
MN703132.1	0	HIV-1 isolate DEURF14GW040 from Guinea-Bissau, complete genome
KF561437.1	0	HIV-1 isolate 12MHI11-10746 from South Korea, partial genome
KF561435.1	0	HIV-1 isolate 12MHR9 from South Korea, partial genome
AB485636.1	0	Human immunodeficiency virus 1 proviral DNA, complete genome, clone: pPRD320-04AG02
KY953197.1	0	HIV-1 isolate DE00211NG009 from Nigeria, partial genome
KY953198.1	0	HIV-1 isolate DE00211NG010 from Nigeria, partial genome
L39106.1	0	Human immunodeficiency virus type 1 gag polyprotein (gag), pol polyprotein (pol), vpr protein (vpr), vif protein (vif), rev protein (rev), vpu protein (vpu), env polyprotein (env), and nef protein (nef) genes, complete cds
KY658712.1	0	HIV-1 isolate DE00215PK035 from Pakistan, partial genome
KX232616.1	0	HIV-1 isolate PK024 from Pakistan, complete genome
KX232622.1	0	HIV-1 isolate PK032 from Pakistan, complete genome
MZ427751.1	0	HIV-1 isolate RU_ERS_2992_2015 from Russia, complete genome
AF107770.1	0	HIV-1 isolate SE7812 from Sweden, complete genome
KT223760.1	0	HIV-1 isolate 9580 from Senegal pol protein (pol) gene, partial cds; vif protein (vif) and vpr protein (vpr) genes, complete cds; and nonfunctional vpu protein (vpu) gene, complete sequence
KF716488.1	0	HIV-1 isolate DEURF10UG006 from Uganda gag protein (gag) gene, complete cds; pol protein (pol) gene, partial cds; and vif protein (vif), vpr protein (vpr), tat protein (tat), rev protein (rev), vpu protein (vpu), envelope glycoprotein (env), and nef protein (nef) genes, complete cds
KU168267.1	0	HIV-1 isolate LA12FroG, complete genome
AF049337.1	0	HIV-1 CRF04_cpx clone 94CY032-3 from Cyprus, complete genome
JX140648.1	0	HIV-1 isolate DE00400GR002 from Greece gag protein (gag) gene, complete cds; pol protein (pol) gene, partial cds; vif protein (vif) gene, complete cds; nonfunctional vpr protein (vpr) gene, complete sequence; and tat protein (tat), rev protein (rev), vpu protein (vpu), envelope glycoprotein (env), and nef protein (nef) genes, complete cds
AF119820.1	0	HIV-1 strain GR11 complete genome
AF119819.1	0	HIV-1 strain GR84 complete genome
AF076998.1	0	HIV-1 isolate VI961 from Democratic Republic of the Congo, complete genome
AF193253.1	0	HIV-1 subtype F/D isolate VI1310 from Belgium gag protein (gag), pol protein (pol), vif protein (vif), vpr protein (vpr), tat protein (tat), rev protein (rev), vpu protein (vpu), envelope glycoprotein (env), and nef protein (nef) genes, complete cds
AY227107.1	0	HIV-1 genotype CRF05_DF isolate X492 from Spain, complete genome
AF064699.1	0	HIV-1 isolate BFP90 from Burkina Faso, complete genome
KU168269.1	0	HIV-1 isolate LA14AAS287 from Burkina Faso, complete genome
AB485660.1	0	Human immunodeficiency virus 1 proviral DNA, complete genome, clone: pPRD320-15G15
MN153481.1	0	HIV-1 isolate 06CMARC13 from Cameroon, complete genome
AB286851.1	0	Human immunodeficiency virus 1 proviral DNA, complete genome, clone: p03GH173_06_37
AJ288982.1	0	Human immunodeficiency virus type 1 complete proviral genome, strain 95ML127 (form Mali)
AJ245481.2	0	Human immunodeficiency virus type 1 proviral complete genome, isolate 95ML84
AJ288981.1	0	Human immunodeficiency virus type 1 complete proviral genome, strain 97SE1078 (from Senegal)
EF368372.1	0	HIV-1 clone XJDC6431-2 from China, complete genome
EF368370.1	0	HIV-1 clone XJDC6441 from China, complete genome
KC492737.1	0	HIV-1 isolate pXJDC6291-13 from China, complete genome
JX392378.1	0	HIV-1 isolate Sichuan_2006_SC006 from China gag protein (gag) gene, complete cds; pol protein (pol) gene, partial cds; vif protein (vif), vpr protein (vpr), and tat protein (tat) genes, complete cds; nonfunctional rev protein (rev) gene, complete sequence; and vpu protein (vpu), envelope glycoprotein (env), and nef protein (nef) genes, complete cds
JX392383.1	0	HIV-1 isolate Xinjiang_2006_709 from China gag protein (gag) gene, complete cds; pol protein (pol) gene, partial cds; vif protein (vif), vpr protein (vpr), tat protein (tat), rev protein (rev), vpu protein (vpu), and envelope glycoprotein (env) genes, complete cds; and nonfunctional nef protein (nef) gene, complete sequence
KF835494.1	0	HIV-1 isolate 07CNYN303 from China gag protein (gag) gene, complete cds; pol protein (pol) gene, partial cds; and vif protein (vif), vpr protein (vpr), tat protein (tat), rev protein (rev), vpu protein (vpu), envelope glycoprotein (env), and nef protein (nef) genes, complete cds
KF835510.1	0	HIV-1 isolate 07CNYN323 from China gag protein (gag) gene, complete cds; pol protein (pol) gene, partial cds; and vif protein (vif), vpr protein (vpr), tat protein (tat), rev protein (rev), vpu protein (vpu), envelope glycoprotein (env), and nef protein (nef) genes, complete cds
KF835511.1	0	HIV-1 isolate 07CNYN324 from China gag protein (gag) gene, complete cds; pol protein (pol) gene, partial cds; and vif protein (vif), vpr protein (vpr), tat protein (tat), rev protein (rev), vpu protein (vpu), envelope glycoprotein (env), and nef protein (nef) genes, complete cds
KF835532.1	0	HIV-1 isolate 07CNYN349 from China gag protein (gag) gene, complete cds; pol protein (pol) gene, partial cds; and vif protein (vif), vpr protein (vpr), tat protein (tat), rev protein (rev), vpu protein (vpu), envelope glycoprotein (env), and nef protein (nef) genes, complete cds
JQ423923.1	0	HIV-1 isolate CNGZD from China, partial genome
OM373318.1	0	HIV-1 isolate GX2016EU01 from China, complete genome
MN659380.1	0	HIV-1 isolate SN18027 from China, complete genome
MN659381.1	0	HIV-1 isolate SN18047 from China, complete genome
AF286230.1	0	HIV-1 strain 98CN009 from China, complete genome
MT021910.1	0	HIV-1 isolate KR050 from South Korea, partial genome
KF234628.1	0	HIV-1 strain CRF07_BC from Taiwan, complete genome
MT635171.1	0	HIV-1 isolate VN_485 from Viet Nam, complete genome
KF835493.1	0	HIV-1 isolate 07CNYN302 from China gag protein (gag) gene, complete cds; pol protein (pol) gene, partial cds; and vif protein (vif), vpr protein (vpr), tat protein (tat), rev protein (rev), vpu protein (vpu), envelope glycoprotein (env), and nef protein (nef) genes, complete cds
KF835495.1	0	HIV-1 isolate 07CNYN306 from China gag protein (gag) gene, complete cds; pol protein (pol) gene, partial cds; and vif protein (vif), vpr protein (vpr), tat protein (tat), rev protein (rev), vpu protein (vpu), envelope glycoprotein (env), and nef protein (nef) genes, complete cds
KF835496.1	0	HIV-1 isolate 07CNYN307 from China gag protein (gag) gene, complete cds; pol protein (pol) gene, partial cds; and vif protein (vif), vpr protein (vpr), tat protein (tat), rev protein (rev), vpu protein (vpu), envelope glycoprotein (env), and nef protein (nef) genes, complete cds
KF835497.1	0	HIV-1 isolate 07CNYN310 from China gag protein (gag) gene, complete cds; pol protein (pol) gene, partial cds; and vif protein (vif), vpr protein (vpr), tat protein (tat), rev protein (rev), vpu protein (vpu), envelope glycoprotein (env), and nef protein (nef) genes, complete cds
KF835500.1	0	HIV-1 isolate 07CNYN313 from China gag protein (gag) gene, complete cds; pol protein (pol) gene, partial cds; and vif protein (vif), vpr protein (vpr), tat protein (tat), rev protein (rev), vpu protein (vpu), envelope glycoprotein (env), and nef protein (nef) genes, complete cds
KF835501.1	0	HIV-1 isolate 07CNYN314 from China gag protein (gag) gene, complete cds; pol protein (pol) gene, partial cds; vif protein (vif) and vpr protein (vpr) genes, complete cds; nonfunctional tat protein (tat) gene, complete sequence; and rev protein (rev), vpu protein (vpu), envelope glycoprotein (env), and nef protein (nef) genes, complete cds
KF835507.1	0	HIV-1 isolate 07CNYN320 from China gag protein (gag) gene, complete cds; pol protein (pol) gene, partial cds; and vif protein (vif), vpr protein (vpr), tat protein (tat), rev protein (rev), vpu protein (vpu), envelope glycoprotein (env), and nef protein (nef) genes, complete cds
KF835509.1	0	HIV-1 isolate 07CNYN322 from China gag protein (gag) gene, complete cds; pol protein (pol) gene, partial cds; and vif protein (vif), vpr protein (vpr), tat protein (tat), rev protein (rev), vpu protein (vpu), envelope glycoprotein (env), and nef protein (nef) genes, complete cds
KF835512.1	0	HIV-1 isolate 07CNYN325 from China gag protein (gag) gene, complete cds; pol protein (pol) gene, partial cds; vif protein (vif) and vpr protein (vpr) genes, complete cds; nonfunctional tat protein (tat) gene, complete sequence; and rev protein (rev), vpu protein (vpu), envelope glycoprotein (env), and nef protein (nef) genes, complete cds
KF835515.1	0	HIV-1 isolate 07CNYN328 from China gag protein (gag) gene, complete cds; pol protein (pol) gene, partial cds; vif protein (vif) and vpr protein (vpr) genes, complete cds; nonfunctional tat protein (tat) gene, complete sequence; and rev protein (rev), vpu protein (vpu), envelope glycoprotein (env), and nef protein (nef) genes, complete cds
KF835529.1	0	HIV-1 isolate 07CNYN344 from China gag protein (gag) gene, complete cds; pol protein (pol) gene, partial cds; and vif protein (vif), vpr protein (vpr), tat protein (tat), rev protein (rev), vpu protein (vpu), envelope glycoprotein (env), and nef protein (nef) genes, complete cds
KF835530.1	0	HIV-1 isolate 07CNYN346 from China gag protein (gag) gene, complete cds; pol protein (pol) gene, partial cds; and vif protein (vif), vpr protein (vpr), tat protein (tat), rev protein (rev), vpu protein (vpu), envelope glycoprotein (env), and nef protein (nef) genes, complete cds
KF835531.1	0	HIV-1 isolate 07CNYN350 from China gag protein (gag) gene, complete cds; pol protein (pol) gene, partial cds; and vif protein (vif), vpr protein (vpr), tat protein (tat), rev protein (rev), vpu protein (vpu), envelope glycoprotein (env), and nef protein (nef) genes, complete cds
KF835535.1	0	HIV-1 isolate 07CNYN351 from China gag protein (gag) gene, complete cds; pol protein (pol) gene, partial cds; and vif protein (vif), vpr protein (vpr), tat protein (tat), rev protein (rev), vpu protein (vpu), envelope glycoprotein (env), and nef protein (nef) genes, complete cds
KF835534.1	0	HIV-1 isolate 07CNYN355 from China gag protein (gag) gene, complete cds; pol protein (pol) gene, partial cds; and vif protein (vif), vpr protein (vpr), tat protein (tat), rev protein (rev), vpu protein (vpu), envelope glycoprotein (env), and nef protein (nef) genes, complete cds
KF835541.1	0	HIV-1 isolate 07CNYN363 from China gag protein (gag) gene, complete cds; pol protein (pol) gene, partial cds; and vif protein (vif), vpr protein (vpr), tat protein (tat), rev protein (rev), vpu protein (vpu), envelope glycoprotein (env), and nef protein (nef) genes, complete cds
KF835545.1	0	HIV-1 isolate 07CNYN369 from China gag protein (gag) gene, complete cds; pol protein (pol) gene, partial cds; and vif protein (vif), vpr protein (vpr), tat protein (tat), rev protein (rev), vpu protein (vpu), envelope glycoprotein (env), and nef protein (nef) genes, complete cds
KF835547.1	0	HIV-1 isolate 07CNYN371 from China gag protein (gag) gene, complete cds; pol protein (pol) gene, partial cds; and vif protein (vif), vpr protein (vpr), tat protein (tat), rev protein (rev), vpu protein (vpu), envelope glycoprotein (env), and nef protein (nef) genes, complete cds
AJ866553.1	0	Human immunodeficiency virus 1 complete genome, isolate 00IC-10092
AF289548.1	0	HIV-1 clone 96TZ-BF061 from Tanzania, complete genome
AF289549.1	0	HIV-1 clone 96TZ-BF071 from Tanzania, complete genome
AF289550.1	0	HIV-1 clone 96TZ-BF110 from Tanzania, complete genome
KP718934.1	0	HIV-1 isolate A1575 from Cameroon, complete genome
KP718935.1	0	HIV-1 isolate A1774 from Cameroon, complete genome
KP718937.1	0	HIV-1 isolate 119-28 from Cameroon, complete genome
KP718938.1	0	HIV-1 isolate 1230-24 from Cameroon, complete genome
KP718936.1	0	HIV-1 isolate 260-50 from Cameroon, complete genome
KP718914.1	0	HIV-1 isolate 263-26 from Cameroon, complete genome
KR822830.1	0	HIV-1 isolate 62-11 from Cameroon, partial genome
KP718929.1	0	HIV-1 isolate 1252-11 from Cameroon, complete genome
KY658700.1	0	HIV-1 isolate DE01111CM045 from Cameroon, partial genome
KP109503.1	0	HIV-1 isolate DEURF11CM015 from Cameroon gag protein (gag) gene, complete cds; pol protein (pol) gene, partial cds; and vif protein (vif), vpr protein (vpr), tat protein (tat), rev protein (rev), vpu protein (vpu), envelope glycoprotein (env), and nef protein (nef) genes, complete cds
AF492624.1	0	HIV-1 isolate 95CM-1816 from Cameroon, complete genome
AF492623.1	0	HIV-1 isolate 96CM-4496 from Cameroon, complete genome
AJ291718.1	0	Human immunodeficiency virus type 1 complete genome, Cameroon strain 97CM-MP818
AJ291719.1	0	Human immunodeficiency virus type 1 complete genome, strain 99FR-MP129
AJ291720.1	0	Human immunodeficiency virus type 1 complete genome, strain 99FR-MP1307
AF179368.1	0	HIV-1 strain GR17 from Greece complete genome
KU168270.1	0	HIV-1 isolate LA15PoCa, complete genome
AF408629.1	0	HIV-1 isolate A32879 from Argentina, complete genome
AF408630.1	0	HIV-1 isolate A32989 from Argentina, complete genome
AF385936.1	0	HIV-1 isolate ARMA159 from Argentina, complete genome
MT712270.1	0	HIV-1 isolate 10-097 from China, complete genome
MF157739.1	0	HIV-1 isolate X0531_2_nt0555_9485 from Spain, partial genome
AF385934.1	0	HIV-1 isolate URTR23 from Uruguay, complete genome
AF385935.1	0	HIV-1 isolate URTR35 from Uruguay, complete genome
DQ845388.1	0	HIV-1 isolate 02CM-A1394 from Cameroon, complete genome
DQ845386.1	0	HIV-1 isolate 04CM-173-9 from Cameroon, complete genome
DQ845387.1	0	HIV-1 isolate 04CM-632-28 from Cameroon, complete genome
MH705141.1	0	HIV-1 isolate 363-24 from Cameroon, complete genome
KP718924.1	0	HIV-1 isolate 228-10 from Cameroon, complete genome
KP718926.1	0	HIV-1 isolate 833-62 from Cameroon, complete genome
AF460972.1	0	HIV-1 isolate 96CM-1849 from Cameroon, complete genome
AF460974.1	0	HIV-1 isolate 96CM-4164 from Cameroon, complete genome
AF450096.1	0	HIV-1 isolate X605 from Spain, complete genome
AF450097.1	0	HIV-1 isolate X623 from Spain, complete genome
FJ670522.1	0	HIV-1 strain ES X1870 from Spain, complete genome
FJ670528.1	0	HIV-1 strain ES X772-8 from Spain, complete genome
AF516184.1	0	HIV-1 isolate CRF01_AE/B from Thailand gag protein (gag) gene, complete cds; pol protein (pol) gene, partial cds; and vif protein (vif), vpr protein (vpr), tat protein (tat), rev protein (rev), vpu protein (vpu), envelope glycoprotein (env), and nef protein (nef) genes, complete cds
AF530576.1	0	HIV-1 isolate 99TH.R2399 subtype CRF15_01B from Thailand, complete genome
AF286239.1	0	HIV-1 isolate 97KR004 from South Korea, complete genome
MN153475.1	0	HIV-1 isolate 10CMLB018 from Cameroon, complete genome
KP718931.1	0	HIV-1 isolate B4043-15 from Cameroon, complete genome
AY586541.1	0	HIV-1 isolate CU14 from Cuba, complete genome
AY894993.1	0	HIV-1 isolate cu68 from Cuba gag protein (gag) gene, complete cds; pol protein (pol) gene, partial cds; and vif protein (vif), vpr protein (vpr), tat protein (tat), rev protein (rev), vpu protein (vpu), and nef protein (nef) genes, complete cds
AY586540.1	0	HIV-1 isolate CU76 from Cuba, complete genome
AY588971.1	0	HIV-1 isolate CU29 from Cuba, complete genome
KU685581.1	0	HIV-1 isolate EUR-0040 from Spain gag protein (gag) gene, complete cds; pol protein (pol) gene, partial cds; and vif protein (vif), vpr protein (vpr), tat protein (tat), rev protein (rev), vpu protein (vpu), envelope glycoprotein (env), and nef protein (nef) genes, complete cds
KU685582.1	0	HIV-1 isolate EUR-0041 from Spain gag protein (gag) gene, complete cds; pol protein (pol) gene, partial cds; and vif protein (vif), vpr protein (vpr), tat protein (tat), rev protein (rev), vpu protein (vpu), envelope glycoprotein (env), and nef protein (nef) genes, complete cds
AY586545.2	0	HIV-1 isolate Cu103 from Cuba, complete genome
MW062981.1	0	HIV-1 isolate 5108_wk-2_3_I20 from USA, complete genome
EU743963.1	0	HIV-1 isolate 02CAMLT72 from Cameroon, complete genome
MN153487.1	0	HIV-1 isolate 08CMBDSH138 from Cameroon, complete genome
MT349410.1	0	HIV-1 isolate 10CMLB071 from Cameroon, partial genome
AY900571.2	0	HIV-1 isolate CB118 from Cuba, complete genome
AY900572.2	0	HIV-1 isolate CB347 from Cuba, complete genome
AY900574.2	0	HIV-1 isolate CB378 from Cuba, complete genome
AY900575.2	0	HIV-1 isolate CB471 from Cuba, complete genome
FJ670526.1	0	HIV-1 strain ES X2456-2 from Spain, complete genome
KY392772.1	0	HIV-1 isolate CG-0379-02V from Democratic Republic of the Congo, complete genome
EU693240.1	0	HIV-1 isolate 06CM-BA-040 from Cameroon, complete genome
EU697906.1	0	HIV-1 isolate J11233 from Saudi Arabia, complete genome
EU697908.1	0	HIV-1 isolate J11451 from Saudi Arabia, complete genome
FM877780.1	0	HIV-1 M_02CD.KS069 proviral complete genome, isolate 02CD.KS069
FM877781.1	0	HIV-1 M_02CD.LBTB084 proviral complete genome, isolate 02CD.LBTB084
FM877782.1	0	HIV-1 M_02CD.MBTB047 proviral complete genome, isolate 02CD.MBTB047
FM877777.1	0	HIV-1 M_97CD.KTB119 proviral complete genome, isolate 97CD.KTB119
MN116204.1	0	HIV-1 isolate CG-0077-01 from Democratic Republic of the Congo, complete genome
AM851091.1	0	Human immunodeficiency virus type 1 04CD.FR.KZS proviral gag gene, pol gene, vif gene, vpr gene, vpu gene, env gene and nef gene
JF804812.1	0	HIV-1 isolate 0679SV from Brazil, complete genome
DQ085872.1	0	HIV-1 isolate BREPM12313 from Brazil, complete genome
DQ085873.1	0	HIV-1 isolate BREPM12609 from Brazil, complete genome
DQ085874.1	0	HIV-1 isolate BREPM12817 from Brazil, complete genome
DQ085876.1	0	HIV-1 isolate BREPM16704 from Brazil, complete genome
JF804807.1	0	HIV-1 isolate 0264RI from Brazil, complete genome
DQ085871.1	0	HIV-1 isolate BREPM11948 from Brazil, complete genome
EF091932.1	0	HIV-1 isolate 110PA from Brazil, complete genome
AY727527.1	0	HIV-1 isolate 04BR142 from Brazil gag protein (gag) gene, complete cds; pol protein (pol) gene, partial cds; and vif protein (vif), vpr protein (vpr), tat protein (tat), rev protein (rev), vpu protein (vpu), envelope glycoprotein (env), and nef protein (nef) genes, complete cds
AY535660.1	0	HIV-1 isolate EE0369 from Estonia, complete genome
KM606632.1	0	HIV-1 isolate A14 from Estonia gag protein (gag) gene, complete cds; pol protein (pol) gene, partial cds; and vif protein (vif), vpr protein (vpr), tat protein (tat), rev protein (rev), vpu protein (vpu), envelope glycoprotein (env), and nef protein (nef) genes, complete cds
AB547463.1	0	Human immunodeficiency virus 1 proviral DNA, nearly complete genome, clone: 07IDJKT189-C
DQ366659.1	0	HIV-1 isolate 05MYKL007.1 from Malaysia, complete genome
DQ366660.1	0	HIV-1 isolate 05MYKL015.2 from Malaysia, complete genome
DQ366661.1	0	HIV-1 isolate 05MYKL031.1 from Malaysia, complete genome
DQ366662.1	0	HIV-1 isolate 05MYKL045.1 from Malaysia, complete genome
EU031913.1	0	HIV-1 isolate 07MYKLD47 from Malaysia, complete genome
KR017774.1	0	HIV-1 isolate BS40 from Cameroon gag protein (gag) gene, complete cds; pol protein (pol) gene, partial cds; vif protein (vif) and vpr protein (vpr) genes, complete cds; nonfunctional tat protein (tat) gene, complete sequence; and rev protein (rev), vpu protein (vpu), envelope glycoprotein (env), and nef protein (nef) genes, complete cds
KP718917.1	0	HIV-1 isolate 1130-39 from Cameroon, complete genome
FJ213783.1	0	HIV-1 isolate UY03_3389 from Uruguay, complete genome
FJ213781.1	0	HIV-1 isolate UY04_3987 from Uruguay, complete genome
FJ213782.1	0	HIV-1 isolate UY04_4022 from Uruguay, complete genome
FJ213780.1	0	HIV-1 isolate UY05_4752 from Uruguay, complete genome
EU735534.1	0	HIV-1 isolate 03BRRJ103 from Brazil, partial genome
EU735536.1	0	HIV-1 isolate 03BRRJ327 from Brazil, complete genome
EU735535.1	0	HIV-1 isolate 04BRRJ179 from Brazil, complete genome
EU735538.1	0	HIV-1 isolate 04BRRJ115 from Brazil, complete genome
EU735540.1	0	HIV-1 isolate 04BRSQ46 from Brazil, complete genome
EU735537.1	0	HIV-1 isolate 05BRRJ055 from Brazil, complete genome
EU735539.1	0	HIV-1 isolate 05BRRJ200 from Brazil, complete genome
EU170151.1	0	HIV-1 isolate luBF_01.03 from Luxembourg, partial genome
EU697904.1	0	HIV-1 isolate J11223 from Saudi Arabia, complete genome
EU697905.1	0	HIV-1 isolate J11232 from Saudi Arabia, complete genome
EU697907.1	0	HIV-1 isolate J11243 from Saudi Arabia, complete genome
EU697909.1	0	HIV-1 isolate J11456 from Saudi Arabia, complete genome
FJ358521.1	0	HIV-1 isolate CH80 subtype BF from Chile, complete genome
AY536235.1	0	HIV-1 isolate CH12 from Chile, complete genome
MH078557.1	0	HIV-1 isolate DEURF16PE007, partial genome
FN392874.1	0	Human immunodeficiency virus 1 proviral nearly full-length genome sequence, isolate 97CD.MBFE185
FN392876.1	0	Human immunodeficiency virus 1 proviral nearly full-length genome sequence, isolate 97CM.MP814
EU448295.1	0	HIV-1 strain 04FR-AUK from France, complete genome
FN392877.1	0	Human immunodeficiency virus 1 proviral nearly full-length genome sequence, isolate 97GA.TB45
DQ358801.1	0	HIV-1 isolate 01BR087 from Brazil, complete genome
DQ358802.1	0	HIV-1 isolate 01BR125 from Brazil, complete genome
MG365771.1	0	HIV-1 isolate 01BRRJUD508 from Brazil, complete genome
HM026456.1	0	HIV-1 isolate 07BR_FPS625 from Brazil, complete genome
HM026457.1	0	HIV-1 isolate 07BR_FPS742 from Brazil, complete genome
HM026458.1	0	HIV-1 isolate 07BR_FPS783 from Brazil, complete genome
HM026459.1	0	HIV-1 isolate 07BR_FPS810 from Brazil, complete genome
HM026460.1	0	HIV-1 isolate 07BR_FPS812 from Brazil, complete genome
KJ849798.1	0	HIV-1 isolate 10BR_RJ026 from Brazil gag protein (gag), pol protein (pol), vif protein (vif), vpr protein (vpr), tat protein (tat), rev protein (rev), vpu protein (vpu), envelope glycoprotein (env), and nef protein (nef) genes, complete cds
GQ372987.1	0	HIV-1 isolate P1942 from Spain, partial genome
FJ670529.1	0	HIV-1 isolate X2457-2 from Spain, complete genome
AF192135.1	0	HIV-1 isolate 98BW21.17, from Botswania, complete genome
JN417236.1	0	HIV-1 isolate 8179 from United Kingdom nonfunctional gag protein (gag) gene, complete sequence; nonfunctional pol protein (pol) gene, partial sequence; nonfunctional vif protein (vif) gene, complete sequence; vpr protein (vpr) gene, complete cds; nonfunctional tat protein (tat) gene, complete sequence; rev protein (rev) and vpu protein (vpu) genes, complete cds; nonfunctional env protein (env) gene, complete sequence; and nef protein (nef) gene, complete cds
JN417239.1	0	HIV-1 isolate 33365 from United Kingdom gag protein (gag) gene, complete cds; nonfunctional pol protein (pol) gene, partial sequence; vif protein (vif) and vpr protein (vpr) genes, complete cds; nonfunctional tat protein (tat) gene, complete sequence; rev protein (rev) gene, complete cds; nonfunctional vpu protein (vpu) and nonfunctional env protein (env) genes, complete sequence; and nef protein (nef) gene, complete cds
JN417241.1	0	HIV-1 isolate 11762 from United Kingdom gag protein (gag) gene, complete cds; pol protein (pol) gene, partial cds; vif protein (vif) and vpr protein (vpr) genes, complete cds; nonfunctional tat protein (tat) gene, complete sequence; and rev protein (rev), vpu protein (vpu), envelope glycoprotein (env), and nef protein (nef) genes, complete cds
JN417240.1	0	HIV-1 isolate 12792 from United Kingdom nonfunctional gag protein (gag) gene, complete sequence; nonfunctional pol protein (pol) gene, partial sequence; vif protein (vif) and vpr protein (vpr) genes, complete cds; nonfunctional tat protein (tat) gene, complete sequence; and rev protein (rev), vpu protein (vpu), envelope glycoprotein (env), and nef protein (nef) genes, complete cds
KJ485697.1	0	HIV-1 isolate 11MYKL055 from Malaysia, partial genome
DQ366664.1	0	HIV-1 isolate 03MYKL018.1 from Malaysia, complete genome
DQ366663.1	0	HIV-1 isolate 04MYKL016.1 from Malaysia, complete genome
JX390611.1	0	HIV-1 isolate 10MYKJ079 from Malaysia, partial genome
JX390610.1	0	HIV-1 isolate 11FIR164 from Malaysia, partial genome
EU031915.1	0	HIV-1 isolate 07MYKLD49 from Malaysia, complete genome
JX390976.1	0	HIV-1 isolate 09MYSB023 from Malaysia, partial genome
JX574661.1	0	HIV-1 isolate HNCS102056 from China, complete genome
JX574662.1	0	HIV-1 isolate GDDG318 from China, complete genome
MW693027.1	0	HIV-1 isolate 08-004 from China, complete genome
MZ327290.1	0	HIV-1 isolate RU_ERS_2703_2017 from Russia, complete genome
MN736702.1	0	HIV-1 isolate Sample37_SI324 from Slovenia gag protein (gag) gene, complete cds; pol protein (pol) gene, partial cds; and vif protein (vif), vpr protein (vpr), tat protein (tat), rev protein (rev), vpu protein (vpu), envelope glycoprotein (env), and nef protein (nef) genes, complete cds
HM776939.1	0	HIV-1 clone 341 from China, complete genome
KC870044.1	0	HIV-1 isolate YNFL37 from China gag protein (gag) gene, complete cds; nonfunctional pol protein (pol) gene, partial sequence; and vif protein (vif), vpr protein (vpr), tat protein (tat), rev protein (rev), vpu protein (vpu), envelope glycoprotein (env), and nef protein (nef) genes, complete cds
KF250400.1	0	HIV-1 isolate DH17 from China gag protein (gag) gene, complete cds; nonfunctional pol protein (pol) gene, partial sequence; vif protein (vif), vpr protein (vpr), tat protein (tat), and rev protein (rev) genes, complete cds; nonfunctional vpu protein (vpu) gene, complete sequence; and envelope glycoprotein (env) and nef protein (nef) genes, complete cds
KC522031.1	0	HIV-1 isolate 09MYPR37 from Malaysia, complete genome
KC522035.1	0	HIV-1 isolate 10MYKJ036 from Malaysia gag protein (gag) gene, complete cds; pol protein (pol) gene, partial cds; vif protein (vif), vpr protein (vpr), tat protein (tat), rev protein (rev), vpu protein (vpu), and envelope glycoprotein (env) genes, complete cds; and nef protein (nef) gene, partial cds
KF425293.1	0	HIV-1 isolate 10MYPR87 from Malaysia, complete genome
KC522033.1	0	HIV-1 isolate 11MY1RJ704 from Malaysia, complete genome
KC522032.1	0	HIV-1 isolate 11MY1ZK731 from Malaysia, complete genome
KF011494.1	0	HIV-1 isolate GD070126 from China gag protein (gag) gene, complete cds; pol protein (pol) gene, partial cds; and vif protein (vif), vpr protein (vpr), tat protein (tat), rev protein (rev), vpu protein (vpu), envelope glycoprotein (env), and nef protein (nef) genes, complete cds
EU448296.1	0	HIV-1 strain 06FR-CRN from France, complete genome
KC899079.1	0	HIV-1 isolate BAV499 from Italy, complete genome
KC899081.1	0	HIV-1 isolate BAV636 from Italy, complete genome
KC990124.1	0	HIV-1 isolate JL100010 from China gag protein (gag) gene, complete cds; pol protein (pol) gene, partial cds; vif protein (vif), vpr protein (vpr), and tat protein (tat) genes, complete cds; nonfunctional rev protein (rev) gene, complete sequence; and vpu protein (vpu), envelope glycoprotein (env), and nef protein (nef) genes, complete cds
KC870034.1	0	HIV-1 isolate YNFL13 from China gag protein (gag) gene, complete cds; pol protein (pol) gene, partial cds; vif protein (vif), vpr protein (vpr), tat protein (tat), and rev protein (rev) genes, complete cds; nonfunctional vpu protein (vpu) gene, complete sequence; and envelope glycoprotein (env) and nef protein (nef) genes, complete cds
KC870035.1	0	HIV-1 isolate YNFL15 from China gag protein (gag) gene, complete cds; pol protein (pol) gene, partial cds; vif protein (vif), vpr protein (vpr), tat protein (tat), rev protein (rev), vpu protein (vpu), and envelope glycoprotein (env) genes, complete cds; and nonfunctional nef protein (nef) gene, complete sequence
JN230353.1	0	HIV-1 strain 10RU6637 from Russia, partial genome
KJ197201.1	0	HIV-1 isolate RU_8169 from Russia gag protein (gag) gene, complete cds; pol protein (pol) gene, partial cds; and vif protein (vif), vpr protein (vpr), tat protein (tat), rev protein (rev), vpu protein (vpu), envelope glycoprotein (env), and nef protein (nef) genes, complete cds
KJ197202.1	0	HIV-1 isolate RU_8501 from Russia gag protein (gag) gene, complete cds; pol protein (pol) gene, partial cds; and vif protein (vif), vpr protein (vpr), tat protein (tat), rev protein (rev), vpu protein (vpu), envelope glycoprotein (env), and nef protein (nef) genes, complete cds
MT334923.1	0	HIV-1 isolate RU_ERS_1015_2016 from Russia, complete genome
MT369985.1	0	HIV-1 isolate RU_ERS_1105_2016 from Russia, complete genome
MT369991.1	0	HIV-1 isolate RU_ERS_1111_2016 from Russia, complete genome
MZ327296.1	0	HIV-1 isolate RU_ERS_2574_2018 from Russia, complete genome
MZ427698.1	0	HIV-1 isolate RU_ERS_2577_2018 from Russia, complete genome
MZ427705.1	0	HIV-1 isolate RU_ERS_3777_2018 from Russia, complete genome
MZ427775.1	0	HIV-1 isolate RU_ERS_3337_2019 from Russia, complete genome
MZ427709.1	0	HIV-1 isolate RU_ERS_3578_2019 from Russia, complete genome
MZ427715.1	0	HIV-1 isolate RU_ERS_3580_2019 from Russia, complete genome
MZ427716.1	0	HIV-1 isolate RU_ERS_3582_2019 from Russia, complete genome
MZ427729.1	0	HIV-1 isolate RU_ERS_3658_2019 from Russia, complete genome
KC870042.1	0	HIV-1 isolate YNFL31 from China gag protein (gag) gene, complete cds; pol protein (pol) gene, partial cds; and vif protein (vif), vpr protein (vpr), tat protein (tat), rev protein (rev), vpu protein (vpu), envelope glycoprotein (env), and nef protein (nef) genes, complete cds
KC870043.1	0	HIV-1 isolate YNFL33 from China gag protein (gag) gene, complete cds; pol protein (pol) gene, partial cds; and vif protein (vif), vpr protein (vpr), tat protein (tat), rev protein (rev), vpu protein (vpu), envelope glycoprotein (env), and nef protein (nef) genes, complete cds
KC870032.1	0	HIV-1 isolate YNFL10_1 from China gag protein (gag) gene, complete cds; pol protein (pol) gene, partial cds; and vif protein (vif), vpr protein (vpr), tat protein (tat), rev protein (rev), vpu protein (vpu), envelope glycoprotein (env), and nef protein (nef) genes, complete cds
KC870036.1	0	HIV-1 isolate YNFL16 from China gag protein (gag) gene, complete cds; pol protein (pol) gene, partial cds; and vif protein (vif), vpr protein (vpr), tat protein (tat), rev protein (rev), vpu protein (vpu), envelope glycoprotein (env), and nef protein (nef) genes, complete cds
KC870040.1	0	HIV-1 isolate YNFL22 from China gag protein (gag) gene, complete cds; pol protein (pol) gene, partial cds; and vif protein (vif), vpr protein (vpr), tat protein (tat), rev protein (rev), vpu protein (vpu), envelope glycoprotein (env), and nef protein (nef) genes, complete cds
KC870027.1	0	HIV-1 isolate YNFL01 from China gag protein (gag) gene, complete cds; pol protein (pol) gene, partial cds; and vif protein (vif), vpr protein (vpr), tat protein (tat), rev protein (rev), vpu protein (vpu), envelope glycoprotein (env), and nef protein (nef) genes, complete cds
KC870028.1	0	HIV-1 isolate YNFL02 from China gag protein (gag) gene, complete cds; pol protein (pol) gene, partial cds; vif protein (vif) and vpr protein (vpr) genes, complete cds; nonfunctional tat protein (tat) gene, complete sequence; and rev protein (rev), vpu protein (vpu), envelope glycoprotein (env), and nef protein (nef) genes, complete cds
KC183778.1	0	HIV-1 isolate 2011.ANHUI.HF104 from China gag protein (gag) gene, complete cds; pol protein (pol) gene, partial cds; and vif protein (vif), vpr protein (vpr), tat protein (tat), rev protein (rev), vpu protein (vpu), envelope glycoprotein (env), and nef protein (nef) genes, complete cds
MN564837.1	0	HIV-1 isolate BFC92 from China, complete genome
OK011543.1	0	HIV-1 isolate PV106451 from Spain, complete genome
OK011547.1	0	HIV-1 isolate PV623909 from Spain, complete genome
OK011549.1	0	HIV-1 isolate PV844167 from Spain, complete genome
OK011535.1	0	HIV-1 isolate MD497796 from Spain, complete genome
MK298150.1	0	HIV-1 isolate X4352_2 from Spain, partial genome
KC183779.1	0	HIV-1 isolate 2011.ANHUI.HF115 from China gag protein (gag) gene, complete cds; pol protein (pol) gene, partial cds; and vif protein (vif), vpr protein (vpr), tat protein (tat), rev protein (rev), vpu protein (vpu), envelope glycoprotein (env), and nef protein (nef) genes, complete cds
KC183782.1	0	HIV-1 isolate 2011.ANHUI.WH73 from China gag protein (gag) gene, complete cds; pol protein (pol) gene, partial cds; and vif protein (vif), vpr protein (vpr), tat protein (tat), rev protein (rev), vpu protein (vpu), envelope glycoprotein (env), and nef protein (nef) genes, complete cds
AB845344.1	0	Human immunodeficiency virus 1 proviral DNA, nearly complete genome, isolate: 03JP-5091K231
LC027100.1	0	Human immunodeficiency virus 1 genomic RNA, complete genome, isolate: 05JPMYC113SP420
AB845347.1	0	Human immunodeficiency virus 1 proviral DNA, nearly complete genome, isolate: 05JP-5091K448
AB845349.1	0	Human immunodeficiency virus 1 proviral DNA, nearly complete genome, isolate: 10JP-5091N200
KJ849775.1	0	HIV-1 isolate 10BR_PE087 from Brazil gag protein (gag), pol protein (pol), vif protein (vif), vpr protein (vpr), tat protein (tat), rev protein (rev), vpu protein (vpu), envelope glycoprotein (env), and nef protein (nef) genes, complete cds
KU749388.1	0	HIV-1 isolate DE07010BR033 from Brazil, partial genome
DQ358811.1	0	HIV-1 isolate 02BR033 from Brazil, complete genome
KJ849759.1	0	HIV-1 isolate 10BR_PE008 from Brazil gag protein (gag), pol protein (pol), vif protein (vif), vpr protein (vpr), tat protein (tat), rev protein (rev), vpu protein (vpu), envelope glycoprotein (env), and nef protein (nef) genes, complete cds
KJ849761.1	0	HIV-1 isolate 10BR_PE016 from Brazil gag protein (gag), pol protein (pol), vif protein (vif), vpr protein (vpr), tat protein (tat), rev protein (rev), vpu protein (vpu), envelope glycoprotein (env), and nef protein (nef) genes, complete cds
KJ849771.1	0	HIV-1 isolate 10BR_PE071 from Brazil gag protein (gag), pol protein (pol), vif protein (vif), vpr protein (vpr), tat protein (tat), rev protein (rev), vpu protein (vpu), envelope glycoprotein (env), and nef protein (nef) genes, complete cds
KJ849773.1	0	HIV-1 isolate 10BR_PE084 from Brazil gag protein (gag), pol protein (pol), vif protein (vif), vpr protein (vpr), tat protein (tat), rev protein (rev), vpu protein (vpu), and envelope glycoprotein (env) genes, complete cds; and nef protein (nef) gene, partial cds
KJ849776.1	0	HIV-1 isolate 10BR_PE088 from Brazil gag protein (gag), pol protein (pol), vif protein (vif), vpr protein (vpr), tat protein (tat), rev protein (rev), vpu protein (vpu), and envelope glycoprotein (env) genes, complete cds; and nef protein (nef) gene, partial cds
KJ849778.1	0	HIV-1 isolate 10BR_PE092 from Brazil gag protein (gag), pol protein (pol), vif protein (vif), vpr protein (vpr), tat protein (tat), rev protein (rev), vpu protein (vpu), envelope glycoprotein (env), and nef protein (nef) genes, complete cds
KT427816.1	0	UNVERIFIED: HIV-1 isolate 10BR_SP026 from Brazil genomic sequence
EF637052.1	0	HIV-1 isolate BREPM1029 from Brazil, complete genome
KJ671534.1	0	HIV-1 isolate 10BR_MG002 from Brazil, partial genome
KJ671535.1	0	HIV-1 isolate 10BR_MG004 from Brazil, partial genome
AY882421.1	0	HIV-1 isolate 9196/01 from Germany, complete genome
KM248765.1	0	HIV-1 isolate X3208 from Spain gag protein (gag) gene, complete cds; pol protein (pol) gene, partial cds; and vif protein (vif), vpr protein (vpr), tat protein (tat), rev protein (rev), vpu protein (vpu), envelope glycoprotein (env), and nef protein (nef) genes, complete cds
KR019770.1	0	HIV-1 isolate 10MYKJ052 from Malaysia, partial genome
KR019771.1	0	HIV-1 isolate 10MYPR268 from Malaysia, partial genome
KR019772.1	0	HIV-1 isolate 11MYPR416 from Malaysia, partial genome
MK341078.1	0	HIV-1 isolate P4837 from Spain, partial genome
GU595149.1	0	HIV-1 isolate 53143 from Italy, complete genome
MN187303.1	0	HIV-1 isolate N628 from Japan, complete genome
MN187302.1	0	HIV-1 isolate D9547 from Japan, complete genome
KX673818.1	0	HIV-1 isolate 13MYNBB108 from Malaysia, partial genome
KX673820.1	0	HIV-1 isolate 14MYNBB090 from Malaysia, partial genome
KY216146.1	0	HIV-1 isolate SX15DT013 from China, partial genome
KY216147.1	0	HIV-1 isolate SX15JC06 from China, partial genome
MH843712.1	0	HIV-1 isolate YA285 from China, partial genome
MH986016.1	0	HIV-1 isolate BRGO3001 from Brazil, partial genome
MH986017.1	0	HIV-1 isolate BRMT2526 from Brazil, partial genome
MK258684.1	0	HIV-1 isolate 12YNHH21II from China, partial genome
KU992936.1	0	HIV-1 strain 14CN.SCYB12 from China, complete genome
KU992937.1	0	HIV-1 strain 14CN.SCYB18 from China, complete genome
KU992928.1	0	HIV-1 strain 14CN.SCYB1 from China, complete genome
KU992930.1	0	HIV-1 strain 14CN.SCYB20 from China, complete genome
KU992929.1	0	HIV-1 strain 14CN.SCYB2 from China, complete genome
KU992931.1	0	HIV-1 strain 14CN.SCYB3 from China, complete genome
KU992932.1	0	HIV-1 strain 14CN.SCYB4 from China, complete genome
KU992934.1	0	HIV-1 strain 14CN.SCYB7 from China, complete genome
MK258683.1	0	HIV-1 isolate 14YNBS57II from China, partial genome
KF250408.1	0	HIV-1 isolate DH32 from China gag protein (gag) gene, complete cds; pol protein (pol) gene, partial cds; and vif protein (vif), vpr protein (vpr), tat protein (tat), rev protein (rev), vpu protein (vpu), envelope glycoprotein (env), and nef protein (nef) genes, complete cds
KF250402.1	0	HIV-1 isolate DH19 from China gag protein (gag) gene, complete cds; pol protein (pol) gene, partial cds; and vif protein (vif), vpr protein (vpr), tat protein (tat), rev protein (rev), vpu protein (vpu), envelope glycoprotein (env), and nef protein (nef) genes, complete cds
KX818199.1	0	HIV-1 isolate P2633 from Spain, partial genome
KX818200.1	0	HIV-1 isolate P3177 from Spain, partial genome
MW344920.1	0	HIV-1 isolate P4464 from Spain, partial genome
MW802822.1	0	HIV-1 isolate M1079 from Spain, complete genome
MW802825.1	0	HIV-1 isolate Z0275 from Spain, complete genome
MW802823.1	0	HIV-1 isolate MS0360 from Spain, complete genome
MW802824.1	0	HIV-1 isolate TO0275 from Spain, complete genome
MH078556.1	0	HIV-1 isolate DEURF13PE006 from Peru, partial genome
KY628216.1	0	HIV-1 isolate BRGO3047 from Brazil gag protein (gag) gene, complete cds; pol protein (pol) gene, partial cds; and vif protein (vif), vpr protein (vpr), tat protein (tat), rev protein (rev), vpu protein (vpu), envelope glycoprotein (env), and nef protein (nef) genes, complete cds
KY628218.1	0	HIV-1 isolate BRGO3145 from Brazil gag protein (gag) gene, complete cds; pol protein (pol) gene, partial cds; and vif protein (vif), vpr protein (vpr), tat protein (tat), rev protein (rev), vpu protein (vpu), envelope glycoprotein (env), and nef protein (nef) genes, complete cds
KY628225.1	0	HIV-1 isolate BRTO10_66 from Brazil gag protein (gag) gene, complete cds; pol protein (pol) gene, partial cds; and vif protein (vif), vpr protein (vpr), tat protein (tat), rev protein (rev), vpu protein (vpu), envelope glycoprotein (env), and nef protein (nef) genes, complete cds
KY628219.1	0	HIV-1 isolate BRG04141 from Brazil gag protein (gag) gene, complete cds; pol protein (pol) gene, partial cds; and vif protein (vif), vpr protein (vpr), tat protein (tat), rev protein (rev), vpu protein (vpu), envelope glycoprotein (env), and nef protein (nef) genes, complete cds
KY628223.1	0	HIV-1 isolate BRGOAP801 from Brazil gag protein (gag) gene, complete cds; pol protein (pol) gene, partial cds; and vif protein (vif), vpr protein (vpr), tat protein (tat), rev protein (rev), vpu protein (vpu), envelope glycoprotein (env), and nef protein (nef) genes, complete cds
KY628221.1	0	HIV-1 isolate BRGO6043 from Brazil gag protein (gag) gene, complete cds; pol protein (pol) gene, partial cds; vif protein (vif), vpr protein (vpr), tat protein (tat), rev protein (rev), and vpu protein (vpu) genes, complete cds; envelope glycoprotein-like (env) gene, complete sequence; and nef protein (nef) gene, complete cds
KY392767.1	0	HIV-1 isolate CG-0151-02V from Democratic Republic of the Congo, complete genome
MF372647.1	0	HIV-1 isolate DRC699 from Democratic Republic of the Congo, partial genome
MF372644.1	0	HIV-1 isolate DRC768 from Democratic Republic of the Congo, partial genome
MF372645.1	0	HIV-1 isolate DRC796 from Democratic Republic of the Congo, partial genome
MF372648.1	0	HIV-1 isolate DRC819 from Democratic Republic of the Congo, partial genome
MF372650.1	0	HIV-1 isolate VIR90 from Democratic Republic of the Congo, partial genome
KU168263.1	0	HIV-1 isolate LA08SySa, complete genome
MF372646.1	0	HIV-1 isolate DRC367 from Democratic Republic of the Congo, partial genome
MF372651.1	0	HIV-1 isolate DRC653 from Democratic Republic of the Congo, partial genome
MF372649.1	0	HIV-1 isolate DRC817 from Democratic Republic of the Congo, partial genome
MH141493.1	0	HIV-1 isolate 24FR0113_MW71FOBV from France, complete genome
MH141491.1	0	HIV-1 isolate 05FR0916_MW95FOBV from France, complete genome
KF850149.1	0	HIV-1 isolate JL.RF01 from China, partial genome
MG760399.1	0	HIV-1 isolate VI29M2888 from Laos, complete genome
MG760379.1	0	HIV-1 isolate BL50F5250 from Laos, complete genome
MG760386.1	0	HIV-1 isolate VI20F5274 from Laos, complete genome
MH479275.1	0	HIV-1 isolate A-Bordeaux from France, partial genome
MH986014.1	0	HIV-1 isolate BRGO4028 from Brazil, complete genome
MH986013.1	0	HIV-1 isolate BRGO4056 from Brazil, complete genome
MH909568.1	0	HIV-1 isolate YNLC27 from China, partial genome
MH909569.1	0	HIV-1 isolate YNLC28 from China, partial genome
MH909570.1	0	HIV-1 isolate YNLC30 from China, partial genome
KF835546.1	0	HIV-1 isolate 07CNYN370 from China gag protein (gag) gene, complete cds; pol protein (pol) gene, partial cds; and vif protein (vif), vpr protein (vpr), tat protein (tat), rev protein (rev), vpu protein (vpu), envelope glycoprotein (env), and nef protein (nef) genes, complete cds
MK158946.1	0	HIV-1 isolate YNKM250 from China, partial genome
MK158945.1	0	HIV-1 isolate YNZT036 from China, partial genome
MN178644.1	0	HIV-1 isolate FY058 from China, complete genome
MN178645.1	0	HIV-1 isolate FY336 from China, complete genome
MH388438.1	0	HIV-1 isolate HE150308 from China, complete genome
OP157185.1	0	HIV-1 isolate BL3022-00 from China, complete genome
OP157186.1	0	HIV-1 isolate BL3023-00 from China, complete genome
OP157189.1	0	HIV-1 isolate BL3150-00 from China, complete genome
OP157187.1	0	HIV-1 isolate BL4748-00 from China, complete genome
MH396608.1	0	HIV-1 isolate M62 from China, partial genome
KX353919.1	0	HIV-1 isolate XC2014EU01 from China, partial genome
MT277002.1	0	HIV-1 isolate YN15234 from China, complete genome
MT276997.1	0	HIV-1 isolate 17YNS370 from China, complete genome
MT276999.1	0	HIV-1 isolate LC18S083 from China, complete genome
MN172222.1	0	HIV-1 isolate P4439 from Spain, complete genome
MT559132.1	0	HIV-1 isolate P4697 from Spain, partial genome
MN172225.1	0	HIV-1 isolate Z0230 from Spain, complete genome
MN172223.1	0	HIV-1 isolate P4977 from Spain, complete genome
MN172224.1	0	HIV-1 isolate P5007 from Spain, complete genome
KF835524.1	0	HIV-1 isolate 07CNYN338 from China gag protein (gag) gene, complete cds; pol protein (pol) gene, partial cds; and vif protein (vif), vpr protein (vpr), tat protein (tat), rev protein (rev), vpu protein (vpu), envelope glycoprotein (env), and nef protein (nef) genes, complete cds
MT624751.1	0	HIV-1 isolate 16YN29 from China gag protein (gag) gene, complete cds; pol protein (pol) gene, partial cds; and vif protein (vif), vpr protein (vpr), tat protein (tat), rev protein (rev), vpu protein (vpu), envelope glycoprotein (env), and nef protein (nef) genes, complete cds
MT624752.1	0	HIV-1 isolate 16YN604 from China gag protein (gag) gene, complete cds; pol protein (pol) gene, partial cds; and vif protein (vif), vpr protein (vpr), tat protein (tat), rev protein (rev), vpu protein (vpu), envelope glycoprotein (env), and nef protein (nef) genes, complete cds
MT624754.1	0	HIV-1 isolate 16YN652 from China gag protein (gag) gene, complete cds; pol protein (pol) gene, partial cds; and vif protein (vif), vpr protein (vpr), tat protein (tat), rev protein (rev), vpu protein (vpu), envelope glycoprotein (env), and nef protein (nef) genes, complete cds
MT624755.1	0	HIV-1 isolate 16YN732 from China gag protein (gag) gene, complete cds; pol protein (pol) gene, partial cds; and vif protein (vif), vpr protein (vpr), tat protein (tat), rev protein (rev), vpu protein (vpu), envelope glycoprotein (env), and nef protein (nef) genes, complete cds
MZ327297.1	0	HIV-1 isolate YN16H12 from China, complete genome
MZ327298.1	0	HIV-1 isolate YN16H18 from China, complete genome
MZ327300.1	0	HIV-1 isolate YN19C41 from China, complete genome
MW018130.1	0	HIV-1 isolate 18110456 from China, complete genome
MW018132.1	0	HIV-1 isolate BL3128-00 from China, complete genome
MW018135.1	0	HIV-1 isolate BL3957-00 from China, complete genome
KJ778895.1	0	HIV-1 isolate kang019a-NFL from China gag protein (gag) gene, complete cds; pol protein (pol) gene, partial cds; and vif protein (vif), vpr protein (vpr), tat protein (tat), rev protein (rev), vpu protein (vpu), envelope glycoprotein (env), and nef protein (nef) genes, complete cds
MK397789.1	0	HIV-1 isolate 17ZJ075 from China, complete genome
KF250409.1	0	HIV-1 isolate DH33 from China gag protein (gag) gene, complete cds; pol protein (pol) gene, partial cds; and vif protein (vif), vpr protein (vpr), tat protein (tat), rev protein (rev), vpu protein (vpu), envelope glycoprotein (env), and nef protein (nef) genes, complete cds
KJ184180.1	0	HIV-1 isolate JL.RF09 from China gag protein (gag) gene, complete cds; pol protein (pol) gene, partial cds; and vif protein (vif), vpr protein (vpr), tat protein (tat), rev protein (rev), vpu protein (vpu), envelope glycoprotein (env), and nef protein (nef) genes, complete cds
JX140660.1	0	HIV-1 isolate DEMBF09ES003 from Spain nonfunctional gag protein (gag) gene, complete sequence; pol protein (pol) gene, partial cds; vif protein (vif), vpr protein (vpr), tat protein (tat), rev protein (rev), vpu protein (vpu), and envelope glycoprotein (env) genes, complete cds; and nonfunctional nef protein (nef) gene, complete sequence
OL982312.1	0	HIV-1 isolate GA099170 from Spain, complete genome
OL982321.1	0	HIV-1 isolate GA874035 from Spain, complete genome
OL982314.1	0	HIV-1 isolate GA486085 from Spain, complete genome
OM025084.1	0	HIV-1 isolate HB010047 from China, complete genome
ON962802.1	0	HIV-1 isolate ANG.37 from Angola, complete genome
ON962803.1	0	HIV-1 isolate ANG.44 from Angola, complete genome
ON456389.1	0	HIV-1 isolate ZLQ00461 from China, complete genome
ON456387.1	0	HIV-1 isolate 210012 from China, complete genome
ON456388.1	0	HIV-1 isolate 210291 from China, complete genome
ON901787.1	0	HIV-1 isolate 60FR0321_MW95FOBV from France, complete genome
OP056076.1	0	HIV-1 isolate KRS132-1 from Russia, complete genome
OP056069.1	0	HIV-1 isolate KRS12-1 from Russia, complete genome
OP056078.1	0	HIV-1 isolate KRS263-1 from Russia, complete genome
OP056079.1	0	HIV-1 isolate KRS349 from Russia, complete genome
OP716032.1	0	HIV-1 isolate GD5511 from China, complete genome
OP716036.1	0	HIV-1 isolate GD5519 from China, complete genome
OP716038.1	0	HIV-1 isolate GD5526 from China, complete genome
OP716039.1	0	HIV-1 isolate GD5527 from China, complete genome
OP716040.1	0	HIV-1 isolate GD5530 from China, complete genome
MT417770.1	0	HIV-1 strain EH from Belgium, partial genome
KP718932.1	0	HIV-1 isolate CHU3903 from Cameroon, complete genome
MW728361.1	0	HIV-1 isolate HB010063 from China, complete genome
MN485983.1	0	HIV-1 isolate AM from Belgium, complete genome
MT417750.1	0	HIV-1 strain DN from Belgium, partial genome
GQ365652.1	0	HIV-1 isolate 01.BR.RGS69 from Brazil, complete genome
KT427790.1	0	UNVERIFIED: HIV-1 isolate 10BR_RJ009 from Brazil genomic sequence
KT427778.1	0	UNVERIFIED: HIV-1 isolate 10BR_RJ039 from Brazil genomic sequence
OP056075.1	0	HIV-1 isolate KRS131-1 from Russia, complete genome
MW110767.1	0	HIV-1 isolate BL1947-00 from China, complete genome
MN116201.1	0	HIV-1 isolate A1152 from Cameroon, complete genome
MN116200.1	0	HIV-1 isolate A1188 from Cameroon gag protein (gag) gene, complete cds; pol protein (pol) gene, partial cds; vif protein (vif), vpr protein (vpr), tat protein (tat), rev protein (rev), vpu protein (vpu), and envelope glycoprotein (env) genes, complete cds; and mutant nef protein (nef) gene, partial cds
MN116210.1	0	HIV-1 isolate 260-27 from Cameroon, complete genome
KP718921.1	0	HIV-1 isolate 567-16 from Cameroon, complete genome
KP718922.1	0	HIV-1 isolate 663-13 from Cameroon, complete genome
MN116211.1	0	HIV-1 isolate 890-05 from Cameroon, complete genome
MT349416.1	0	HIV-1 isolate 11CMMDC211 from Cameroon, partial genome
KC990127.1	0	HIV-1 isolate JL070032 from China gag protein (gag) gene, complete cds; pol protein (pol) gene, partial cds; vif protein (vif) and vpr protein (vpr) genes, complete cds; nonfunctional tat protein (tat) gene, complete sequence; and rev protein (rev), vpu protein (vpu), envelope glycoprotein (env), and nef protein (nef) genes, complete cds
KC833436.1	0	HIV-1 isolate MSM0720 from China gag protein (gag) gene, complete cds; pol protein (pol) gene, partial cds; vif protein (vif), vpr protein (vpr), and tat protein (tat) genes, complete cds; nonfunctional rev protein (rev) gene, complete sequence; and vpu protein (vpu), envelope glycoprotein (env), and nef protein (nef) genes, complete cds
KJ184176.1	0	HIV-1 isolate JL.RF03 from China gag protein (gag) gene, complete cds; pol protein (pol) gene, partial cds; and vif protein (vif), vpr protein (vpr), tat protein (tat), rev protein (rev), vpu protein (vpu), envelope glycoprotein (env), and nef protein (nef) genes, complete cds
KJ778897.1	0	HIV-1 isolate kang124-NFL from China gag protein (gag) gene, complete cds; pol protein (pol) gene, partial cds; and vif protein (vif), vpr protein (vpr), tat protein (tat), rev protein (rev), vpu protein (vpu), envelope glycoprotein (env), and nef protein (nef) genes, complete cds
KM974719.1	0	HIV-1 isolate BJMP3002 from China gag protein (gag) gene, complete cds; pol protein (pol) gene, partial cds; and vif protein (vif), vpr protein (vpr), tat protein (tat), rev protein (rev), vpu protein (vpu), envelope glycoprotein (env), and nef protein (nef) genes, complete cds
KM974720.1	0	HIV-1 isolate BJMP3026 from China gag protein (gag) gene, complete cds; pol gene, partial sequence; and vif protein (vif), vpr protein (vpr), tat protein (tat), rev protein (rev), vpu protein (vpu), envelope glycoprotein (env), and nef protein (nef) genes, complete cds
MN507120.1	0	HIV-1 isolate GD172001 from China, complete genome
MH029899.1	0	HIV-1 isolate BJ2015EU16 from China, complete genome
KT592380.1	0	HIV-1 isolate XC2014EU09 from China gag protein (gag) gene, complete cds; pol protein (pol) gene, partial cds; and vif protein (vif), vpr protein (vpr), tat protein (tat), rev protein (rev), vpu protein (vpu), envelope glycoprotein (env), and nef protein (nef) genes, complete cds
KY950610.1	0	HIV-1 isolate BJ2015EU19 from China, partial genome
MN055644.1	0	HIV-1 isolate GX2015QZLS204, complete genome
KY019257.1	0	HIV-1 isolate HB041501 from China, partial genome
MF373389.1	0	HIV-1 isolate SN121 from China, partial genome
MF084205.1	0	HIV-1 isolate YA1996-00-NFLG from China, partial genome
MN452901.1	0	HIV-1 isolate 2016GXNNIDU37 from China, complete genome
MH684584.1	0	HIV-1 isolate 305 from China, complete genome
MF073269.1	0	HIV-1 isolate GX2016EU09 from China, partial genome
MH377336.1	0	HIV-1 isolate GX2016EU10 from China, complete genome
MH682099.1	0	HIV-1 isolate TJIH0069 from China, complete genome
MH220193.1	0	HIV-1 isolate TJ20170316 from China, complete genome
MH801989.1	0	HIV-1 isolate TJIH0345 from China, complete genome
MK474158.1	0	HIV-1 isolate 4 from China, complete genome
MN829458.1	0	HIV-1 isolate FY184 from China, complete genome
MN336526.1	0	HIV-1 isolate MSM20182722 from China, complete genome
MN336528.1	0	HIV-1 isolate MSM20182980 from China, complete genome
MN336529.1	0	HIV-1 isolate MSM20183149 from China, complete genome
MK650464.1	0	HIV-1 isolate THIH0172 from China, complete genome
MN643057.1	0	HIV-1 isolate 2019QZLSIDU253 from China, complete genome
OP716544.1	0	HIV-1 isolate BL5040-00 from China, complete genome
OP716545.1	0	HIV-1 isolate BL5085-00 from China, complete genome
MW728363.1	0	HIV-1 isolate HB030021 from China, complete genome
KT372798.1	0	HIV-1 isolate TN_H8 from Taiwan, complete genome
KF541292.1	0	HIV-1 isolate GXDY_1299_NLFG from China, partial genome
AB097872.1	0	Human immunodeficiency virus 1 proviral DNA, complete genome, isolate:mCSW105
KF716464.1	0	HIV-1 isolate DEURF06CM001 from Cameroon gag protein (gag) gene, complete cds; pol protein (pol) gene, partial cds; vif protein (vif), vpr protein (vpr), tat protein (tat), and rev protein (rev) genes, complete cds; nonfunctional vpu protein (vpu) gene, complete sequence; and envelope glycoprotein (env) and nef protein (nef) genes, complete cds
MN989926.1	0	HIV-1 isolate C from Belgium, complete genome
MN486025.1	0	HIV-1 isolate CC from Belgium, complete genome
KF859773.1	0	HIV-1 isolate JL.RF07 from China gag protein (gag) gene, complete cds; pol protein (pol) gene, partial cds; and vif protein (vif), vpr protein (vpr), tat protein (tat), rev protein (rev), vpu protein (vpu), envelope glycoprotein (env), and nef protein (nef) genes, complete cds
KP418805.1	0	HIV-1 isolate BJMP3037B from China gag protein (gag) gene, complete cds; pol protein (pol) gene, partial cds; and vif protein (vif), vpr protein (vpr), tat protein (tat), rev protein (rev), vpu protein (vpu), envelope glycoprotein (env), and nef protein (nef) genes, complete cds
MH431788.1	0	HIV-1 isolate AH150299 from China, complete genome
MK850457.1	0	HIV-1 isolate 18GXD4705 from China, complete genome
MN067522.1	0	HIV-1 isolate 2018GXQZLSHET001 from China, complete genome
MN124512.1	0	HIV-1 isolate TJIH0214 from China, complete genome
OK662987.1	0	HIV-1 isolate 027A from China, complete genome
OK392124.1	0	HIV-1 isolate hcz0017 from China, complete genome
OK392125.1	0	HIV-1 isolate hcz0045 from China, complete genome
OP169133.1	0	HIV-1 isolate 233 from China, complete genome
OP169134.1	0	HIV-1 isolate 953 from China, complete genome
AB859012.1	0	Human immunodeficiency virus 1 proviral DNA, nearly complete genome, isolate: 03JP-5091K279
MN187301.1	0	HIV-1 isolate D9451 from Japan, complete genome
AB646691.1	0	Human immunodeficiency virus 1 proviral DNA, complete genome, clone: pHIV-1 Y271B01AE64
AB097865.1	0	Human immunodeficiency virus 1 mIDU502 proviral DNA, nearly complete genome
AB097867.1	0	Human immunodeficiency virus 1 proviral DNA, nearly complete genome, isolate:mCSW104
DQ366665.1	0	HIV-1 isolate 04MYKL019.1 from Malaysia, complete genome
DQ366666.1	0	HIV-1 isolate 05MYKL043.1 from Malaysia, complete genome
EF495062.1	0	HIV-1 isolate 06MMYKLD46 from Malaysia, complete sequence
EU031914.1	0	HIV-1 isolate 07MYKLD48 from Malaysia, complete genome
KT438782.1	0	HIV-1 isolate 08MYKL056 from Malaysia, partial genome
KJ206289.1	0	Human immunodeficiency virus isolate 10MYPR226, partial genome
MH327744.1	0	HIV-1 isolate 1001 from Philippines, complete genome
KY658691.1	0	HIV-1 isolate DEURF15PH005 from Philippines, partial genome
MH327751.1	0	HIV-1 isolate 1009 from Philippines, complete genome
MH327765.1	0	HIV-1 isolate 1030 from Philippines, complete genome
MH078564.1	0	HIV-1 isolate DEURF16PH011 from Philippines, partial genome
JN631793.1	0	HIV-1 isolate 05TH140456 from Thailand, partial genome
JX447830.1	0	HIV-1 isolate AA095a_WG21 from Thailand gag protein (gag) gene, complete cds; pol protein (pol) gene, partial cds; and vif protein (vif), vpr protein (vpr), vpu protein (vpu), envelope glycoprotein (env), and nef protein (nef) genes, complete cds
JX446927.1	0	HIV-1 isolate AA020a_wg2 from Thailand gag protein (gag) gene, complete cds; pol protein (pol) gene, partial cds; and vif protein (vif), vpr protein (vpr), vpu protein (vpu), envelope glycoprotein (env), and nef protein (nef) genes, complete cds
JX447000.1	0	HIV-1 isolate AA025a_WG13 from Thailand gag protein (gag) gene, complete cds; pol protein (pol) gene, partial cds; and vif protein (vif), vpr protein (vpr), vpu protein (vpu), envelope glycoprotein (env), and nef protein (nef) genes, complete cds
JX447668.1	0	HIV-1 isolate AA084a_WG10 from Thailand gag protein (gag) gene, complete cds; pol protein (pol) gene, partial cds; and vif protein (vif), vpr protein (vpr), vpu protein (vpu), envelope glycoprotein (env), and nef protein (nef) genes, complete cds
AY167123.1	0	HIV-1 isolate CM237 from Thailand, complete genome
ON500847.1	0	HIV-1 strain F2_PID#26_W0_NS_2A8_3939_1_R383 from Thailand genomic sequence
MT635159.1	0	HIV-1 isolate VN_287 from Viet Nam, complete genome
KF835517.1	0	HIV-1 isolate 07CNYN330 from China gag protein (gag) gene, complete cds; pol protein (pol) gene, partial cds; and vif protein (vif), vpr protein (vpr), tat protein (tat), rev protein (rev), vpu protein (vpu), envelope glycoprotein (env), and nef protein (nef) genes, complete cds
KF835520.1	0	HIV-1 isolate 07CNYN334 from China gag protein (gag) gene, complete cds; pol protein (pol) gene, partial cds; and vif protein (vif), vpr protein (vpr), tat protein (tat), rev protein (rev), vpu protein (vpu), envelope glycoprotein (env), and nef protein (nef) genes, complete cds
KF835537.1	0	HIV-1 isolate 07CNYN358 from China gag protein (gag) gene, complete cds; pol protein (pol) gene, partial cds; and vif protein (vif), vpr protein (vpr), tat protein (tat), rev protein (rev), vpu protein (vpu), envelope glycoprotein (env), and nef protein (nef) genes, complete cds
KF250395.1	0	HIV-1 isolate DH02 from China gag protein (gag) gene, complete cds; pol protein (pol) gene, partial cds; and vif protein (vif), vpr protein (vpr), tat protein (tat), rev protein (rev), vpu protein (vpu), envelope glycoprotein (env), and nef protein (nef) genes, complete cds
KF250398.1	0	HIV-1 isolate DH07 from China gag protein (gag) gene, complete cds; pol protein (pol) gene, partial cds; vif protein (vif), vpr protein (vpr), tat protein (tat), rev protein (rev), vpu protein (vpu), and envelope glycoprotein (env) genes, complete cds; and nonfunctional nef protein (nef) gene, complete sequence
KJ184177.1	0	HIV-1 isolate JL.RF05 from China gag protein (gag) gene, complete cds; pol protein (pol) gene, partial cds; and vif protein (vif), vpr protein (vpr), tat protein (tat), rev protein (rev), vpu protein (vpu), envelope glycoprotein (env), and nef protein (nef) genes, complete cds
KC183774.1	0	HIV-1 isolate 2011.ANHUI.BB17 from China gag protein (gag) gene, complete cds; nonfunctional pol protein (pol) gene, partial sequence; and vif protein (vif), vpr protein (vpr), tat protein (tat), rev protein (rev), vpu protein (vpu), envelope glycoprotein (env), and nef protein (nef) genes, complete cds
KC183781.1	0	HIV-1 isolate 2011.ANHUI.WH69 from China gag protein (gag) gene, complete cds; pol protein (pol) gene, partial cds; and vif protein (vif), vpr protein (vpr), tat protein (tat), rev protein (rev), vpu protein (vpu), envelope glycoprotein (env), and nef protein (nef) genes, complete cds
KF250407.1	0	HIV-1 isolate DH28 from China gag protein (gag) gene, complete cds; nonfunctional pol protein (pol) gene, partial sequence; vif protein (vif), vpr protein (vpr), tat protein (tat), rev protein (rev), vpu protein (vpu), and envelope glycoprotein (env) genes, complete cds; and nonfunctional nef protein (nef) gene, complete sequence
KP170487.1	0	HIV-1 isolate S15-5h4-3h2-FL from China, complete genome
KP668994.1	0	HIV-1 isolate BJ.2014.MSM.SP01 from China gag protein (gag) gene, complete cds; pol protein (pol) gene, partial cds; vif protein (vif), vpr protein (vpr), tat protein (tat), rev protein (rev), and vpu protein (vpu) genes, complete cds; nonfunctional env protein (env) gene, complete sequence; and nef protein (nef) gene, complete cds
KY200513.1	0	HIV-1 isolate AH150183 from China, partial genome
KY200514.1	0	HIV-1 isolate JS150021 from China, partial genome
KY200515.1	0	HIV-1 isolate JS150029 from China, partial genome
KX010453.1	0	HIV-1 strain ZJCIQ15005 from China, partial genome
KX159285.1	0	HIV-1 isolate zj032 from China, complete genome
MG519330.1	0	HIV-1 isolate GX2016EU13 from China, partial genome
MG064457.1	0	HIV-1 isolate GX2016EU23 from China, partial genome
MN044632.1	0	HIV-1 isolate NNIDU16 from China, complete genome
MW110769.1	0	HIV-1 isolate BL3104-00 from China, complete genome
MZ159978.1	0	HIV-1 isolate FY340 from China, complete genome
MN336527.1	0	HIV-1 isolate MSM20182747 from China, complete genome
MN336531.1	0	HIV-1 isolate MSM20183940 from China, complete genome
MW110770.1	0	HIV-1 isolate BL4307-00 from China, complete genome
AB097866.1	0	Human immunodeficiency virus 1 mCSW503 proviral DNA, nearly complete genome
AB097868.1	0	Human immunodeficiency virus 1 proviral DNA, complete genome, isolate:mIDU107
MH327758.1	0	HIV-1 isolate 1023 from Philippines, complete genome
KF250401.1	0	HIV-1 isolate DH18 from China gag protein (gag) gene, complete cds; pol protein (pol) gene, partial cds; and vif protein (vif), vpr protein (vpr), tat protein (tat), rev protein (rev), vpu protein (vpu), envelope glycoprotein (env), and nef protein (nef) genes, complete cds
KY200516.1	0	HIV-1 isolate JS150129 from China, partial genome
KY200517.1	0	HIV-1 isolate JS150132 from China, partial genome
MK371104.1	0	HIV-1 strain GZ18021 from China, complete genome
KT175204.1	0	HIV-1 isolate NARI-FLS_VB5 from India gag protein (gag) gene, complete cds; pol protein (pol) gene, partial cds; and vif protein (vif), vpr protein (vpr), tat protein (tat), rev protein (rev), vpu protein (vpu), envelope glycoprotein (env), and nef protein (nef) genes, complete cds
MN116205.1	0	HIV-1 isolate CG-0422-02V from Democratic Republic of the Congo, complete genome
MN116203.1	0	HIV-1 isolate CG-0070-01 from Democratic Republic of the Congo, complete genome
MN116206.1	0	HIV-1 isolate CG-0427a-02V from Democratic Republic of the Congo, complete genome
MN153476.1	0	HIV-1 isolate 17CMMDC6542 from Cameroon, complete genome
JN864056.1	0	HIV-1 isolate LT31 from Cameroon, partial genome
MN486045.1	0	HIV-1 isolate CW from Belgium, complete genome
KU168268.1	0	HIV-1 isolate LA13BF17 from Burkina Faso, complete genome
KU168301.1	0	HIV-1 isolate LA58Benin from Benin, complete genome
AB286853.1	0	Human immunodeficiency virus 1 proviral DNA, complete genome, clone: p0303GH195AG/06_44
AJ508597.1	0	Human immunodeficiency virus type 1 complete proviral genome, isolate 00NE36
AJ508596.1	0	Human immunodeficiency virus type 1 complete proviral genome, isolate 00NE95
AJ508595.1	0	Human immunodeficiency virus type 1 complete proviral genome, isolate 97NE03
KU168299.1	0	HIV-1 isolate LA56Senegl from Senegal, complete genome
AJ866554.1	0	Human immunodeficiency virus 1 complete genome, isolate 01IC-17395
AJ866556.1	0	Human immunodeficiency virus 1 complete genome, isolate 01IC-PCI118
AJ866558.1	0	Human immunodeficiency virus 1 complete genome, isolate 01IC-PCI127
MH078537.1	0	HIV-1 isolate DEURF16CI004 from Cote d&apos;Ivoire, partial genome
AJ866555.1	0	Human immunodeficiency virus 1 complete genome, isolate 97IC-PCI3
MN153497.1	0	HIV-1 isolate 10CMLB008 from Cameroon, complete genome
JN864052.1	0	HIV-1 isolate BDSH129 from Cameroon, partial genome
JN864053.1	0	HIV-1 isolate LB045 from Cameroon, partial genome
MZ427725.1	0	HIV-1 isolate RU_ERS_779_2015 from Russia, complete genome
MZ427712.1	0	HIV-1 isolate RU_ERS_2277_2018 from Russia, complete genome
MZ427730.1	0	HIV-1 isolate RU_ERS_3678_2019 from Russia, complete genome
MH078538.1	0	HIV-1 isolate DEURF16CI011 from Cote d&apos;Ivoire, partial genome
KF716465.1	0	HIV-1 isolate DEURF08CM005 from Cameroon gag protein (gag) gene, complete cds; pol protein (pol) gene, partial cds; and vif protein (vif), vpr protein (vpr), tat protein (tat), rev protein (rev), vpu protein (vpu), envelope glycoprotein (env), and nef protein (nef) genes, complete cds
FJ670515.1	0	HIV-1 strain ES X230-10 from Spain, complete genome
KT276265.1	0	HIV-1 isolate ARP1205 from Spain gag protein (gag) gene, complete cds; pol protein (pol) gene, partial cds; and vif protein (vif), vpr protein (vpr), tat protein (tat), rev protein (rev), vpu protein (vpu), envelope glycoprotein (env), and nef protein (nef) genes, complete cds
KU685587.1	0	HIV-1 isolate EUR-0048 from Spain gag protein (gag) gene, complete cds; pol protein (pol) gene, partial cds; and vif protein (vif), vpr protein (vpr), tat protein (tat), rev protein (rev), vpu protein (vpu), envelope glycoprotein (env), and nef protein (nef) genes, complete cds
MH078547.1	0	HIV-1 isolate DEURF14GW011 from Guinea-Bissau, partial genome
MH078548.1	0	HIV-1 isolate DEURF14GW012 from Guinea-Bissau, partial genome
MH078549.1	0	HIV-1 isolate DEURF14GW016 from Guinea-Bissau, partial genome
MH078550.1	0	HIV-1 isolate DEURF14GW019 from Guinea-Bissau, partial genome
MN736705.1	0	HIV-1 isolate Sample54_SI503 from Slovenia gag protein (gag) gene, complete cds; pol protein (pol) gene, partial cds; vif protein (vif), vpr protein (vpr), tat protein (tat), rev protein (rev), and vpu protein (vpu) genes, complete cds; nonfunctional envelope glycoprotein (env) gene, complete sequence; and nef protein (nef) gene, complete cds
MN153496.1	0	HIV-1 isolate 06CMARC055 from Cameroon, complete genome
MN153493.1	0	HIV-1 isolate 06CMARC09 from Cameroon, complete genome
MN153490.1	0	HIV-1 isolate 08CMNYU997 from Cameroon, complete genome
KU168307.1	0	HIV-1 isolate CM1031-19 from Cameroon, complete genome
KM606636.1	0	HIV-1 isolate A48 from Estonia gag protein (gag) gene, complete cds; pol protein (pol) gene, partial cds; and vif protein (vif), vpr protein (vpr), tat protein (tat), rev protein (rev), vpu protein (vpu), envelope glycoprotein (env), and nef protein (nef) genes, complete cds
ON421515.1	0	HIV-1 isolate X-13D from France, complete genome
AB052867.1	0	Human immunodeficiency virus 1 genomic RNA, complete genome, Ghana intersubtype A/G recombinant
KU749413.1	0	HIV-1 isolate DEURF14PK006 from Pakistan, partial genome
KX232596.1	0	HIV-1 isolate PK003 from Pakistan, complete genome
KX232601.1	0	HIV-1 isolate PK008 from Pakistan, complete genome
KX232605.1	0	HIV-1 isolate PK012 from Pakistan, complete genome
KX232608.1	0	HIV-1 isolate PK015 from Pakistan, complete genome
KX232612.1	0	HIV-1 isolate PK019 from Pakistan, complete genome
KY658718.1	0	HIV-1 isolate DEURF15PK023 from Pakistan, partial genome
KX232617.1	0	HIV-1 isolate PK025 from Pakistan, complete genome
KX232623.1	0	HIV-1 isolate PK033 from Pakistan, complete genome
KX232627.1	0	HIV-1 isolate PK038 from Pakistan, complete genome
KX232629.1	0	HIV-1 isolate PK040 from Pakistan, complete genome
JX500706.1	0	HIV-1 isolate 11RU6939 from Russia, partial genome
KR017777.1	0	HIV-1 isolate BS55 from Cameroon gag protein (gag) gene, complete cds; pol protein (pol) gene, partial cds; and vif protein (vif), vpr protein (vpr), tat protein (tat), rev protein (rev), vpu protein (vpu), envelope glycoprotein (env), and nef protein (nef) genes, complete cds
KU749421.1	0	HIV-1 isolate DEURF10CM024 from Cameroon, partial genome
KR017773.1	0	HIV-1 isolate BS29 from Cameroon gag protein (gag) gene, complete cds; pol protein (pol) gene, partial cds; vif protein (vif), vpr protein (vpr), tat protein (tat), rev protein (rev), and vpu protein (vpu) genes, complete cds; nonfunctional envelope glycoprotein (env) gene, complete sequence; and nef protein (nef) gene, complete cds
KR017772.1	0	HIV-1 isolate BS13 from Cameroon gag protein (gag) gene, complete cds; pol protein (pol) gene, partial cds; and vif protein (vif), vpr protein (vpr), tat protein (tat), rev protein (rev), vpu protein (vpu), envelope glycoprotein (env), and nef protein (nef) genes, complete cds
GQ372986.1	0	HIV-1 isolate ES P1751 from Spain, complete genome
AB231894.1	0	Human immunodeficiency virus 1 proviral DNA, complete genome, isolate: GHNJ176
MN703131.1	0	HIV-1 isolate DEURF14GW036 from Guinea-Bissau, complete genome
KU168266.1	0	HIV-1 isolate LA11ZaCh, complete genome
JX500697.1	0	HIV-1 isolate 11RU6900 from Russia, partial genome
MZ427773.1	0	HIV-1 isolate RU_ERS_3291_2018 from Russia, complete genome
MZ427760.1	0	HIV-1 isolate RU_ERS_3117_2017 from Russia, complete genome
MN485992.1	0	HIV-1 isolate AV from Belgium, complete genome
KT276254.1	0	HIV-1 isolate ARP1194 from Spain gag protein (gag) gene, complete cds; pol protein (pol) gene, partial cds; and vif protein (vif), vpr protein (vpr), tat protein (tat), rev protein (rev), vpu protein (vpu), envelope glycoprotein (env), and nef protein (nef) genes, complete cds
DQ926899.1	0	HIV-1 isolate 99SP-11339 from Spain gag protein (gag) gene, complete cds; pol protein (pol) gene, partial cds; vif protein (vif) and vpr protein (vpr) genes, complete cds; nonfunctional tat protein (tat) gene, complete sequence; and rev protein (rev), vpu protein (vpu), envelope protein (env), and nef protein (nef) genes, complete cds
JN882654.1	0	Human immunodeficiency virus strain URF2 gag protein (gag) gene, complete cds; pol protein (pol) gene, partial cds; and vif protein (vif), vpr protein (vpr), tat protein (tat), rev protein (rev), vpu protein (vpu), env glycoprotein (env), and nef protein (nef) genes, complete cds
JN882653.1	0	Human immunodeficiency virus strain URF1 gag protein (gag) gene, complete cds; pol protein (pol) gene, partial cds; vif protein (vif), vpr protein (vpr), tat protein (tat), rev protein (rev), vpu protein (vpu), and env glycoprotein (env) genes, complete cds; and nef protein (nef) gene, partial cds
AJ276595.1	0	HIV-1 proviral gag gene, pol gene, vif gene, vpr gene, vpu gene, env gene, nef gene, tat gene and rev gene, isolate VI1035, genomic RNA
KU168303.1	0	HIV-1 isolate CM10-10 from Cameroon, complete genome
AB231897.1	0	Human immunodeficiency virus 1 proviral DNA, complete genome, isolate: GHNJ193
AB480044.1	0	Human immunodeficiency virus 1 proviral DNA, complete genome, clone: p03GH194AG09
MZ327288.1	0	HIV-1 isolate RU_ERS_1322_2017 from Russia, complete genome
KR017771.1	0	HIV-1 isolate BS11 from Cameroon gag protein (gag) gene, complete cds; pol protein (pol) gene, partial cds; vif protein (vif), vpr protein (vpr), tat protein (tat), rev protein (rev), and vpu protein (vpu) genes, complete cds; nonfunctional envelope glycoprotein (env) gene, complete sequence; and nef protein (nef) gene, complete cds
JN864057.1	0	HIV-1 isolate LT66 from Cameroon, partial genome
MN486004.1	0	HIV-1 isolate BH from Belgium, complete genome
AJ276596.1	0	HIV-1 proviral gag gene, pol gene, vif gene, vpr gene, vpu gene, env gene, nef gene, tat gene and rev gene, isolate VI1197, genomic RNA
MN153482.1	0	HIV-1 isolate 06CMBDSH13 from Cameroon, complete genome
AB480047.1	0	Human immunodeficiency virus 1 proviral DNA, complete genome, clone: p03GH179AG/G02
MT222940.1	0	HIV-1 isolate DEURF11NG013 from Nigeria, complete genome
U88825.1	0	HIV-1 isolate 92NG003 from Nigeria complete genome
AJ866557.1	0	Human immunodeficiency virus 1 complete genome, isolate 01IC-PCI123
KU310618.1	0	HIV-1 isolate 93AOHDC251 from Angola gag protein (gag) gene, complete cds; pol protein (pol) gene, partial cds; and vif protein (vif), vpr protein (vpr), tat protein (tat), rev protein (rev), vpu protein (vpu), env protein (env), and nef protein (nef) genes, complete cds
KX398187.1	0	HIV-1 isolate YBF282 from Cameroon, partial genome
KY359382.1	0	HIV-1 isolate RBF222 from Cameroon, partial genome
KY995542.1	0	HIV-1 strain RBF243 from France, complete genome
AJ293865.1	0	Human immunodeficiency virus type 1 genome, A/G/J complex recombinant
MH705140.1	0	HIV-1 isolate 814-43 from Cameroon, complete genome
AY535659.1	0	HIV-1 isolate EE0359 from Estonia, complete genome
MN703142.1	0	HIV-1 isolate DEURF15UK005 from United Kingdom, complete genome
ON959790.1	0	HIV-1 isolate 150 from China, complete genome
AY894995.1	0	HIV-1 isolate Cu64 from Cuba gag protein (gag) gene, complete cds; pol protein (pol) gene, partial cds; and vif protein (vif), vpr protein (vpr), tat protein (tat), rev protein (rev), vpu protein (vpu), envelope glycoprotein (env), and nef protein (nef) genes, complete cds
KR017779.1	0	HIV-1 isolate BS72 from Cameroon gag protein (gag) gene, complete cds; pol protein (pol) gene, partial cds; and vif protein (vif), vpr protein (vpr), tat protein (tat), rev protein (rev), vpu protein (vpu), envelope glycoprotein (env), and nef protein (nef) genes, complete cds
FM877779.2	0	HIV-1 M_02CD.LBTB032 proviral complete genome, isolate 02CD.LBTB032
FM877778.1	0	HIV-1 M_97CD.KFE267 proviral complete genome, isolate 97CD.KFE267
FM877783.1	0	HIV-1 M_97CD.MBFE250 proviral complete genome, isolate 97CD.MBFE250
KM606633.1	0	HIV-1 isolate A19 from Estonia gag protein (gag) gene, complete cds; pol protein (pol) gene, partial cds; and vif protein (vif), vpr protein (vpr), tat protein (tat), rev protein (rev), vpu protein (vpu), envelope glycoprotein (env), and nef protein (nef) genes, complete cds
KM606637.1	0	HIV-1 isolate A49 from Estonia gag protein (gag) gene, complete cds; pol protein (pol) gene, partial cds; and vif protein (vif), vpr protein (vpr), tat protein (tat), rev protein (rev), vpu protein (vpu), envelope glycoprotein (env), and nef protein (nef) genes, complete cds
KM606635.1	0	HIV-1 isolate A45 from Estonia gag protein (gag) gene, complete cds; pol protein (pol) gene, partial cds; and vif protein (vif), vpr protein (vpr), tat protein (tat), rev protein (rev), vpu protein (vpu), envelope glycoprotein (env), and nef protein (nef) genes, complete cds
MT369976.1	0	HIV-1 isolate RU_ERS_1096_2016 from Russia, complete genome
MT369981.1	0	HIV-1 isolate RU_ERS_1101_2016 from Russia, complete genome
MT369986.1	0	HIV-1 isolate RU_ERS_1106_2016 from Russia, complete genome
KU749429.1	0	HIV-1 isolate DEURF07KE014 from Kenya, partial genome
KU749427.1	0	HIV-1 isolate DEURF06KE011 from Kenya, partial genome
KC113007.1	0	HIV-1 isolate X2733_2 from Spain gag protein (gag) gene, complete cds; pol protein (pol) gene, partial cds; vif protein (vif), vpr protein (vpr), tat protein (tat), rev protein (rev), and vpu protein (vpu) genes, complete cds; nonfunctional env protein (env) gene, complete sequence; and nef protein (nef) gene, partial cds
KC473836.1	0	HIV-1 isolate DEURF10US008 from USA gag protein (gag) gene, complete cds; pol protein (pol) gene, partial cds; and vif protein (vif), vpr protein (vpr), tat protein (tat), rev protein (rev), vpu protein (vpu), envelope glycoprotein (env), and nef protein (nef) genes, complete cds
MN703144.1	0	HIV-1 isolate DEURF16UK009 from United Kingdom, complete genome
MF614611.1	0	HIV-1 isolate RU_KKV_2015 from Russia, complete genome
MF614615.1	0	HIV-1 isolate RU_ZRS_2015 from Russia, complete genome
MN736708.1	0	HIV-1 isolate Sample68_SI555 from Slovenia gag protein (gag) gene, complete cds; pol protein (pol) gene, partial cds; and vif protein (vif), vpr protein (vpr), tat protein (tat), rev protein (rev), vpu protein (vpu), envelope glycoprotein (env), and nef protein (nef) genes, complete cds
MN989924.1	0	HIV-1 isolate A from Belgium, complete genome
EU220698.1	0	HIV-1 isolate 04CA7750 from Canada, complete genome
DQ083238.1	0	HIV-1 isolate 1579A from India, complete genome
KT175203.1	0	HIV-1 isolate NARI-FLS_IVC3-1.33 from India gag protein (gag) gene, complete cds; nonfunctional pol protein (pol) gene, partial sequence; vif protein (vif), vpr protein (vpr), tat protein (tat), rev protein (rev), and vpu protein (vpu) genes, complete cds; and nonfunctional envelope glycoprotein (env) and nonfunctional nef protein (nef) genes, complete sequence
KC911635.1	0	HIV-1 isolate NARI-FLS_09-387 from India gag protein (gag) gene, complete cds; pol protein (pol) gene, partial cds; and vif protein (vif), vpr protein (vpr), tat protein (tat), rev protein (rev), vpu protein (vpu), envelope glycoprotein (env), and nef protein (nef) genes, complete cds
KY713232.1	0	HIV-1 isolate SC017 from India, partial genome
AF067156.1	0	HIV-1 isolate 21301 from India, complete genome
KT175211.1	0	HIV-1 isolate NARI-FLS_VB27-69 from India gag protein (gag) gene, complete cds; pol protein (pol) gene, partial cds; vif protein (vif), vpr protein (vpr), tat protein (tat), and rev protein (rev) genes, complete cds; nonfunctional vpu protein (vpu) gene, complete sequence; and envelope glycoprotein (env) and nef protein (nef) genes, complete cds
KF716469.1	0	HIV-1 isolate DEURF10KE001 from Kenya gag protein (gag) gene, complete cds; pol protein (pol) gene, partial cds; and vif protein (vif), vpr protein (vpr), tat protein (tat), rev protein (rev), vpu protein (vpu), envelope glycoprotein (env), and nef protein (nef) genes, complete cds
KF716471.1	0	HIV-1 isolate DEURF10KE003 from Kenya gag protein (gag) gene, complete cds; pol protein (pol) gene, partial cds; and vif protein (vif), vpr protein (vpr), tat protein (tat), rev protein (rev), vpu protein (vpu), envelope glycoprotein (env), and nef protein (nef) genes, complete cds
KU749431.1	0	HIV-1 isolate DEURF11KE020 from Kenya, partial genome
MT942736.1	0	HIV-1 isolate 175012_1_TF from Rwanda, complete genome
MT942752.1	0	HIV-1 isolate 175017_1 from Rwanda, complete genome
MT942729.1	0	HIV-1 isolate 175011_1 from Rwanda, complete genome
KU749428.1	0	HIV-1 isolate DEURF06RW006 from Rwanda, partial genome
MT942804.1	0	HIV-1 isolate 175053_4 from Rwanda, complete genome
MT942899.1	0	HIV-1 isolate 175089_1 from Rwanda, complete genome
U88823.1	0	HIV-1 isolate 92rw009 from Rwanda complete genome
KY658699.1	0	HIV-1 isolate DEURF08TZ009 from Tanzania, partial genome
EU110093.1	0	HIV-1 isolate ML2000 from Kenya, complete genome
KU749430.1	0	HIV-1 isolate DEURF08KE018 from Kenya, partial genome
KF716470.1	0	HIV-1 isolate DEURF10KE002 from Kenya gag protein (gag) gene, complete cds; pol protein (pol) gene, partial cds; and vif protein (vif), vpr protein (vpr), tat protein (tat), rev protein (rev), vpu protein (vpu), envelope glycoprotein (env), and nef protein (nef) genes, complete cds
AF075702.1	0	HIV-1 isolate SE8603 from Uganda, complete genome
MW006062.1	0	HIV-1 isolate 193006 from Uganda, complete genome
KF716489.1	0	HIV-1 isolate DEURF10UG007 from Uganda gag protein (gag) gene, complete cds; pol protein (pol) gene, partial cds; and vif protein (vif), vpr protein (vpr), tat protein (tat), rev protein (rev), vpu protein (vpu), envelope glycoprotein (env), and nef protein (nef) genes, complete cds
OP039439.1	0	UNVERIFIED: HIV-1 isolate 002356 from Uganda genomic sequence
OP039415.1	0	UNVERIFIED: HIV-1 isolate 2090 from Uganda genomic sequence
AF411964.1	0	HIV-1 isolate 99ZACM4 from South Africa, complete genome
EU110096.1	0	HIV-1 isolate ML1979PCR from Kenya, complete genome
MN486043.1	0	HIV-1 isolate CU from Belgium, complete genome
KU168311.1	0	HIV-1 isolate CMN05-5 from Cameroon, complete genome
DQ912822.1	0	HIV-1 isolate FSA from Denmark, complete genome
DQ912823.1	0	HIV-1 isolate MA from Denmark, complete genome
EU110090.1	0	HIV-1 isolate ML1974 from Kenya, complete genome
KF716468.1	0	HIV-1 isolate DEURF09KE002 from Kenya gag protein (gag) gene, complete cds; pol protein (pol) gene, partial cds; and vif protein (vif), vpr protein (vpr), tat protein (tat), rev protein (rev), vpu protein (vpu), envelope glycoprotein (env), and nef protein (nef) genes, complete cds
KP174771.1	0	HIV-1 isolate DEURF09KE004 from Kenya gag protein (gag) gene, complete cds; pol protein (pol) gene, partial cds; and vif protein (vif), vpr protein (vpr), tat protein (tat), rev protein (rev), vpu protein (vpu), envelope glycoprotein (env), and nef protein (nef) genes, complete cds
AF075701.1	0	HIV-1 isolate SE6954 from Uganda, complete genome
KY658698.1	0	HIV-1 isolate DEURF08TZ006 from Tanzania, partial genome
AF442569.2	0	HIV-1 clone TZBFL0011 from Tanzania, partial genome
AF442570.2	0	HIV-1 clone TZBFL0088 from Tanzania, partial genome
AF442566.2	0	HIV-1 clone TZBFL0086 from Tanzania, partial genome
MW006077.1	0	HIV-1 isolate 270015 from Uganda, complete genome
MW006053.1	0	HIV-1 isolate 191696 from Uganda, complete genome
MW006055.1	0	HIV-1 isolate 191955 from Uganda, complete genome
MW006060.1	0	HIV-1 isolate 193004 from Uganda, complete genome
JX236674.1	0	HIV-1 isolate p191947 from Uganda gag protein (gag) gene, complete cds; pol protein (pol) gene, partial cds; and vif protein (vif), vpr protein (vpr), tat protein (tat), rev protein (rev), vpu protein (vpu), envelope glycoprotein (env), and nef protein (nef) genes, complete cds
MW006052.1	0	HIV-1 isolate 191639 from Uganda, complete genome
MW006054.1	0	HIV-1 isolate 191923 from Uganda, complete genome
MW006056.1	0	HIV-1 isolate 191996 from Uganda, complete genome
MW006057.1	0	HIV-1 isolate 191997 from Uganda, complete genome
MW006059.1	0	HIV-1 isolate 192023 from Uganda, complete genome
MW006079.1	0	HIV-1 isolate 275026 from Uganda, complete genome
MW006080.1	0	HIV-1 isolate 275027 from Uganda, complete genome
JX236675.1	0	HIV-1 isolate p191982 from Uganda gag protein (gag) gene, complete cds; pol protein (pol) gene, partial cds; vif protein (vif) and vpr protein (vpr) genes, complete cds; nonfunctional tat protein (tat) gene, complete sequence; and rev protein (rev), vpu protein (vpu), envelope glycoprotein (env), and nef protein (nef) genes, complete cds
MW006063.1	0	HIV-1 isolate 193008 from Uganda, complete genome
MW006064.1	0	HIV-1 isolate 194020 from Uganda, complete genome
MW006067.1	0	HIV-1 isolate 194140 from Uganda, complete genome
MW006070.1	0	HIV-1 isolate 194319 from Uganda, complete genome
MW006071.1	0	HIV-1 isolate 194346 from Uganda, complete genome
KF716481.1	0	HIV-1 isolate DEURF09UG004 from Uganda gag protein (gag) gene, complete cds; pol protein (pol) gene, partial cds; and vif protein (vif), vpr protein (vpr), tat protein (tat), rev protein (rev), vpu protein (vpu), envelope glycoprotein (env), and nef protein (nef) genes, complete cds
KF859747.1	0	HIV-1 isolate DEURF09UG005 from Uganda gag protein (gag) gene, complete cds; pol protein (pol) gene, partial cds; vif protein (vif), vpr protein (vpr), tat protein (tat), rev protein (rev), vpu protein (vpu), and envelope glycoprotein (env) genes, complete cds; and nonfunctional nef protein (nef) gene, complete sequence
KP109491.1	0	HIV-1 isolate DEURF09UG014 from Uganda gag protein (gag) gene, complete cds; pol protein (pol) gene, partial cds; and vif protein (vif), vpr protein (vpr), tat protein (tat), rev protein (rev), vpu protein (vpu), envelope glycoprotein (env), and nef protein (nef) genes, complete cds
KP109492.1	0	HIV-1 isolate DEURF09UG015 from Uganda gag protein (gag) gene, complete cds; pol protein (pol) gene, partial cds; and vif protein (vif), vpr protein (vpr), tat protein (tat), rev protein (rev), vpu protein (vpu), envelope glycoprotein (env), and nef protein (nef) genes, complete cds
MW006066.1	0	HIV-1 isolate 194065 from Uganda, complete genome
MW006074.1	0	HIV-1 isolate 194584 from Uganda, complete genome
MW006075.1	0	HIV-1 isolate 194603 from Uganda, complete genome
KF716487.1	0	HIV-1 isolate DEURF10UG005 from Uganda gag protein (gag) gene, complete cds; pol protein (pol) gene, partial cds; and vif protein (vif), vpr protein (vpr), tat protein (tat), rev protein (rev), vpu protein (vpu), envelope glycoprotein (env), and nef protein (nef) genes, complete cds
KF716490.1	0	HIV-1 isolate DEURF10UG008 from Uganda gag protein (gag) gene, complete cds; pol protein (pol) gene, partial cds; and vif protein (vif), vpr protein (vpr), tat protein (tat), rev protein (rev), vpu protein (vpu), envelope glycoprotein (env), and nef protein (nef) genes, complete cds
KP109493.1	0	HIV-1 isolate DEURF10UG016 from Uganda gag protein (gag) gene, complete cds; pol protein (pol) gene, partial cds; and vif protein (vif), vpr protein (vpr), tat protein (tat), rev protein (rev), vpu protein (vpu), envelope glycoprotein (env), and nef protein (nef) genes, complete cds
KP109497.1	0	HIV-1 isolate DEURF11UG002 from Uganda gag protein (gag) gene, complete cds; pol protein (pol) gene, partial cds; and vif protein (vif), vpr protein (vpr), tat protein (tat), rev protein (rev), vpu protein (vpu), envelope glycoprotein (env), and nef protein (nef) genes, complete cds
KF716484.1	0	HIV-1 isolate DEURF11UG004 from Uganda gag protein (gag) gene, complete cds; pol protein (pol) gene, partial cds; and vif protein (vif), vpr protein (vpr), tat protein (tat), rev protein (rev), vpu protein (vpu), envelope glycoprotein (env), and nef protein (nef) genes, complete cds
KF716485.1	0	HIV-1 isolate DEURF11UG006 from Uganda gag protein (gag) gene, complete cds; pol protein (pol) gene, partial cds; and vif protein (vif), vpr protein (vpr), tat protein (tat), rev protein (rev), vpu protein (vpu), envelope glycoprotein (env), and nef protein (nef) genes, complete cds
OP039440.1	0	UNVERIFIED: HIV-1 isolate 002358 from Uganda genomic sequence
OP039461.1	0	UNVERIFIED: HIV-1 isolate 002390 from Uganda genomic sequence
OP039463.1	0	UNVERIFIED: HIV-1 isolate 002394 from Uganda genomic sequence
OP039464.1	0	UNVERIFIED: HIV-1 isolate 002395 from Uganda genomic sequence
OP039480.1	0	UNVERIFIED: HIV-1 isolate 002421 from Uganda genomic sequence
OP039487.1	0	UNVERIFIED: HIV-1 isolate 002431 from Uganda genomic sequence
OP039396.1	0	UNVERIFIED: HIV-1 isolate 2047 from Uganda genomic sequence
OP039399.1	0	UNVERIFIED: HIV-1 isolate 2053 from Uganda genomic sequence
OP039401.1	0	UNVERIFIED: HIV-1 isolate 2055 from Uganda genomic sequence
OP039410.1	0	UNVERIFIED: HIV-1 isolate 2081 from Uganda genomic sequence
OP039417.1	0	UNVERIFIED: HIV-1 isolate 2098 from Uganda genomic sequence
OP039425.1	0	UNVERIFIED: HIV-1 isolate 2110 from Uganda genomic sequence
AY352657.1	0	HIV-1 isolate UG266 from Uganda, complete genome
KC473845.1	0	HIV-1 isolate DEURF09GQ001 from Spain nonfunctional gag protein (gag) gene, complete sequence; nonfunctional pol protein (pol) gene, partial sequence; vif protein (vif) and vpr protein (vpr) genes, complete cds; nonfunctional tat protein (tat) gene, complete sequence; and rev protein (rev), vpu protein (vpu), envelope glycoprotein (env), and nef protein (nef) genes, complete cds
AJ237565.1	0	Human immunodeficiency virus type 1 complete genome, strain 97NOGIL3
X04415.1	0	Human lymphadenopathy virus (MAL isolate), complete genome
KU168306.1	0	HIV-1 isolate CM62-15 from Cameroon, complete genome
KY392771.1	0	HIV-1 isolate CG-0378-02V from Democratic Republic of the Congo, complete genome
AF076474.1	0	HIV-1 isolate VI354 from Gabon, complete genome
KP718927.1	0	HIV-1 isolate 867-10 from Cameroon, complete genome
KP718933.1	0	HIV-1 isolate CHU2727 from Cameroon, complete genome
KP718919.1	0	HIV-1 isolate 280-10 from Cameroon, complete genome
KY359380.1	0	HIV-1 isolate BCF212 from Cameroon, partial genome
KY359381.1	0	HIV-1 isolate RBF237 from Cameroon, partial genome
AF411965.1	0	HIV-1 isolate 98ZADu178 from South Africa, complete genome
U86780.1	0	HIV-1 clone ZAM184-5.6 from Zambia, complete genome
EU110089.1	0	HIV-1 isolate ML1956 from Kenya, complete genome
MN486039.1	0	HIV-1 isolate CQ from Belgium, complete genome
MN989927.1	0	HIV-1 isolate D from Belgium, complete genome
MT222950.1	0	HIV-1 isolate DEURF14RU010 from Russia, complete genome
MT318156.1	0	HIV-1 isolate RU_ERS_542_2015 from Russia, complete genome
OP056072.1	0	HIV-1 isolate KRS64-2 from Russia, complete genome
MN486016.1	0	HIV-1 isolate BT from Belgium, complete genome
AY322191.1	0	HIV-1 isolate ML672-3-1997 from Kenya, complete genome
DQ093606.1	0	HIV-1 isolate 04ZAPS204B1 from South Africa, complete genome
MH705161.1	0	HIV-1 isolate 50 from Democratic Republic of the Congo, complete genome
MH705142.1	0	HIV-1 isolate 770-8 from Cameroon, complete genome
MT222938.1	0	HIV-1 isolate DEURF15CM057 from Cameroon, complete genome
MH705159.1	0	HIV-1 isolate PBS0724 from Democratic Republic of the Congo, complete genome
MH705135.1	0	HIV-1 isolate PBS1342 from Democratic Republic of the Congo, complete genome
AY968312.1	0	HIV-1 isolate ARE195FL from Argentina, complete genome
GQ365651.1	0	HIV-1 isolate 01.BR.RGS45 from Brazil, complete genome
GQ365649.1	0	HIV-1 isolate 02.BR.HF31 from Brazil, complete genome
GQ365650.1	0	HIV-1 isolate 05.BR.NSP24 from Brazil, complete genome
JN692478.1	0	UNVERIFIED: HIV-1 isolate 06BR1114 from Brazil gag protein gene, complete cds; pol protein gene, partial cds; and vif protein, vpr protein, envelope glycoprotein, and nef protein genes, complete cds
KC596068.1	0	HIV-1 isolate DEURF07BR002 from Brazil gag protein (gag) gene, complete cds; pol protein (pol) gene, partial cds; vif protein (vif), vpr protein (vpr), tat protein (tat), rev protein (rev), vpu protein (vpu), and envelope glycoprotein (env) genes, complete cds; and nonfunctional nef protein (nef) gene, complete sequence
KJ849795.1	0	HIV-1 isolate 10BR_PE018 from Brazil gag protein (gag), pol protein (pol), vif protein (vif), vpr protein (vpr), tat protein (tat), rev protein (rev), vpu protein (vpu), and envelope glycoprotein (env) genes, complete cds; and nef protein (nef) gene, partial cds
KT427760.1	0	UNVERIFIED: HIV-1 isolate 10BR_RJ091 from Brazil genomic sequence
HM100716.1	0	HIV-1 isolate 92BR023 from Brazil, complete genome
KF835521.1	0	HIV-1 isolate 07CNYN335 from China gag protein (gag) gene, complete cds; pol protein (pol) gene, partial cds; and vif protein (vif), vpr protein (vpr), tat protein (tat), rev protein (rev), vpu protein (vpu), envelope glycoprotein (env), and nef protein (nef) genes, complete cds
KF835525.1	0	HIV-1 isolate 07CNYN339 from China gag protein (gag) gene, complete cds; pol protein (pol) gene, partial cds; and vif protein (vif), vpr protein (vpr), tat protein (tat), rev protein (rev), vpu protein (vpu), envelope glycoprotein (env), and nef protein (nef) genes, complete cds
KF835526.1	0	HIV-1 isolate 07CNYN340 from China gag protein (gag) gene, complete cds; pol protein (pol) gene, partial cds; and vif protein (vif), vpr protein (vpr), tat protein (tat), rev protein (rev), vpu protein (vpu), envelope glycoprotein (env), and nef protein (nef) genes, complete cds
KF835539.1	0	HIV-1 isolate 07CNYN360 from China gag protein (gag) gene, complete cds; pol protein (pol) gene, partial cds; and vif protein (vif), vpr protein (vpr), tat protein (tat), rev protein (rev), vpu protein (vpu), envelope glycoprotein (env), and nef protein (nef) genes, complete cds
KF835540.1	0	HIV-1 isolate 07CNYN361 from China gag protein (gag) gene, complete cds; pol protein (pol) gene, partial cds; and vif protein (vif), vpr protein (vpr), tat protein (tat), rev protein (rev), vpu protein (vpu), envelope glycoprotein (env), and nef protein (nef) genes, complete cds
KF835544.1	0	HIV-1 isolate 07CNYN367 from China gag protein (gag) gene, complete cds; pol protein (pol) gene, partial cds; and vif protein (vif), vpr protein (vpr), tat protein (tat), rev protein (rev), vpu protein (vpu), envelope glycoprotein (env), and nef protein (nef) genes, complete cds
HM776938.1	0	HIV-1 clone 309 from China, complete genome
KF250381.1	0	HIV-1 isolate cq070084 from China gag protein (gag) gene, complete cds; pol protein (pol) gene, partial cds; vif protein (vif), vpr protein (vpr), and tat protein (tat) genes, complete cds; nonfunctional rev protein (rev) gene, complete sequence; vpu protein (vpu) gene, complete cds; nonfunctional env protein (env) gene, complete sequence; and nef protein (nef) gene, complete cds
KF250382.1	0	HIV-1 isolate gd070112 from China gag protein (gag) gene, complete cds; pol protein (pol) gene, partial cds; vif protein (vif), vpr protein (vpr), and tat protein (tat) genes, complete cds; nonfunctional rev protein (rev) gene, complete sequence; and vpu protein (vpu), envelope glycoprotein (env), and nef protein (nef) genes, complete cds
KF250397.1	0	HIV-1 isolate DH04 from China gag protein (gag) gene, complete cds; pol protein (pol) gene, partial cds; and vif protein (vif), vpr protein (vpr), tat protein (tat), rev protein (rev), vpu protein (vpu), envelope glycoprotein (env), and nef protein (nef) genes, complete cds
KF250399.1	0	HIV-1 isolate DH15 from China gag protein (gag) gene, complete cds; pol protein (pol) gene, partial cds; and vif protein (vif), vpr protein (vpr), tat protein (tat), rev protein (rev), vpu protein (vpu), envelope glycoprotein (env), and nef protein (nef) genes, complete cds
KF011493.1	0	HIV-1 isolate JL100091 from China gag protein (gag) gene, complete cds; pol protein (pol) gene, partial cds; and vif protein (vif), vpr protein (vpr), tat protein (tat), rev protein (rev), vpu protein (vpu), envelope glycoprotein (env), and nef protein (nef) genes, complete cds
KF250405.1	0	HIV-1 isolate DH23 from China gag protein (gag) gene, complete cds; nonfunctional pol protein (pol) gene, partial sequence; nonfunctional vif protein (vif) gene, complete sequence; vpr protein (vpr), tat protein (tat), rev protein (rev), vpu protein (vpu), and envelope glycoprotein (env) genes, complete cds; and nef protein (nef) gene, partial cds
KF250406.1	0	HIV-1 isolate DH24 from China gag protein (gag) gene, complete cds; pol protein (pol) gene, partial cds; and vif protein (vif), vpr protein (vpr), tat protein (tat), rev protein (rev), vpu protein (vpu), envelope glycoprotein (env), and nef protein (nef) genes, complete cds
KF250410.1	0	HIV-1 isolate DH36 from China gag protein (gag) gene, complete cds; pol protein (pol) gene, partial cds; and vif protein (vif), vpr protein (vpr), tat protein (tat), rev protein (rev), vpu protein (vpu), envelope glycoprotein (env), and nef protein (nef) genes, complete cds
KU886698.1	0	HIV-1 isolate XC2014EU20 from China, partial genome
MK792287.1	0	HIV-1 isolate 2015YL02 from China, partial genome
MG742702.1	0	HIV-1 isolate SN153 from China, partial genome
MK792288.1	0	HIV-1 isolate 2018YL07 from China, partial genome
MW145181.1	0	HIV-1 isolate BC.CN.2018.ZLQ01186 from China, complete genome
MK792289.1	0	HIV-1 isolate SN18015 from China, partial genome
EU000514.1	0	HIV-1 isolate INDNARI-0218440 clone 3 from India, complete genome
EU000511.1	0	HIV-1 isolate INDNARI-0218437 clone 3 from India, complete genome
EU000508.1	0	HIV-1 isolate INDNARI-0218436 clone 3 from India, complete genome
EU000516.1	0	HIV-1 isolate INDNARI-9917796 clone 2 from India, complete genome
AB097873.1	0	Human immunodeficiency virus 1 proviral DNA, nearly complete genome, isolate:mIDU103
MT635156.1	0	HIV-1 isolate VN_135 from Viet Nam, complete genome
KJ849787.1	0	HIV-1 isolate 10BR_MG010 from Brazil gag protein (gag), pol protein (pol), vif protein (vif), vpr protein (vpr), tat protein (tat), rev protein (rev), vpu protein (vpu), envelope glycoprotein (env), and nef protein (nef) genes, complete cds
KT427793.1	0	UNVERIFIED: HIV-1 isolate 10BR_RJ001 from Brazil genomic sequence
KY496623.1	0	HIV-1 isolate 100 119 from Spain, partial genome
KY658687.1	0	HIV-1 isolate DEURF12AR009 from Argentina, partial genome
MH078535.1	0	HIV-1 isolate DEURF14AR011 from Argentina, partial genome
MN486031.1	0	HIV-1 isolate CI from Belgium, complete genome
DQ085875.1	0	HIV-1 isolate BREPM13853 from Brazil, complete genome
DQ358799.1	0	HIV-1 isolate 01BR042 from Brazil, complete genome
DQ358800.1	0	HIV-1 isolate 01BR047 from Brazil, complete genome
DQ358803.1	0	HIV-1 isolate 01BR226 from Brazil, complete genome
DQ358804.1	0	HIV-1 isolate 01BR323 from Brazil, complete genome
DQ358806.1	0	HIV-1 isolate 02BR005 from Brazil, complete genome
DQ358807.1	0	HIV-1 isolate 02BR006 from Brazil, complete genome
DQ358812.1	0	HIV-1 isolate 02BR034 from Brazil, complete genome
JN692437.1	0	UNVERIFIED: HIV-1 isolate 02BR2028 from Brazil gag protein gene, complete cds; pol protein gene, partial cds; and vif protein, vpr protein, vpu protein, envelope glycoprotein, and nef protein genes, complete cds
MG365770.1	0	HIV-1 isolate 02BRRJSB167 from Brazil, complete genome
JN692449.1	0	UNVERIFIED: HIV-1 isolate 03BR2018 from Brazil gag protein gene, complete cds; pol protein gene, partial cds; and vif protein, vpr protein, vpu protein, envelope glycoprotein, and nef protein genes, complete cds
JN692448.1	0	UNVERIFIED: HIV-1 isolate 03BR2019 from Brazil gag protein gene, complete cds; pol protein gene, partial cds; and vif protein, vpr protein, vpu protein, envelope glycoprotein, and nef protein genes, complete cds
EF637055.1	0	HIV-1 isolate BREPM1026 from Brazil, complete genome
MH938678.1	0	HIV-1 isolate BRGOMI744 from Brazil, complete genome
JN692456.1	0	UNVERIFIED: HIV-1 isolate 04BR1067 from Brazil gag protein gene, complete cds; pol protein gene, partial cds; and vif protein, vpr protein, vpu protein, envelope glycoprotein, and nef protein genes, complete cds
JF804805.1	0	HIV-1 isolate 0008SP from Brazil, complete genome
JF804810.1	0	HIV-1 isolate 0632SV from Brazil, complete genome
HM026455.1	0	HIV-1 isolate 06BR_FPS561 from Brazil, complete genome
MG365769.1	0	HIV-1 isolate 09BRRJRDS205 from Brazil, complete genome
MH938677.1	0	HIV-1 isolate BRMT1319 from Brazil, complete genome
KJ671533.1	0	HIV-1 isolate 10BR_MG003 from Brazil, partial genome
KT427679.1	0	UNVERIFIED: HIV-1 isolate 10BR_MG030 from Brazil genomic sequence
KJ849802.1	0	HIV-1 isolate 10BR_MG034 from Brazil gag protein (gag), pol protein (pol), vif protein (vif), vpr protein (vpr), tat protein (tat), rev protein (rev), vpu protein (vpu), envelope glycoprotein (env), and nef protein (nef) genes, complete cds
KT427746.1	0	UNVERIFIED: HIV-1 isolate 10BR_PE005 from Brazil genomic sequence
KT427722.1	0	UNVERIFIED: HIV-1 isolate 10BR_PE043 from Brazil genomic sequence
KJ849768.1	0	HIV-1 isolate 10BR_PE059 from Brazil gag protein (gag), pol protein (pol), vif protein (vif), vpr protein (vpr), tat protein (tat), rev protein (rev), vpu protein (vpu), envelope glycoprotein (env), and nef protein (nef) genes, complete cds
KT427710.1	0	UNVERIFIED: HIV-1 isolate 10BR_PE069 from Brazil genomic sequence
KT427705.1	0	UNVERIFIED: HIV-1 isolate 10BR_PE078 from Brazil genomic sequence
KJ849774.1	0	HIV-1 isolate 10BR_PE086 from Brazil gag protein (gag), pol protein (pol), vif protein (vif), vpr protein (vpr), tat protein (tat), rev protein (rev), vpu protein (vpu), and envelope glycoprotein (env) genes, complete cds; and nef protein (nef) gene, partial cds
KT427698.1	0	UNVERIFIED: HIV-1 isolate 10BR_PE099 from Brazil genomic sequence
KT427649.1	0	UNVERIFIED: HIV-1 isolate 10BR_RJ012 from Brazil genomic sequence
KT427789.1	0	UNVERIFIED: HIV-1 isolate 10BR_RJ014 from Brazil genomic sequence
KT427782.1	0	UNVERIFIED: HIV-1 isolate 10BR_RJ029 from Brazil genomic sequence
KT427780.1	0	UNVERIFIED: HIV-1 isolate 10BR_RJ031 from Brazil genomic sequence
KT427779.1	0	UNVERIFIED: HIV-1 isolate 10BR_RJ036 from Brazil genomic sequence
KJ849813.1	0	HIV-1 isolate 10BR_RJ053 from Brazil gag protein (gag), pol protein (pol), vif protein (vif), vpr protein (vpr), tat protein (tat), rev protein (rev), and envelope glycoprotein (env) genes, complete cds; and nef protein (nef) gene, partial cds
KT427651.1	0	UNVERIFIED: HIV-1 isolate 10BR_RJ075 from Brazil genomic sequence
KT427758.1	0	UNVERIFIED: HIV-1 isolate 10BR_RJ094 from Brazil genomic sequence
KT427825.1	0	UNVERIFIED: HIV-1 isolate 10BR_SP010 from Brazil genomic sequence
KT427823.1	0	UNVERIFIED: HIV-1 isolate 10BR_SP013 from Brazil genomic sequence
KJ849794.1	0	HIV-1 isolate 10BR_SP017 from Brazil gag protein (gag), pol protein (pol), vif protein (vif), vpr protein (vpr), tat protein (tat), rev protein (rev), vpu protein (vpu), envelope glycoprotein (env), and nef protein (nef) genes, complete cds
KT427820.1	0	UNVERIFIED: HIV-1 isolate 10BR_SP018 from Brazil genomic sequence
KT427809.1	0	UNVERIFIED: HIV-1 isolate 10BR_SP035 from Brazil genomic sequence
KT427807.1	0	UNVERIFIED: HIV-1 isolate 10BR_SP037 from Brazil genomic sequence
KT427801.1	0	UNVERIFIED: HIV-1 isolate 10BR_SP054 from Brazil genomic sequence
KT427795.1	0	UNVERIFIED: HIV-1 isolate 10BR_SP068 from Brazil genomic sequence
MK041577.1	0	HIV-1 clone 17HI_ABCD from Brazil gag-pol protein (gag-pol), gag protein (gag), vif protein (vif), vpr protein (vpr), tat protein (tat), rev protein (rev), vpu protein (vpu), envelope glycoprotein (env), and nef protein (nef) genes, complete cds
MG571986.1	0	HIV-1 clone HIV11 from Brazil, complete genome
MG572011.1	0	HIV-1 clone HIV32 from Brazil, complete genome
MG365765.1	0	HIV-1 isolate 99BRRJSB067 from Brazil, complete genome
AY771588.1	0	HIV-1 isolate BREPM107 from Brazil, complete genome
AY771589.1	0	HIV-1 isolate BREPM108 from Brazil, complete genome
DQ085869.1	0	HIV-1 isolate BREPM11931 from Brazil, complete genome
KU749408.1	0	HIV-1 isolate DEURF08ES008 from Spain, partial genome
GQ372989.1	0	HIV-1 isolate ES X2524-2 from Spain, complete genome
FJ853621.1	0	HIV-1 isolate ES X2432-2 (URF BF1) from Spain, complete genome
JX140661.1	0	HIV-1 isolate DEMBF09ES006 from Spain nonfunctional gag protein (gag) gene, complete sequence; pol protein (pol) gene, partial cds; vif protein (vif) and vpr protein (vpr) genes, complete cds; nonfunctional tat protein (tat) gene, complete sequence; and rev protein (rev), vpu protein (vpu), envelope glycoprotein (env), and nef protein (nef) genes, complete cds
MK095230.1	0	HIV-1 isolate UNASS_1127284800827368 from Spain, complete genome
KT276259.1	0	HIV-1 isolate ARP1199 from Spain gag protein (gag) gene, complete cds; pol protein (pol) gene, partial cds; and vif protein (vif), vpr protein (vpr), tat protein (tat), rev protein (rev), vpu protein (vpu), envelope glycoprotein (env), and nef protein (nef) genes, complete cds
KT276271.1	0	HIV-1 isolate ARP1212 from Spain gag protein (gag) gene, complete cds; pol protein (pol) gene, partial cds; and vif protein (vif), vpr protein (vpr), tat protein (tat), rev protein (rev), vpu protein (vpu), envelope glycoprotein (env), and nef protein (nef) genes, complete cds
MN703141.1	0	HIV-1 isolate DEURF15UK004 from United Kingdom, complete genome
GU595148.1	0	HIV-1 isolate 30638 from Italy, complete genome
GU595150.1	0	HIV-1 isolate 57954 from Italy, complete genome
GU595151.1	0	HIV-1 isolate 59211 from Italy, complete genome
GU595152.1	0	HIV-1 isolate 83166 from Italy, complete genome
GU595153.1	0	HIV-1 isolate 89072 from Italy, complete genome
AB480298.1	0	Human immunodeficiency virus 1 proviral DNA, complete genome, clone: p04JPDR6082F18
AB480300.1	0	Human immunodeficiency virus 1 proviral DNA, complete genome, clone: p04JPDR6190F75
AB253430.1	0	Human immunodeficiency virus 1 proviral DNA, complete genome, clone: pJPDR0769BF3
OM203639.1	0	UNVERIFIED: HIV-1 isolate 05-SN-WK24-PL2-K2 from USA genomic sequence
GU207884.1	0	HIV-1 isolate MO108 from Macau, complete genome
AY586546.1	0	HIV-1 isolate Cu100 from Cuba, complete genome
MK095228.1	0	HIV-1 isolate UNASS_0037629497702682 from Spain, complete genome
MZ427748.1	0	HIV-1 isolate RU_ERS_250_2012 from Russia, complete genome
MF614609.1	0	HIV-1 isolate RU_KNCh_2014 from Russia, complete genome
MF614608.1	0	HIV-1 isolate RU_VDL_2014 from Russia, complete genome
MZ427752.1	0	HIV-1 isolate RU_ERS_2990_2015 from Russia, complete genome
MF614612.1	0	HIV-1 isolate RU_KAE_2015 from Russia, complete genome
MF614614.1	0	HIV-1 isolate RU_ChTS_2016 from Russia, complete genome
MF614613.1	0	HIV-1 isolate RU_MSA_2016 from Russia, complete genome
MZ327289.1	0	HIV-1 isolate RU_ERS_2685_2017 from Russia, complete genome
MZ427711.1	0	HIV-1 isolate RU_ERS_2180_2018 from Russia, complete genome
MZ327292.1	0	HIV-1 isolate RU_ERS_2748_2018 from Russia, complete genome
MZ427737.1	0	HIV-1 isolate RU_ERS_3729_2019 from Russia, complete genome
MZ427742.1	0	HIV-1 isolate RU_ERS_3752_2019 from Russia, complete genome
EU110086.1	0	HIV-1 isolate ML1076 from Kenya, complete genome
KY112292.1	0	HIV-1 isolate CH492.PL.031108.A2.7 from Malawi gag protein (gag) gene, complete cds; pol protein (pol) gene, partial cds; and vif protein (vif), vpr protein (vpr), tat protein (tat), rev protein (rev), vpu protein (vpu), envelope glycoprotein (env), and nef protein (nef) genes, complete cds
KF716473.1	0	HIV-1 isolate DEURF11RW001 from Rwanda gag protein (gag) gene, complete cds; pol protein (pol) gene, partial cds; and vif protein (vif), vpr protein (vpr), tat protein (tat), rev protein (rev), vpu protein (vpu), envelope glycoprotein (env), and nef protein (nef) genes, complete cds
KU749397.1	0	HIV-1 isolate DEURF07BR043 from Brazil, partial genome
KT427818.1	0	UNVERIFIED: HIV-1 isolate 10BR_SP023 from Brazil genomic sequence
KY392768.1	0	HIV-1 isolate CG-0373-02V from Democratic Republic of the Congo, complete genome
AB286849.1	0	Human immunodeficiency virus 1 proviral DNA, complete genome, clone: p04JPDR5782C12
KU749418.1	0	HIV-1 isolate DEURF13ZA135 from South Africa, partial genome
MN485986.1	0	HIV-1 isolate AP from Belgium, complete genome
FJ670527.1	0	HIV-1 strain ES X963-4 from Spain, complete genome
KP718916.1	0	HIV-1 isolate 876-14 from Cameroon, complete genome
DQ054367.2	0	HIV-1 isolate 04KBH8 from South Korea, complete genome
KX579838.1	0	HIV-1 isolate YBF274 from Cameroon, partial genome
MN337382.1	0	HIV-1 isolate RBF235 from France, complete genome
KY392770.1	0	HIV-1 isolate CG-0349-02 from Democratic Republic of the Congo, complete genome
GQ290462.1	0	HIV-1 isolate D88_845 from Russia, complete genome
KY359384.1	0	HIV-1 isolate RBF240 from Cameroon, partial genome
HM215251.1	0	HIV-1 isolate TV749 from Canada, complete genome
HM215249.1	0	HIV-1 isolate TV721 from Canada, complete genome
KY392780.1	0	HIV-1 isolate CG-0066-01 from Democratic Republic of the Congo, complete genome
KY392773.1	0	HIV-1 isolate CG-0059-01 from Democratic Republic of the Congo, complete genome
KY392775.1	0	HIV-1 isolate CG-0575-02 from Democratic Republic of the Congo, complete genome
AB485665.1	0	Human immunodeficiency virus 1 proviral DNA, complete genome, clone: pPRD320-17H13
MN153492.1	0	HIV-1 isolate 06CMACR076 from Cameroon, complete genome
KP718920.1	0	HIV-1 isolate 469-66 from Cameroon, complete genome
MN153489.1	0	HIV-1 isolate 08CMARC092 from Cameroon, complete genome
JX140679.1	0	HIV-1 isolate DEURF10DZ001 from Spain nonfunctional gag protein (gag) gene, complete sequence; pol protein (pol) gene, partial cds; vif protein (vif), vpr protein (vpr), and tat protein (tat) genes, complete cds; nonfunctional rev protein (rev) and nonfunctional vpu protein (vpu) genes, complete sequence; envelope glycoprotein (env) gene, complete cds; and nonfunctional nef protein (nef) gene, complete sequence
MK095236.1	0	HIV-1 isolate UNASS_8117949075453494 from Spain, complete genome
AY046058.1	0	HIV-l from Greece, complete genome
MH078559.1	0	HIV-1 isolate DEURF11NG011 from Nigeria, partial genome
EF029066.1	0	HIV-1 isolate U.NL.95.H10986_D1 from Netherlands, complete genome
MN736701.1	0	HIV-1 isolate Sample34_SI300 from Slovenia gag protein (gag) gene, complete cds; pol protein (pol) gene, partial cds; and vif protein (vif), vpr protein (vpr), tat protein (tat), rev protein (rev), vpu protein (vpu), envelope glycoprotein (env), and nef protein (nef) genes, complete cds
MH705148.1	0	HIV-1 isolate 296 from Cameroon, complete genome
KY112585.1	0	HIV-1 isolate RBF206 from France, complete genome
AY532635.1	0	HIV-1 isolate 02CM-DJO0131 from Cameroon, complete genome
DQ017382.1	0	HIV-1 isolate 04CM-1015-04 from Cameroon, complete genome
DQ017383.1	0	HIV-1 isolate 04CM-1131-03 from Cameroon, complete genome
MF767262.1	0	HIV-1 isolate 14003718 from Cameroon, complete genome
KY498771.1	0	HIV-1 isolate S4858 from Cameroon, complete genome
AJ006022.1	0	Human immunodeficiency virus type 1 complete proviral genome
AJ271370.1	0	Human immunodeficiency virus type 1 complete proviral genome, strain CM_YBF106
JN572926.1	0	HIV-1 isolate N1.FR.2011 from France gag protein (gag) gene, complete cds; pol protein (pol) gene, partial cds; vif protein (vif), vpr protein (vpr), and tat protein (tat) genes, complete cds; nonfunctional rev protein (rev) gene, complete sequence; and vpu protein (vpu), envelope glycoprotein (env), and nef protein (nef) genes, complete cds
KY953207.1	0	HIV-1 isolate DEPXXFR006 from France, partial genome
AY169968.1	0	Simian immunodeficiency virus isolate SIVcpzCAM13, complete genome
EF535993.1	0	Simian immunodeficiency virus isolate SIVcpzDP943, complete genome
DQ373065.1	0	Simian immunodeficiency virus isolate SIVcpzEK505, complete genome
DQ373064.1	0	Simian immunodeficiency virus isolate SIVcpzLB7, complete genome
DQ373063.1	0	Simian immunodeficiency virus isolate SIVcpzMB66, complete genome
EF535994.1	0	Simian immunodeficiency virus isolate SIVcpzMB897, complete genome
DQ373066.1	0	Simian immunodeficiency virus isolate SIVcpzMT145, complete genome
FR686511.1	0	SIVcpz proviral complete genome, isolate Ptt-09Cam155
AF115393.1	0	Simian immunodeficiency virus strain SIVcpz, complete genome
AJ271369.1	0	Simian immunodeficiency virus complete proviral genome, strain SIVCPZ CAM5
X52154.1	0	Chimpanzee immunodeficieny virus (CIV) (SIV(cpz)) genome
AF103818.1	0	Simian immunodeficiency virus strain US, complete genome
FJ424871.1	0	Simian immunodeficiency virus isolate SIVgorCP684con, complete genome
